2026-07-09 00:07:45,125 [INFO] Activator:176 - 


2026-07-09 00:07:45,127 [INFO] Activator:177 - !SESSION log4j initialized
2026-07-09 00:07:59,762 [INFO] LogOutputStream:77 - [STDOUT_REDIRECT] 
2026-07-09 00:08:40,330 [INFO] ApplicationProperties:184 - Using Application install path: C:\ST\STM32CubeIDE_1.19.0\STM32CubeIDE\plugins\com.st.stm32cube.common.mx_6.15.0.202507011659
2026-07-09 00:08:40,371 [INFO] DbMcusXml:78 - Set database path to: C:\ST\STM32CubeIDE_1.19.0\STM32CubeIDE\plugins\com.st.stm32cube.common.mx_6.15.0.202507011659\\db\/mcu/
2026-07-09 00:08:40,372 [INFO] ApiDb:274 - Set plugin database path to: C:\ST\STM32CubeIDE_1.19.0\STM32CubeIDE\plugins\com.st.stm32cube.common.mx_6.15.0.202507011659\\db\/plugins/boardmanager/
2026-07-09 00:08:40,375 [WARN] ApiDb:259 - Overriding images path with different value:  => C:\ST\STM32CubeIDE_1.19.0\STM32CubeIDE\plugins\com.st.stm32cube.common.mx_6.15.0.202507011659\\db\/plugins/mcufinder/images/
2026-07-09 00:08:44,708 [WARN] ApiFinderProperties:113 - C:\Users\Samiran\.stmcufinder\plugins\mcufinder\mcu\mcuFinder.mfd doesn't exist
2026-07-09 00:08:44,710 [INFO] ApiDb:250 - Set database path to: C:\Users\Samiran\.stmcufinder\plugins\mcufinder//mcu/
2026-07-09 00:08:44,751 [INFO] DbMcusAds:125 - Set database path to: C:\Users\Samiran\.stmcufinder\plugins\mcufinder//mcu/
2026-07-09 00:08:45,227 [INFO] CrossReferenceDbSqlite:203 - Set database path to: C:\Users\Samiran\.stmcufinder\plugins\mcufinder//mcu/cs/
2026-07-09 00:08:45,557 [INFO] RulesReader:64 - Compatibility file has been processed (317 Rules)
2026-07-09 00:08:45,803 [INFO] DbMcusXml:78 - Set database path to: C:\ST\STM32CubeIDE_1.19.0\STM32CubeIDE\plugins\com.st.stm32cube.common.mx_6.15.0.202507011659\\db\/mcu/
2026-07-09 00:08:45,804 [INFO] ApiDb:274 - Set plugin database path to: C:\ST\STM32CubeIDE_1.19.0\STM32CubeIDE\plugins\com.st.stm32cube.common.mx_6.15.0.202507011659\\db\/plugins/boardmanager/
2026-07-09 00:08:45,805 [INFO] ApiDb:261 - Set plugin images path to: C:\ST\STM32CubeIDE_1.19.0\STM32CubeIDE\plugins\com.st.stm32cube.common.mx_6.15.0.202507011659\\db\/plugins/mcufinder/images/
2026-07-09 00:08:45,808 [WARN] DbFile:41 - Overriding database path with different value: C:\Users\Samiran\.stmcufinder\plugins\mcufinder/ => C:\Users\Samiran\.stmcufinder\plugins\mcufinder
2026-07-09 00:08:45,809 [INFO] ApiDb:250 - Set database path to: C:\Users\Samiran\.stmcufinder\plugins\mcufinder//mcu/
2026-07-09 00:08:45,809 [WARN] DbFile:41 - Overriding database path with different value: C:\Users\Samiran\.stmcufinder\plugins\mcufinder/ => C:\Users\Samiran\.stmcufinder\plugins\mcufinder
2026-07-09 00:08:45,809 [INFO] DbMcusAds:125 - Set database path to: C:\Users\Samiran\.stmcufinder\plugins\mcufinder//mcu/
2026-07-09 00:08:45,809 [WARN] DbFile:41 - Overriding database path with different value: C:\Users\Samiran\.stmcufinder\plugins\mcufinder/ => C:\Users\Samiran\.stmcufinder\plugins\mcufinder
2026-07-09 00:08:45,809 [WARN] DbFile:41 - Overriding database path with different value: C:\Users\Samiran\.stmcufinder\plugins\mcufinder/ => C:\Users\Samiran\.stmcufinder\plugins\mcufinder
2026-07-09 00:08:45,810 [INFO] CrossReferenceDbSqlite:203 - Set database path to: C:\Users\Samiran\.stmcufinder\plugins\mcufinder//mcu/cs/
2026-07-09 00:08:46,061 [INFO] MainPanel:274 - HeapMemory: 273678336
2026-07-09 00:08:46,757 [INFO] DbMcusXml:78 - Set database path to: C:\ST\STM32CubeIDE_1.19.0\STM32CubeIDE\plugins\com.st.stm32cube.common.mx_6.15.0.202507011659\\db\/mcu/
2026-07-09 00:08:46,757 [INFO] ApiDb:274 - Set plugin database path to: C:\ST\STM32CubeIDE_1.19.0\STM32CubeIDE\plugins\com.st.stm32cube.common.mx_6.15.0.202507011659\\db\/plugins/boardmanager/
2026-07-09 00:08:46,758 [INFO] ApiDb:261 - Set plugin images path to: C:\ST\STM32CubeIDE_1.19.0\STM32CubeIDE\plugins\com.st.stm32cube.common.mx_6.15.0.202507011659\\db\/plugins/mcufinder/images/
2026-07-09 00:08:46,759 [WARN] DbFile:41 - Overriding database path with different value: C:\Users\Samiran\.stmcufinder\plugins\mcufinder/ => C:\Users\Samiran\.stmcufinder\plugins\mcufinder
2026-07-09 00:08:46,760 [INFO] ApiDb:250 - Set database path to: C:\Users\Samiran\.stmcufinder\plugins\mcufinder//mcu/
2026-07-09 00:08:46,760 [WARN] DbFile:41 - Overriding database path with different value: C:\Users\Samiran\.stmcufinder\plugins\mcufinder/ => C:\Users\Samiran\.stmcufinder\plugins\mcufinder
2026-07-09 00:08:46,760 [INFO] DbMcusAds:125 - Set database path to: C:\Users\Samiran\.stmcufinder\plugins\mcufinder//mcu/
2026-07-09 00:08:46,760 [WARN] DbFile:41 - Overriding database path with different value: C:\Users\Samiran\.stmcufinder\plugins\mcufinder/ => C:\Users\Samiran\.stmcufinder\plugins\mcufinder
2026-07-09 00:08:46,760 [WARN] DbFile:41 - Overriding database path with different value: C:\Users\Samiran\.stmcufinder\plugins\mcufinder/ => C:\Users\Samiran\.stmcufinder\plugins\mcufinder
2026-07-09 00:08:46,760 [INFO] CrossReferenceDbSqlite:203 - Set database path to: C:\Users\Samiran\.stmcufinder\plugins\mcufinder//mcu/cs/
2026-07-09 00:08:46,812 [INFO] ApplicationProperties:184 - Using Application install path: C:\ST\STM32CubeIDE_1.19.0\STM32CubeIDE\plugins\com.st.stm32cube.common.mx_6.15.0.202507011659
2026-07-09 00:08:46,814 [INFO] PluginManage:196 - Search for loadable plugins [exclusion list=, ]
2026-07-09 00:08:46,824 [INFO] PluginManage:310 - Check plugin analytics
2026-07-09 00:08:47,545 [INFO] AnalyticsPlugin:253 - Accepted Software Licenses: 
2026-07-09 00:08:47,546 [INFO] AnalyticsPlugin:255 - Accepted CMSIS Pack Licenses: 
2026-07-09 00:08:47,546 [INFO] AnalyticsPlugin:257 - Accepted Firmware Licenses: 
2026-07-09 00:08:47,550 [INFO] PluginManage:359 - Loaded plugin analytics (category:tool,tabindex:-1)
2026-07-09 00:08:47,551 [INFO] PluginManage:310 - Check plugin cadmodel
2026-07-09 00:08:47,581 [INFO] CADModel:105 - Init CAD model plugin
2026-07-09 00:08:47,581 [INFO] PluginManage:359 - Loaded plugin cadmodel (category:power,tabindex:5)
2026-07-09 00:08:47,581 [INFO] PluginManage:310 - Check plugin clock
2026-07-09 00:08:47,624 [INFO] PluginManage:359 - Loaded plugin clock (category:base,tabindex:2)
2026-07-09 00:08:47,625 [INFO] PluginManage:310 - Check plugin ddr
2026-07-09 00:08:47,631 [INFO] PluginManage:359 - Loaded plugin ddr (category:tool,tabindex:6)
2026-07-09 00:08:47,631 [INFO] PluginManage:310 - Check plugin filemanager
2026-07-09 00:08:48,084 [INFO] PluginManage:359 - Loaded plugin filemanager (category:base,tabindex:10)
2026-07-09 00:08:48,084 [INFO] PluginManage:310 - Check plugin ipmanager
2026-07-09 00:08:48,149 [INFO] PluginManage:359 - Loaded plugin ipmanager (category:base,tabindex:5)
2026-07-09 00:08:48,150 [INFO] PluginManage:310 - Check plugin lpbam
2026-07-09 00:08:48,492 [INFO] PluginManage:359 - Loaded plugin lpbam (category:base,tabindex:0)
2026-07-09 00:08:48,493 [INFO] PluginManage:310 - Check plugin memorymap
2026-07-09 00:08:48,629 [INFO] PluginManage:359 - Loaded plugin memorymap (category:base,tabindex:4)
2026-07-09 00:08:48,629 [INFO] PluginManage:310 - Check plugin pinoutandconfiguration
2026-07-09 00:08:48,677 [INFO] PluginManage:359 - Loaded plugin pinoutandconfiguration (category:base,tabindex:1)
2026-07-09 00:08:48,677 [INFO] PluginManage:310 - Check plugin pinoutconfig
2026-07-09 00:08:48,940 [WARN] SupportedApi:132 - Cannot load RTOS API schema: s4s-elt-must-match.1: The content of 'definitions' must match (annotation?, (simpleType | complexType)?, (unique | key | keyref)*)). A problem was found starting at: attribute.
2026-07-09 00:08:49,500 [INFO] PluginManage:359 - Loaded plugin pinoutconfig (category:base,tabindex:0)
2026-07-09 00:08:49,500 [INFO] PluginManage:310 - Check plugin power
2026-07-09 00:08:49,582 [INFO] PluginManage:359 - Loaded plugin power (category:power,tabindex:4)
2026-07-09 00:08:49,583 [INFO] PluginManage:310 - Check plugin projectmanager
2026-07-09 00:08:49,684 [INFO] PluginManage:359 - Loaded plugin projectmanager (category:projectmanager,tabindex:4)
2026-07-09 00:08:49,685 [INFO] PluginManage:310 - Check plugin rif
2026-07-09 00:08:49,733 [INFO] PluginManage:359 - Loaded plugin rif (category:base,tabindex:3)
2026-07-09 00:08:49,733 [INFO] PluginManage:310 - Check plugin thirdparty
2026-07-09 00:08:50,974 [INFO] PluginManage:359 - Loaded plugin thirdparty (category:base,tabindex:-1)
2026-07-09 00:08:50,976 [INFO] PluginManage:310 - Check plugin tools
2026-07-09 00:08:50,981 [WARN] IntegrityCheckThread:84 - waiting for thirdparty lock release [integrity check]
2026-07-09 00:08:50,986 [INFO] IntegrityCheckThread:86 - entering critical section [integrity check]
2026-07-09 00:08:50,988 [INFO] ThirdPartyUpdaterWithRetryManager:70 - Updater plugin not ready yet. [1/15]
2026-07-09 00:08:51,081 [INFO] PluginManage:359 - Loaded plugin tools (category:base,tabindex:7)
2026-07-09 00:08:51,081 [INFO] PluginManage:310 - Check plugin tutovideos
2026-07-09 00:08:51,761 [INFO] PluginManage:359 - Loaded plugin tutovideos (category:base,tabindex:-1)
2026-07-09 00:08:51,762 [INFO] PluginManage:310 - Check plugin updater
2026-07-09 00:08:51,810 [INFO] PluginManage:359 - Loaded plugin updater (category:base,tabindex:12)
2026-07-09 00:08:51,810 [INFO] PluginManage:310 - Check plugin userauth
2026-07-09 00:08:51,820 [INFO] UserAuth:118 - Init User Auth plugin
2026-07-09 00:08:51,821 [INFO] PluginManage:359 - Loaded plugin userauth (category:base,tabindex:14)
2026-07-09 00:08:51,824 [INFO] PluginManage:283 - PluginManage : Loaded plugins [18]
2026-07-09 00:08:52,414 [INFO] PinOutPanel:1589 - setPackage(No Configuration,No Configuration)
2026-07-09 00:08:52,640 [INFO] CADModel:165 - CPN selected for project level
2026-07-09 00:08:52,640 [INFO] CADModel:114 - Register for checkConnection events
2026-07-09 00:08:52,710 [INFO] IPUIPlugin:80 - create IPUIPlugin
2026-07-09 00:08:52,710 [INFO] PluginManager:220 - loadIPPluginJar : add adc
2026-07-09 00:08:52,821 [INFO] IPUIPlugin:80 - create IPUIPlugin
2026-07-09 00:08:52,822 [INFO] PluginManager:220 - loadIPPluginJar : add aes
2026-07-09 00:08:53,070 [INFO] IPUIPlugin:80 - create IPUIPlugin
2026-07-09 00:08:53,070 [INFO] PluginManager:220 - loadIPPluginJar : add can
2026-07-09 00:08:53,182 [INFO] IPUIPlugin:80 - create IPUIPlugin
2026-07-09 00:08:53,187 [INFO] PluginManager:220 - loadIPPluginJar : add comp
2026-07-09 00:08:53,291 [INFO] IPUIPlugin:80 - create IPUIPlugin
2026-07-09 00:08:53,291 [INFO] PluginManager:220 - loadIPPluginJar : add cryp
2026-07-09 00:08:53,325 [INFO] IPUIPlugin:80 - create IPUIPlugin
2026-07-09 00:08:53,325 [INFO] PluginManager:220 - loadIPPluginJar : add ddr_ctrl_phy
2026-07-09 00:08:53,408 [INFO] IPUIPlugin:80 - create IPUIPlugin
2026-07-09 00:08:53,409 [INFO] PluginManager:220 - loadIPPluginJar : add dfsdm
2026-07-09 00:08:53,446 [INFO] IPUIPlugin:80 - create IPUIPlugin
2026-07-09 00:08:53,448 [INFO] PluginManager:220 - loadIPPluginJar : add dma
2026-07-09 00:08:53,555 [INFO] IPUIPlugin:80 - create IPUIPlugin
2026-07-09 00:08:53,555 [INFO] PluginManager:220 - loadIPPluginJar : add dma3
2026-07-09 00:08:53,694 [INFO] IPUIPlugin:80 - create IPUIPlugin
2026-07-09 00:08:53,694 [INFO] PluginManager:220 - loadIPPluginJar : add extmemmanager
2026-07-09 00:08:53,759 [INFO] IPUIPlugin:80 - create IPUIPlugin
2026-07-09 00:08:53,760 [INFO] PluginManager:220 - loadIPPluginJar : add fatfs
2026-07-09 00:08:53,888 [INFO] IPUIPlugin:80 - create IPUIPlugin
2026-07-09 00:08:53,888 [INFO] PluginManager:220 - loadIPPluginJar : add fmc
2026-07-09 00:08:53,922 [INFO] IPUIPlugin:80 - create IPUIPlugin
2026-07-09 00:08:53,923 [INFO] PluginManager:220 - loadIPPluginJar : add freertos
2026-07-09 00:08:53,981 [INFO] IPUIPlugin:80 - create IPUIPlugin
2026-07-09 00:08:53,983 [INFO] PluginManager:220 - loadIPPluginJar : add genericplugin
2026-07-09 00:08:54,020 [INFO] ThirdPartyUpdaterWithRetryManager:70 - Updater plugin not ready yet. [2/15]
2026-07-09 00:08:54,356 [INFO] IPUIPlugin:80 - create IPUIPlugin
2026-07-09 00:08:54,356 [INFO] PluginManager:220 - loadIPPluginJar : add gfxmmu
2026-07-09 00:08:54,695 [INFO] IPUIPlugin:80 - create IPUIPlugin
2026-07-09 00:08:54,696 [INFO] PluginManager:220 - loadIPPluginJar : add gic
2026-07-09 00:08:54,743 [INFO] IPUIPlugin:80 - create IPUIPlugin
2026-07-09 00:08:54,744 [INFO] PluginManager:220 - loadIPPluginJar : add gpio
2026-07-09 00:08:55,181 [INFO] IPUIPlugin:80 - create IPUIPlugin
2026-07-09 00:08:55,181 [INFO] PluginManager:220 - loadIPPluginJar : add gtzc
2026-07-09 00:08:55,331 [INFO] IPUIPlugin:80 - create IPUIPlugin
2026-07-09 00:08:55,332 [INFO] PluginManager:220 - loadIPPluginJar : add hash
2026-07-09 00:08:55,508 [INFO] IPUIPlugin:80 - create IPUIPlugin
2026-07-09 00:08:55,508 [INFO] PluginManager:220 - loadIPPluginJar : add i2c
2026-07-09 00:08:55,639 [INFO] IPUIPlugin:80 - create IPUIPlugin
2026-07-09 00:08:55,639 [INFO] PluginManager:220 - loadIPPluginJar : add i2s
2026-07-09 00:08:55,756 [INFO] IPUIPlugin:80 - create IPUIPlugin
2026-07-09 00:08:55,756 [INFO] PluginManager:220 - loadIPPluginJar : add i3c
2026-07-09 00:08:56,019 [INFO] IPUIPlugin:80 - create IPUIPlugin
2026-07-09 00:08:56,020 [INFO] PluginManager:220 - loadIPPluginJar : add ipddr
2026-07-09 00:08:56,270 [INFO] IPUIPlugin:80 - create IPUIPlugin
2026-07-09 00:08:56,270 [INFO] PluginManager:220 - loadIPPluginJar : add linkedlist
2026-07-09 00:08:56,357 [INFO] IPUIPlugin:80 - create IPUIPlugin
2026-07-09 00:08:56,357 [INFO] PluginManager:220 - loadIPPluginJar : add lorawan
2026-07-09 00:08:56,461 [INFO] IPUIPlugin:80 - create IPUIPlugin
2026-07-09 00:08:56,462 [INFO] PluginManager:220 - loadIPPluginJar : add ltdc
2026-07-09 00:08:56,493 [INFO] IPUIPlugin:80 - create IPUIPlugin
2026-07-09 00:08:56,494 [INFO] PluginManager:220 - loadIPPluginJar : add mdma
2026-07-09 00:08:56,521 [INFO] IPUIPlugin:80 - create IPUIPlugin
2026-07-09 00:08:56,521 [INFO] PluginManager:220 - loadIPPluginJar : add nvic
2026-07-09 00:08:56,627 [INFO] IPUIPlugin:80 - create IPUIPlugin
2026-07-09 00:08:56,627 [INFO] PluginManager:220 - loadIPPluginJar : add opamp
2026-07-09 00:08:56,842 [INFO] IPUIPlugin:80 - create IPUIPlugin
2026-07-09 00:08:56,842 [INFO] PluginManager:220 - loadIPPluginJar : add openamp
2026-07-09 00:08:56,962 [INFO] IPUIPlugin:80 - create IPUIPlugin
2026-07-09 00:08:56,963 [INFO] PluginManager:220 - loadIPPluginJar : add pdm2pcm
2026-07-09 00:08:56,997 [INFO] IPUIPlugin:80 - create IPUIPlugin
2026-07-09 00:08:57,003 [INFO] PluginManager:220 - loadIPPluginJar : add plateformsettings
2026-07-09 00:08:57,025 [INFO] ThirdPartyUpdaterWithRetryManager:70 - Updater plugin not ready yet. [3/15]
2026-07-09 00:08:57,066 [INFO] IPUIPlugin:80 - create IPUIPlugin
2026-07-09 00:08:57,067 [INFO] PluginManager:220 - loadIPPluginJar : add quadspi
2026-07-09 00:08:57,132 [INFO] IPUIPlugin:80 - create IPUIPlugin
2026-07-09 00:08:57,135 [INFO] PluginManager:220 - loadIPPluginJar : add radio
2026-07-09 00:08:57,157 [INFO] IPUIPlugin:80 - create IPUIPlugin
2026-07-09 00:08:57,157 [INFO] PluginManager:220 - loadIPPluginJar : add resmgrutility
2026-07-09 00:08:57,270 [INFO] IPUIPlugin:80 - create IPUIPlugin
2026-07-09 00:08:57,270 [INFO] PluginManager:220 - loadIPPluginJar : add sai
2026-07-09 00:08:57,364 [INFO] IPUIPlugin:80 - create IPUIPlugin
2026-07-09 00:08:57,364 [INFO] PluginManager:220 - loadIPPluginJar : add spi
2026-07-09 00:08:57,541 [INFO] IPUIPlugin:80 - create IPUIPlugin
2026-07-09 00:08:57,541 [INFO] PluginManager:220 - loadIPPluginJar : add stm32_wpan
2026-07-09 00:08:57,585 [INFO] IPUIPlugin:80 - create IPUIPlugin
2026-07-09 00:08:57,586 [INFO] PluginManager:220 - loadIPPluginJar : add tim
2026-07-09 00:08:57,697 [INFO] IPUIPlugin:80 - create IPUIPlugin
2026-07-09 00:08:57,698 [INFO] PluginManager:220 - loadIPPluginJar : add touchsensing
2026-07-09 00:08:57,743 [INFO] IPUIPlugin:80 - create IPUIPlugin
2026-07-09 00:08:57,743 [INFO] PluginManager:220 - loadIPPluginJar : add tracer_emb
2026-07-09 00:08:57,782 [INFO] IPUIPlugin:80 - create IPUIPlugin
2026-07-09 00:08:57,782 [INFO] PluginManager:220 - loadIPPluginJar : add ts
2026-07-09 00:08:57,822 [INFO] IPUIPlugin:80 - create IPUIPlugin
2026-07-09 00:08:57,823 [INFO] PluginManager:220 - loadIPPluginJar : add tsc
2026-07-09 00:08:57,863 [INFO] IPUIPlugin:80 - create IPUIPlugin
2026-07-09 00:08:57,863 [INFO] PluginManager:220 - loadIPPluginJar : add ucpd
2026-07-09 00:08:57,939 [INFO] IPUIPlugin:80 - create IPUIPlugin
2026-07-09 00:08:57,940 [INFO] PluginManager:220 - loadIPPluginJar : add usart
2026-07-09 00:08:58,013 [INFO] IPUIPlugin:80 - create IPUIPlugin
2026-07-09 00:08:58,014 [INFO] PluginManager:220 - loadIPPluginJar : add usbx
2026-07-09 00:08:58,197 [FATAL] Updater:351 - Updater called before beeing initialized
2026-07-09 00:08:58,252 [INFO] RulesReader:64 - Compatibility file has been processed (317 Rules)
2026-07-09 00:08:58,264 [INFO] RulesReader:64 - Compatibility file has been processed (317 Rules)
2026-07-09 00:08:58,287 [INFO] CADModel:165 - CPN selected for project level
2026-07-09 00:08:58,287 [INFO] CADModel:114 - Register for checkConnection events
2026-07-09 00:08:58,287 [FATAL] Updater:351 - Updater called before beeing initialized
2026-07-09 00:08:58,287 [ERROR] CADModel:125 - Updater not yet initialized, retry later 
2026-07-09 00:08:58,575 [FATAL] Updater:351 - Updater called before beeing initialized
2026-07-09 00:08:58,581 [INFO] CADModel:165 - CPN selected for project level
2026-07-09 00:08:58,581 [INFO] CADModel:114 - Register for checkConnection events
2026-07-09 00:08:58,581 [FATAL] Updater:351 - Updater called before beeing initialized
2026-07-09 00:08:58,581 [ERROR] CADModel:125 - Updater not yet initialized, retry later 
2026-07-09 00:08:58,588 [FATAL] Updater:351 - Updater called before beeing initialized
2026-07-09 00:08:58,808 [FATAL] Updater:351 - Updater called before beeing initialized
2026-07-09 00:08:58,819 [INFO] DbMcusAds:53 - JSON generation date=Thu Sep 30 12:25:09 IST 2021 (1632984909247)
2026-07-09 00:08:58,819 [FATAL] Updater:351 - Updater called before beeing initialized
2026-07-09 00:08:59,002 [WARN] DetailPanel:346 - Failed to get advertising image, set to default
2026-07-09 00:08:59,104 [FATAL] Updater:351 - Updater called before beeing initialized
2026-07-09 00:08:59,106 [FATAL] Updater:351 - Updater called before beeing initialized
2026-07-09 00:08:59,106 [FATAL] Updater:351 - Updater called before beeing initialized
2026-07-09 00:08:59,106 [WARN] DetailPanel:346 - Failed to get advertising image, set to default
2026-07-09 00:08:59,107 [FATAL] Updater:351 - Updater called before beeing initialized
2026-07-09 00:08:59,224 [ERROR] Updater:1198 - MainUpdater not yet initialized. External WinMGr cannot be set.
2026-07-09 00:08:59,246 [INFO] Updater:1134 - Updater Version found : 6.15.0
2026-07-09 00:08:59,278 [INFO] ApplicationProperties:184 - Using Application install path: C:\ST\STM32CubeIDE_1.19.0\STM32CubeIDE\plugins\com.st.stm32cube.common.mx_6.15.0.202507011659
2026-07-09 00:09:00,025 [INFO] ThirdPartyUpdaterWithRetryManager:70 - Updater plugin not ready yet. [4/15]
2026-07-09 00:09:00,872 [ERROR] LogOutputStream:75 - [STDERR_REDIRECT] Jul 09, 2026 12:09:00 AM java.util.prefs.WindowsPreferences <init>
2026-07-09 00:09:00,874 [ERROR] LogOutputStream:75 - [STDERR_REDIRECT] WARNING: Could not open/create prefs root node Software\JavaSoft\Prefs at root 0xffffffff80000002. Windows RegCreateKeyEx(...) returned error code 5.
2026-07-09 00:09:00,874 [ERROR] LogOutputStream:75 - [STDERR_REDIRECT] 
2026-07-09 00:09:00,919 [INFO] MainUpdater:525 - Copy updater definitions from MX database
2026-07-09 00:09:00,986 [INFO] MainUpdater:558 - Copy flag file definitions from MX database
2026-07-09 00:09:00,990 [INFO] MainUpdater:574 - Copy thirdparty index definitions from MX database
2026-07-09 00:09:00,994 [INFO] MainUpdater:593 - Copy default thirdparty db definitions from MX database
2026-07-09 00:09:01,653 [INFO] MainUpdater:2872 - connection check result : 10
2026-07-09 00:09:01,655 [INFO] MainUpdater:3604 - Updater definition file requires update
2026-07-09 00:09:01,657 [INFO] MainUpdater:289 - Updater Check For Update Now.
2026-07-09 00:09:01,657 [INFO] MicroXplorer:498 - Change Database Version : DB.6.0.150
2026-07-09 00:09:01,689 [INFO] McuFinderGlobals:63 - Set McuFinder mode to 2 (CubeIDE integrated)
2026-07-09 00:09:01,690 [INFO] UserAuth:171 - activating auth plugin
2026-07-09 00:09:01,696 [INFO] UserAuth:487 - Internet connection configuration mode: 1
2026-07-09 00:09:01,762 [INFO] JxBrowserEngine:152 - Initiate JxBrowser Engine with user profile folder
2026-07-09 00:09:01,947 [INFO] ServerAccessManage:452 - Complete download http(s) 200
2026-07-09 00:09:01,950 [INFO] ServerAccessManage:509 - Download File updaters.zip
2026-07-09 00:09:02,429 [INFO] FileExtend:248 - Unzip File : updaters.zip
2026-07-09 00:09:02,429 [INFO] FileExtend:263 - Standard Zip Deflate
2026-07-09 00:09:03,155 [WARN] MainUpdater:1193 - Updater busy. Cannot search thirdparties
2026-07-09 00:09:03,155 [INFO] ThirdPartyUpdaterWithRetryManager:96 - Updater plugin is busy. [1/15]
2026-07-09 00:09:05,885 [INFO] ServerAccessManage:452 - Complete download http(s) 200
2026-07-09 00:09:05,886 [INFO] ServerAccessManage:509 - Download File PacksControlFlags.xml
2026-07-09 00:09:06,157 [WARN] MainUpdater:1193 - Updater busy. Cannot search thirdparties
2026-07-09 00:09:06,157 [INFO] ThirdPartyUpdaterWithRetryManager:96 - Updater plugin is busy. [2/15]
2026-07-09 00:09:06,192 [INFO] ServerAccessManage:452 - Complete download http(s) 200
2026-07-09 00:09:06,192 [INFO] ServerAccessManage:509 - Download File cubemx.pidx
2026-07-09 00:09:06,977 [INFO] ServerAccessManage:452 - Complete download http(s) 200
2026-07-09 00:09:06,977 [INFO] ServerAccessManage:509 - Download File STMicroelectronics.FP-ATR-ASTRA1.pdsc
2026-07-09 00:09:07,908 [INFO] ServerAccessManage:452 - Complete download http(s) 200
2026-07-09 00:09:07,909 [INFO] ServerAccessManage:509 - Download File STMicroelectronics.FP-ATR-SIGFOX1.pdsc
2026-07-09 00:09:08,233 [INFO] ServerAccessManage:452 - Complete download http(s) 200
2026-07-09 00:09:08,234 [INFO] ServerAccessManage:509 - Download File STMicroelectronics.FP-SNS-STBOX1.pdsc
2026-07-09 00:09:08,728 [INFO] ServerAccessManage:452 - Complete download http(s) 200
2026-07-09 00:09:08,729 [INFO] ServerAccessManage:509 - Download File STMicroelectronics.FP-SNS-FLIGHT1.pdsc
2026-07-09 00:09:09,159 [WARN] MainUpdater:1193 - Updater busy. Cannot search thirdparties
2026-07-09 00:09:09,159 [INFO] ThirdPartyUpdaterWithRetryManager:96 - Updater plugin is busy. [3/15]
2026-07-09 00:09:09,726 [INFO] ServerAccessManage:452 - Complete download http(s) 200
2026-07-09 00:09:09,727 [INFO] ServerAccessManage:509 - Download File STMicroelectronics.FP-SNS-MOTENV1.pdsc
2026-07-09 00:09:10,716 [INFO] ServerAccessManage:452 - Complete download http(s) 200
2026-07-09 00:09:10,717 [INFO] ServerAccessManage:509 - Download File STMicroelectronics.FP-SNS-MOTENVWB1.pdsc
2026-07-09 00:09:11,492 [INFO] ServerAccessManage:452 - Complete download http(s) 200
2026-07-09 00:09:11,492 [INFO] ServerAccessManage:509 - Download File STMicroelectronics.FP-SNS-SMARTAG2.pdsc
2026-07-09 00:09:11,951 [INFO] ServerAccessManage:452 - Complete download http(s) 200
2026-07-09 00:09:11,951 [INFO] ServerAccessManage:509 - Download File STMicroelectronics.FP-SNS-STAIOTCFT.pdsc
2026-07-09 00:09:12,160 [WARN] MainUpdater:1193 - Updater busy. Cannot search thirdparties
2026-07-09 00:09:12,160 [INFO] ThirdPartyUpdaterWithRetryManager:96 - Updater plugin is busy. [4/15]
2026-07-09 00:09:12,462 [INFO] ServerAccessManage:452 - Complete download http(s) 200
2026-07-09 00:09:12,463 [INFO] ServerAccessManage:509 - Download File STMicroelectronics.X-CUBE-AI.pdsc
2026-07-09 00:09:15,164 [WARN] MainUpdater:1193 - Updater busy. Cannot search thirdparties
2026-07-09 00:09:15,165 [INFO] ThirdPartyUpdaterWithRetryManager:96 - Updater plugin is busy. [5/15]
2026-07-09 00:09:15,843 [INFO] ServerAccessManage:452 - Complete download http(s) 200
2026-07-09 00:09:15,843 [INFO] ServerAccessManage:509 - Download File STMicroelectronics.X-CUBE-ALS.pdsc
2026-07-09 00:09:16,450 [INFO] ServerAccessManage:452 - Complete download http(s) 200
2026-07-09 00:09:16,451 [INFO] ServerAccessManage:509 - Download File STMicroelectronics.X-CUBE-BLE1.pdsc
2026-07-09 00:09:18,166 [WARN] MainUpdater:1193 - Updater busy. Cannot search thirdparties
2026-07-09 00:09:18,167 [INFO] ThirdPartyUpdaterWithRetryManager:96 - Updater plugin is busy. [6/15]
2026-07-09 00:09:19,069 [ERROR] ServerAccessManage:1212 - Problem, file not found on Server
2026-07-09 00:09:19,259 [INFO] ServerAccessManage:452 - Complete download http(s) 200
2026-07-09 00:09:19,260 [INFO] ServerAccessManage:509 - Download File STMicroelectronics.X-CUBE-BLE2.pdsc
2026-07-09 00:09:19,558 [INFO] WebApp:169 - Instantiating new browser for Auth
2026-07-09 00:09:20,947 [INFO] ServerAccessManage:452 - Complete download http(s) 200
2026-07-09 00:09:20,947 [INFO] ServerAccessManage:509 - Download File STMicroelectronics.X-CUBE-BLEMGR.pdsc
2026-07-09 00:09:21,168 [WARN] MainUpdater:1193 - Updater busy. Cannot search thirdparties
2026-07-09 00:09:21,168 [INFO] ThirdPartyUpdaterWithRetryManager:96 - Updater plugin is busy. [7/15]
2026-07-09 00:09:21,482 [INFO] WebApp:463 - Apply proxy settings
2026-07-09 00:09:21,484 [INFO] WebApp:548 - Chromium requires no authentication
2026-07-09 00:09:21,503 [INFO] WebApp:491 - Direct internet connection detected
2026-07-09 00:09:21,555 [INFO] WebApp:900 - Register for checkConnection events
2026-07-09 00:09:21,556 [INFO] WebApp:463 - Apply proxy settings
2026-07-09 00:09:21,556 [INFO] WebApp:548 - Chromium requires no authentication
2026-07-09 00:09:21,557 [INFO] WebApp:491 - Direct internet connection detected
2026-07-09 00:09:21,982 [INFO] WebApp:225 - Starting web application
2026-07-09 00:09:21,983 [INFO] WebApp:593 - Web application path used C:\ST\STM32CubeIDE_1.19.0\STM32CubeIDE\plugins\com.st.stm32cube.common.mx_6.15.0.202507011659\db\plugins\mcufinder\reactClient1\index.html
2026-07-09 00:09:22,047 [ERROR] ServerAccessManage:1212 - Problem, file not found on Server
2026-07-09 00:09:22,682 [INFO] WebApp:191 - Connection restablished
2026-07-09 00:09:23,602 [INFO] ServerAccessManage:452 - Complete download http(s) 200
2026-07-09 00:09:23,602 [INFO] ServerAccessManage:509 - Download File STMicroelectronics.X-CUBE-DISPLAY.pdsc
2026-07-09 00:09:24,170 [WARN] MainUpdater:1193 - Updater busy. Cannot search thirdparties
2026-07-09 00:09:24,170 [INFO] ThirdPartyUpdaterWithRetryManager:96 - Updater plugin is busy. [8/15]
2026-07-09 00:09:24,996 [INFO] ServerAccessManage:452 - Complete download http(s) 200
2026-07-09 00:09:24,996 [INFO] ServerAccessManage:509 - Download File STMicroelectronics.X-CUBE-DPOWER.pdsc
2026-07-09 00:09:26,021 [ERROR] ServerAccessManage:1212 - Problem, file not found on Server
2026-07-09 00:09:26,601 [ERROR] ServerAccessManage:1212 - Problem, file not found on Server
2026-07-09 00:09:27,171 [WARN] MainUpdater:1193 - Updater busy. Cannot search thirdparties
2026-07-09 00:09:27,171 [INFO] ThirdPartyUpdaterWithRetryManager:96 - Updater plugin is busy. [9/15]
2026-07-09 00:09:27,787 [ERROR] ServerAccessManage:1212 - Problem, file not found on Server
2026-07-09 00:09:28,044 [ERROR] LogOutputStream:75 - [STDERR_REDIRECT] [Fatal Error] :1:1: Premature end of file.
2026-07-09 00:09:28,044 [ERROR] LogOutputStream:75 - [STDERR_REDIRECT] 
2026-07-09 00:09:28,157 [ERROR] LogOutputStream:75 - [STDERR_REDIRECT] [Fatal Error] :1:1: Premature end of file.
2026-07-09 00:09:28,157 [ERROR] LogOutputStream:75 - [STDERR_REDIRECT] 
2026-07-09 00:09:28,354 [ERROR] ServerAccessManage:1212 - Problem, file not found on Server
2026-07-09 00:09:28,646 [ERROR] ServerAccessManage:1212 - Problem, file not found on Server
2026-07-09 00:09:29,148 [ERROR] LogOutputStream:75 - [STDERR_REDIRECT] [Fatal Error] :1:1: Premature end of file.
2026-07-09 00:09:29,148 [ERROR] LogOutputStream:75 - [STDERR_REDIRECT] 
2026-07-09 00:09:29,229 [ERROR] ServerAccessManage:1212 - Problem, file not found on Server
2026-07-09 00:09:29,806 [ERROR] ServerAccessManage:1212 - Problem, file not found on Server
2026-07-09 00:09:30,085 [ERROR] LogOutputStream:75 - [STDERR_REDIRECT] [Fatal Error] :1:1: Premature end of file.
2026-07-09 00:09:30,085 [ERROR] LogOutputStream:75 - [STDERR_REDIRECT] 
2026-07-09 00:09:30,173 [WARN] MainUpdater:1193 - Updater busy. Cannot search thirdparties
2026-07-09 00:09:30,173 [INFO] ThirdPartyUpdaterWithRetryManager:96 - Updater plugin is busy. [10/15]
2026-07-09 00:09:30,387 [ERROR] ServerAccessManage:1212 - Problem, file not found on Server
2026-07-09 00:09:30,672 [ERROR] ServerAccessManage:1212 - Problem, file not found on Server
2026-07-09 00:09:31,070 [ERROR] LogOutputStream:75 - [STDERR_REDIRECT] [Fatal Error] :1:1: Premature end of file.
2026-07-09 00:09:31,070 [ERROR] LogOutputStream:75 - [STDERR_REDIRECT] 
2026-07-09 00:09:31,259 [ERROR] ServerAccessManage:1212 - Problem, file not found on Server
2026-07-09 00:09:31,862 [ERROR] ServerAccessManage:1212 - Problem, file not found on Server
2026-07-09 00:09:32,022 [INFO] ServerAccessManage:452 - Complete download http(s) 200
2026-07-09 00:09:32,023 [INFO] ServerAccessManage:509 - Download File STMicroelectronics.X-CUBE-EEPRMA1.pdsc
2026-07-09 00:09:32,186 [ERROR] LogOutputStream:75 - [STDERR_REDIRECT] [Fatal Error] :1:1: Premature end of file.
2026-07-09 00:09:32,187 [ERROR] LogOutputStream:75 - [STDERR_REDIRECT] 
2026-07-09 00:09:32,945 [ERROR] ServerAccessManage:1212 - Problem, file not found on Server
2026-07-09 00:09:33,113 [ERROR] LogOutputStream:75 - [STDERR_REDIRECT] [Fatal Error] :1:1: Premature end of file.
2026-07-09 00:09:33,115 [ERROR] LogOutputStream:75 - [STDERR_REDIRECT] 
2026-07-09 00:09:33,173 [WARN] MainUpdater:1193 - Updater busy. Cannot search thirdparties
2026-07-09 00:09:33,175 [INFO] ThirdPartyUpdaterWithRetryManager:96 - Updater plugin is busy. [11/15]
2026-07-09 00:09:33,822 [ERROR] ServerAccessManage:1212 - Problem, file not found on Server
2026-07-09 00:09:34,026 [ERROR] LogOutputStream:75 - [STDERR_REDIRECT] [Fatal Error] :1:1: Premature end of file.
2026-07-09 00:09:34,026 [ERROR] LogOutputStream:75 - [STDERR_REDIRECT] 
2026-07-09 00:09:34,404 [INFO] ServerAccessManage:452 - Complete download http(s) 200
2026-07-09 00:09:34,405 [INFO] ServerAccessManage:509 - Download File STMicroelectronics.X-CUBE-FREERTOS.pdsc
2026-07-09 00:09:35,038 [ERROR] LogOutputStream:75 - [STDERR_REDIRECT] [Fatal Error] :1:1: Premature end of file.
2026-07-09 00:09:35,038 [ERROR] LogOutputStream:75 - [STDERR_REDIRECT] 
2026-07-09 00:09:35,866 [INFO] ServerAccessManage:452 - Complete download http(s) 200
2026-07-09 00:09:35,866 [INFO] ServerAccessManage:509 - Download File STMicroelectronics.X-CUBE-GNSS1.pdsc
2026-07-09 00:09:36,042 [ERROR] LogOutputStream:75 - [STDERR_REDIRECT] [Fatal Error] :1:1: Premature end of file.
2026-07-09 00:09:36,044 [ERROR] LogOutputStream:75 - [STDERR_REDIRECT] 
2026-07-09 00:09:36,177 [WARN] MainUpdater:1193 - Updater busy. Cannot search thirdparties
2026-07-09 00:09:36,177 [INFO] ThirdPartyUpdaterWithRetryManager:96 - Updater plugin is busy. [12/15]
2026-07-09 00:09:37,049 [ERROR] LogOutputStream:75 - [STDERR_REDIRECT] [Fatal Error] :1:1: Premature end of file.
2026-07-09 00:09:37,051 [ERROR] LogOutputStream:75 - [STDERR_REDIRECT] 
2026-07-09 00:09:38,034 [ERROR] LogOutputStream:75 - [STDERR_REDIRECT] [Fatal Error] :1:1: Premature end of file.
2026-07-09 00:09:38,034 [ERROR] LogOutputStream:75 - [STDERR_REDIRECT] 
2026-07-09 00:09:38,128 [ERROR] ServerAccessManage:1212 - Problem, file not found on Server
2026-07-09 00:09:38,702 [ERROR] ServerAccessManage:1212 - Problem, file not found on Server
2026-07-09 00:09:38,993 [ERROR] ServerAccessManage:1212 - Problem, file not found on Server
2026-07-09 00:09:39,030 [ERROR] LogOutputStream:75 - [STDERR_REDIRECT] [Fatal Error] :1:1: Premature end of file.
2026-07-09 00:09:39,031 [ERROR] LogOutputStream:75 - [STDERR_REDIRECT] 
2026-07-09 00:09:39,178 [WARN] MainUpdater:1193 - Updater busy. Cannot search thirdparties
2026-07-09 00:09:39,178 [INFO] ThirdPartyUpdaterWithRetryManager:96 - Updater plugin is busy. [13/15]
2026-07-09 00:09:39,570 [ERROR] ServerAccessManage:1212 - Problem, file not found on Server
2026-07-09 00:09:40,037 [ERROR] LogOutputStream:75 - [STDERR_REDIRECT] [Fatal Error] :1:1: Premature end of file.
2026-07-09 00:09:40,038 [ERROR] LogOutputStream:75 - [STDERR_REDIRECT] 
2026-07-09 00:09:40,159 [ERROR] ServerAccessManage:1212 - Problem, file not found on Server
2026-07-09 00:09:40,776 [ERROR] ServerAccessManage:1212 - Problem, file not found on Server
2026-07-09 00:09:40,932 [INFO] ServerAccessManage:452 - Complete download http(s) 200
2026-07-09 00:09:40,933 [INFO] ServerAccessManage:509 - Download File STMicroelectronics.X-CUBE-ISPU.pdsc
2026-07-09 00:09:41,044 [ERROR] LogOutputStream:75 - [STDERR_REDIRECT] [Fatal Error] :1:1: Premature end of file.
2026-07-09 00:09:41,045 [ERROR] LogOutputStream:75 - [STDERR_REDIRECT] 
2026-07-09 00:09:41,671 [INFO] ServerAccessManage:452 - Complete download http(s) 200
2026-07-09 00:09:41,672 [INFO] ServerAccessManage:509 - Download File STMicroelectronics.X-CUBE-IPS.pdsc
2026-07-09 00:09:42,036 [ERROR] LogOutputStream:75 - [STDERR_REDIRECT] [Fatal Error] :1:1: Premature end of file.
2026-07-09 00:09:42,037 [ERROR] LogOutputStream:75 - [STDERR_REDIRECT] 
2026-07-09 00:09:42,180 [WARN] MainUpdater:1193 - Updater busy. Cannot search thirdparties
2026-07-09 00:09:42,180 [INFO] ThirdPartyUpdaterWithRetryManager:96 - Updater plugin is busy. [14/15]
2026-07-09 00:09:42,318 [INFO] ServerAccessManage:452 - Complete download http(s) 200
2026-07-09 00:09:42,318 [INFO] ServerAccessManage:509 - Download File STMicroelectronics.X-CUBE-MEMS1.pdsc
2026-07-09 00:09:43,044 [ERROR] LogOutputStream:75 - [STDERR_REDIRECT] [Fatal Error] :1:1: Premature end of file.
2026-07-09 00:09:43,044 [ERROR] LogOutputStream:75 - [STDERR_REDIRECT] 
2026-07-09 00:09:44,036 [ERROR] LogOutputStream:75 - [STDERR_REDIRECT] [Fatal Error] :1:1: Premature end of file.
2026-07-09 00:09:44,036 [ERROR] LogOutputStream:75 - [STDERR_REDIRECT] 
2026-07-09 00:09:45,045 [ERROR] LogOutputStream:75 - [STDERR_REDIRECT] [Fatal Error] :1:1: Premature end of file.
2026-07-09 00:09:45,045 [ERROR] LogOutputStream:75 - [STDERR_REDIRECT] 
2026-07-09 00:09:45,181 [WARN] MainUpdater:1193 - Updater busy. Cannot search thirdparties
2026-07-09 00:09:45,181 [INFO] ThirdPartyUpdaterWithRetryManager:96 - Updater plugin is busy. [15/15]
2026-07-09 00:09:45,182 [ERROR] IntegrityCheckThread:130 - Cannot retrieve database content from updater: error -1
2026-07-09 00:09:45,182 [INFO] ThirdParty:978 - Integrity check success = false
2026-07-09 00:09:45,182 [INFO] IntegrityCheckThread:100 - exiting critical section [integrity check]
2026-07-09 00:09:45,182 [INFO] IntegrityCheckThread:103 - End integrity checks thread
2026-07-09 00:09:46,038 [ERROR] LogOutputStream:75 - [STDERR_REDIRECT] [Fatal Error] :1:1: Premature end of file.
2026-07-09 00:09:46,039 [ERROR] LogOutputStream:75 - [STDERR_REDIRECT] 
2026-07-09 00:09:46,763 [INFO] ServerAccessManage:452 - Complete download http(s) 200
2026-07-09 00:09:46,763 [INFO] ServerAccessManage:509 - Download File STMicroelectronics.X-CUBE-NFC4.pdsc
2026-07-09 00:09:47,044 [ERROR] LogOutputStream:75 - [STDERR_REDIRECT] [Fatal Error] :1:1: Premature end of file.
2026-07-09 00:09:47,044 [ERROR] LogOutputStream:75 - [STDERR_REDIRECT] 
2026-07-09 00:09:48,824 [ERROR] LogOutputStream:75 - [STDERR_REDIRECT] [Fatal Error] :1:1: Premature end of file.
2026-07-09 00:09:48,825 [ERROR] LogOutputStream:75 - [STDERR_REDIRECT] 
2026-07-09 00:09:49,513 [ERROR] LogOutputStream:75 - [STDERR_REDIRECT] [Fatal Error] :1:1: Premature end of file.
2026-07-09 00:09:49,513 [ERROR] LogOutputStream:75 - [STDERR_REDIRECT] 
2026-07-09 00:09:49,997 [INFO] ServerAccessManage:452 - Complete download http(s) 200
2026-07-09 00:09:49,998 [INFO] ServerAccessManage:509 - Download File STMicroelectronics.X-CUBE-NFC6.pdsc
2026-07-09 00:09:50,048 [ERROR] LogOutputStream:75 - [STDERR_REDIRECT] [Fatal Error] :1:1: Premature end of file.
2026-07-09 00:09:50,048 [ERROR] LogOutputStream:75 - [STDERR_REDIRECT] 
2026-07-09 00:09:50,673 [INFO] ServerAccessManage:452 - Complete download http(s) 200
2026-07-09 00:09:50,673 [INFO] ServerAccessManage:509 - Download File STMicroelectronics.X-CUBE-NFC7.pdsc
2026-07-09 00:09:51,044 [ERROR] LogOutputStream:75 - [STDERR_REDIRECT] [Fatal Error] :1:1: Premature end of file.
2026-07-09 00:09:51,044 [ERROR] LogOutputStream:75 - [STDERR_REDIRECT] 
2026-07-09 00:09:51,314 [INFO] ServerAccessManage:452 - Complete download http(s) 200
2026-07-09 00:09:51,314 [INFO] ServerAccessManage:509 - Download File STMicroelectronics.X-CUBE-NFC9.pdsc
2026-07-09 00:09:51,644 [INFO] ServerAccessManage:452 - Complete download http(s) 200
2026-07-09 00:09:51,644 [INFO] ServerAccessManage:509 - Download File STMicroelectronics.X-CUBE-NFC10.pdsc
2026-07-09 00:09:52,013 [INFO] ServerAccessManage:452 - Complete download http(s) 200
2026-07-09 00:09:52,013 [INFO] ServerAccessManage:509 - Download File STMicroelectronics.X-CUBE-NFC12.pdsc
2026-07-09 00:09:52,101 [ERROR] LogOutputStream:75 - [STDERR_REDIRECT] [Fatal Error] :1:1: Premature end of file.
2026-07-09 00:09:52,101 [ERROR] LogOutputStream:75 - [STDERR_REDIRECT] 
2026-07-09 00:09:52,372 [INFO] ServerAccessManage:452 - Complete download http(s) 200
2026-07-09 00:09:52,372 [INFO] ServerAccessManage:509 - Download File STMicroelectronics.X-CUBE-NFC13.pdsc
2026-07-09 00:09:52,794 [INFO] ServerAccessManage:452 - Complete download http(s) 200
2026-07-09 00:09:52,795 [INFO] ServerAccessManage:509 - Download File STMicroelectronics.X-CUBE-SFXS2LP1.pdsc
2026-07-09 00:09:53,301 [ERROR] LogOutputStream:75 - [STDERR_REDIRECT] [Fatal Error] :1:1: Premature end of file.
2026-07-09 00:09:53,302 [ERROR] LogOutputStream:75 - [STDERR_REDIRECT] 
2026-07-09 00:09:53,726 [INFO] ServerAccessManage:452 - Complete download http(s) 200
2026-07-09 00:09:53,727 [INFO] ServerAccessManage:509 - Download File STMicroelectronics.X-CUBE-SUBG2.pdsc
2026-07-09 00:09:54,058 [ERROR] LogOutputStream:75 - [STDERR_REDIRECT] [Fatal Error] :1:1: Premature end of file.
2026-07-09 00:09:54,058 [ERROR] LogOutputStream:75 - [STDERR_REDIRECT] 
2026-07-09 00:09:55,065 [ERROR] LogOutputStream:75 - [STDERR_REDIRECT] [Fatal Error] :1:1: Premature end of file.
2026-07-09 00:09:55,066 [ERROR] LogOutputStream:75 - [STDERR_REDIRECT] 
2026-07-09 00:09:55,449 [INFO] ServerAccessManage:452 - Complete download http(s) 200
2026-07-09 00:09:55,450 [INFO] ServerAccessManage:509 - Download File STMicroelectronics.X-CUBE-SMBUS.pdsc
2026-07-09 00:09:56,049 [ERROR] LogOutputStream:75 - [STDERR_REDIRECT] [Fatal Error] :1:1: Premature end of file.
2026-07-09 00:09:56,050 [ERROR] LogOutputStream:75 - [STDERR_REDIRECT] 
2026-07-09 00:09:56,060 [ERROR] ServerAccessManage:1212 - Problem, file not found on Server
2026-07-09 00:09:56,212 [INFO] ServerAccessManage:452 - Complete download http(s) 200
2026-07-09 00:09:56,212 [INFO] ServerAccessManage:509 - Download File STMicroelectronics.X-CUBE-ST60.pdsc
2026-07-09 00:09:56,673 [INFO] ServerAccessManage:452 - Complete download http(s) 200
2026-07-09 00:09:56,674 [INFO] ServerAccessManage:509 - Download File STMicroelectronics.X-CUBE-ST67W61.pdsc
2026-07-09 00:09:57,230 [INFO] ServerAccessManage:452 - Complete download http(s) 200
2026-07-09 00:09:57,231 [INFO] ServerAccessManage:509 - Download File STMicroelectronics.X-CUBE-STSE01.pdsc
2026-07-09 00:09:57,661 [ERROR] LogOutputStream:75 - [STDERR_REDIRECT] [Fatal Error] :1:1: Premature end of file.
2026-07-09 00:09:57,661 [ERROR] LogOutputStream:75 - [STDERR_REDIRECT] 
2026-07-09 00:09:57,844 [INFO] ServerAccessManage:452 - Complete download http(s) 200
2026-07-09 00:09:57,844 [INFO] ServerAccessManage:509 - Download File STMicroelectronics.X-CUBE-PM33A1.pdsc
2026-07-09 00:09:58,053 [ERROR] LogOutputStream:75 - [STDERR_REDIRECT] [Fatal Error] :1:1: Premature end of file.
2026-07-09 00:09:58,053 [ERROR] LogOutputStream:75 - [STDERR_REDIRECT] 
2026-07-09 00:09:58,180 [INFO] ServerAccessManage:452 - Complete download http(s) 200
2026-07-09 00:09:58,181 [INFO] ServerAccessManage:509 - Download File STMicroelectronics.X-CUBE-TCPP.pdsc
2026-07-09 00:09:58,673 [INFO] ServerAccessManage:452 - Complete download http(s) 200
2026-07-09 00:09:58,673 [INFO] ServerAccessManage:509 - Download File STMicroelectronics.X-CUBE-TOF1.pdsc
2026-07-09 00:09:59,110 [ERROR] LogOutputStream:75 - [STDERR_REDIRECT] [Fatal Error] :1:1: Premature end of file.
2026-07-09 00:09:59,111 [ERROR] LogOutputStream:75 - [STDERR_REDIRECT] 
2026-07-09 00:10:00,105 [ERROR] LogOutputStream:75 - [STDERR_REDIRECT] [Fatal Error] :1:1: Premature end of file.
2026-07-09 00:10:00,105 [ERROR] LogOutputStream:75 - [STDERR_REDIRECT] 
2026-07-09 00:10:00,740 [ERROR] ServerAccessManage:1212 - Problem, file not found on Server
2026-07-09 00:10:01,026 [INFO] ServerAccessManage:452 - Complete download http(s) 200
2026-07-09 00:10:01,026 [INFO] ServerAccessManage:509 - Download File STMicroelectronics.X-CUBE-TOUCHGFX.pdsc
2026-07-09 00:10:01,074 [ERROR] LogOutputStream:75 - [STDERR_REDIRECT] [Fatal Error] :1:1: Premature end of file.
2026-07-09 00:10:01,074 [ERROR] LogOutputStream:75 - [STDERR_REDIRECT] 
2026-07-09 00:10:02,241 [ERROR] LogOutputStream:75 - [STDERR_REDIRECT] [Fatal Error] :1:1: Premature end of file.
2026-07-09 00:10:02,242 [ERROR] LogOutputStream:75 - [STDERR_REDIRECT] 
2026-07-09 00:10:03,125 [ERROR] LogOutputStream:75 - [STDERR_REDIRECT] [Fatal Error] :1:1: Premature end of file.
2026-07-09 00:10:03,125 [ERROR] LogOutputStream:75 - [STDERR_REDIRECT] 
2026-07-09 00:10:04,044 [ERROR] LogOutputStream:75 - [STDERR_REDIRECT] [Fatal Error] :1:1: Premature end of file.
2026-07-09 00:10:04,045 [ERROR] LogOutputStream:75 - [STDERR_REDIRECT] 
2026-07-09 00:10:05,062 [ERROR] LogOutputStream:75 - [STDERR_REDIRECT] [Fatal Error] :1:1: Premature end of file.
2026-07-09 00:10:05,063 [ERROR] LogOutputStream:75 - [STDERR_REDIRECT] 
2026-07-09 00:10:05,576 [INFO] ServerAccessManage:452 - Complete download http(s) 200
2026-07-09 00:10:05,577 [INFO] ServerAccessManage:509 - Download File STMicroelectronics.X-CUBE-ALGOBUILD.pdsc
2026-07-09 00:10:06,190 [ERROR] LogOutputStream:75 - [STDERR_REDIRECT] [Fatal Error] :1:1: Premature end of file.
2026-07-09 00:10:06,191 [ERROR] LogOutputStream:75 - [STDERR_REDIRECT] 
2026-07-09 00:10:07,103 [INFO] ServerAccessManage:452 - Complete download http(s) 200
2026-07-09 00:10:07,103 [INFO] ServerAccessManage:509 - Download File STMicroelectronics.X-CUBE-AZRTOS-H7.pdsc
2026-07-09 00:10:07,287 [ERROR] LogOutputStream:75 - [STDERR_REDIRECT] [Fatal Error] :1:1: Premature end of file.
2026-07-09 00:10:07,288 [ERROR] LogOutputStream:75 - [STDERR_REDIRECT] 
2026-07-09 00:10:08,062 [ERROR] LogOutputStream:75 - [STDERR_REDIRECT] [Fatal Error] :1:1: Premature end of file.
2026-07-09 00:10:08,063 [ERROR] LogOutputStream:75 - [STDERR_REDIRECT] 
2026-07-09 00:10:09,128 [ERROR] LogOutputStream:75 - [STDERR_REDIRECT] [Fatal Error] :1:1: Premature end of file.
2026-07-09 00:10:09,130 [ERROR] LogOutputStream:75 - [STDERR_REDIRECT] 
2026-07-09 00:10:09,338 [INFO] ServerAccessManage:452 - Complete download http(s) 200
2026-07-09 00:10:09,338 [INFO] ServerAccessManage:509 - Download File STMicroelectronics.X-CUBE-AZRTOS-H7RS.pdsc
2026-07-09 00:10:10,307 [ERROR] LogOutputStream:75 - [STDERR_REDIRECT] [Fatal Error] :1:1: Premature end of file.
2026-07-09 00:10:10,308 [ERROR] LogOutputStream:75 - [STDERR_REDIRECT] 
2026-07-09 00:10:10,819 [INFO] ServerAccessManage:452 - Complete download http(s) 200
2026-07-09 00:10:10,819 [INFO] ServerAccessManage:509 - Download File STMicroelectronics.X-CUBE-AZRTOS-F4.pdsc
2026-07-09 00:10:11,307 [ERROR] LogOutputStream:75 - [STDERR_REDIRECT] [Fatal Error] :1:1: Premature end of file.
2026-07-09 00:10:11,308 [ERROR] LogOutputStream:75 - [STDERR_REDIRECT] 
2026-07-09 00:10:11,684 [INFO] ServerAccessManage:452 - Complete download http(s) 200
2026-07-09 00:10:11,684 [INFO] ServerAccessManage:509 - Download File STMicroelectronics.X-CUBE-AZRTOS-F7.pdsc
2026-07-09 00:10:12,178 [ERROR] LogOutputStream:75 - [STDERR_REDIRECT] [Fatal Error] :1:1: Premature end of file.
2026-07-09 00:10:12,179 [ERROR] LogOutputStream:75 - [STDERR_REDIRECT] 
2026-07-09 00:10:12,537 [INFO] ServerAccessManage:452 - Complete download http(s) 200
2026-07-09 00:10:12,537 [INFO] ServerAccessManage:509 - Download File STMicroelectronics.X-CUBE-AZRTOS-L4.pdsc
2026-07-09 00:10:13,222 [ERROR] LogOutputStream:75 - [STDERR_REDIRECT] [Fatal Error] :1:1: Premature end of file.
2026-07-09 00:10:13,222 [ERROR] LogOutputStream:75 - [STDERR_REDIRECT] 
2026-07-09 00:10:13,473 [INFO] ServerAccessManage:452 - Complete download http(s) 200
2026-07-09 00:10:13,474 [INFO] ServerAccessManage:509 - Download File STMicroelectronics.X-CUBE-AZRTOS-L5.pdsc
2026-07-09 00:10:14,103 [ERROR] LogOutputStream:75 - [STDERR_REDIRECT] [Fatal Error] :1:1: Premature end of file.
2026-07-09 00:10:14,104 [ERROR] LogOutputStream:75 - [STDERR_REDIRECT] 
2026-07-09 00:10:14,452 [INFO] ServerAccessManage:452 - Complete download http(s) 200
2026-07-09 00:10:14,452 [INFO] ServerAccessManage:509 - Download File STMicroelectronics.X-CUBE-AZRTOS-G0.pdsc
2026-07-09 00:10:15,136 [ERROR] LogOutputStream:75 - [STDERR_REDIRECT] [Fatal Error] :1:1: Premature end of file.
2026-07-09 00:10:15,136 [ERROR] LogOutputStream:75 - [STDERR_REDIRECT] 
2026-07-09 00:10:15,266 [INFO] ServerAccessManage:452 - Complete download http(s) 200
2026-07-09 00:10:15,266 [INFO] ServerAccessManage:509 - Download File STMicroelectronics.X-CUBE-AZRTOS-G4.pdsc
2026-07-09 00:10:16,001 [INFO] ServerAccessManage:452 - Complete download http(s) 200
2026-07-09 00:10:16,001 [INFO] ServerAccessManage:509 - Download File STMicroelectronics.X-CUBE-AZRTOS-WB.pdsc
2026-07-09 00:10:16,090 [ERROR] LogOutputStream:75 - [STDERR_REDIRECT] [Fatal Error] :1:1: Premature end of file.
2026-07-09 00:10:16,090 [ERROR] LogOutputStream:75 - [STDERR_REDIRECT] 
2026-07-09 00:10:16,825 [INFO] ServerAccessManage:452 - Complete download http(s) 200
2026-07-09 00:10:16,825 [INFO] ServerAccessManage:509 - Download File STMicroelectronics.X-CUBE-AZRTOS-WL.pdsc
2026-07-09 00:10:17,627 [INFO] ServerAccessManage:452 - Complete download http(s) 200
2026-07-09 00:10:17,627 [INFO] ServerAccessManage:509 - Download File STMicroelectronics.X-CUBE-WB05N.pdsc
2026-07-09 00:10:17,781 [ERROR] LogOutputStream:75 - [STDERR_REDIRECT] [Fatal Error] :1:1: Premature end of file.
2026-07-09 00:10:17,782 [ERROR] LogOutputStream:75 - [STDERR_REDIRECT] 
2026-07-09 00:10:18,034 [INFO] ServerAccessManage:452 - Complete download http(s) 200
2026-07-09 00:10:18,034 [INFO] ServerAccessManage:509 - Download File STMicroelectronics.X-CUBE-WBA.pdsc
2026-07-09 00:10:18,270 [ERROR] LogOutputStream:75 - [STDERR_REDIRECT] [Fatal Error] :1:1: Premature end of file.
2026-07-09 00:10:18,270 [ERROR] LogOutputStream:75 - [STDERR_REDIRECT] 
2026-07-09 00:10:18,416 [INFO] ServerAccessManage:452 - Complete download http(s) 200
2026-07-09 00:10:18,417 [INFO] ServerAccessManage:509 - Download File STMicroelectronics.eDS-WB_DPC_VIENNA.pdsc
2026-07-09 00:10:19,053 [ERROR] LogOutputStream:75 - [STDERR_REDIRECT] [Fatal Error] :1:1: Premature end of file.
2026-07-09 00:10:19,053 [ERROR] LogOutputStream:75 - [STDERR_REDIRECT] 
2026-07-09 00:10:19,187 [ERROR] ServerAccessManage:1212 - Problem, file not found on Server
2026-07-09 00:10:19,765 [ERROR] ServerAccessManage:1212 - Problem, file not found on Server
2026-07-09 00:10:20,066 [ERROR] ServerAccessManage:1212 - Problem, file not found on Server
2026-07-09 00:10:20,092 [ERROR] LogOutputStream:75 - [STDERR_REDIRECT] [Fatal Error] :1:1: Premature end of file.
2026-07-09 00:10:20,092 [ERROR] LogOutputStream:75 - [STDERR_REDIRECT] 
2026-07-09 00:10:20,691 [ERROR] ServerAccessManage:1212 - Problem, file not found on Server
2026-07-09 00:10:20,998 [ERROR] ServerAccessManage:1212 - Problem, file not found on Server
2026-07-09 00:10:21,069 [ERROR] LogOutputStream:75 - [STDERR_REDIRECT] [Fatal Error] :1:1: Premature end of file.
2026-07-09 00:10:21,069 [ERROR] LogOutputStream:75 - [STDERR_REDIRECT] 
2026-07-09 00:10:21,150 [INFO] ServerAccessManage:452 - Complete download http(s) 200
2026-07-09 00:10:21,150 [INFO] ServerAccessManage:509 - Download File STMicroelectronics.eDS-WB_DPC_TT-BIDIR.pdsc
2026-07-09 00:10:21,605 [ERROR] ServerAccessManage:1212 - Problem, file not found on Server
2026-07-09 00:10:22,056 [ERROR] LogOutputStream:75 - [STDERR_REDIRECT] [Fatal Error] :1:1: Premature end of file.
2026-07-09 00:10:22,056 [ERROR] LogOutputStream:75 - [STDERR_REDIRECT] 
2026-07-09 00:10:22,188 [ERROR] ServerAccessManage:1212 - Problem, file not found on Server
2026-07-09 00:10:22,766 [ERROR] ServerAccessManage:1212 - Problem, file not found on Server
2026-07-09 00:10:23,044 [ERROR] LogOutputStream:75 - [STDERR_REDIRECT] [Fatal Error] :1:1: Premature end of file.
2026-07-09 00:10:23,046 [ERROR] LogOutputStream:75 - [STDERR_REDIRECT] 
2026-07-09 00:10:23,364 [ERROR] ServerAccessManage:1212 - Problem, file not found on Server
2026-07-09 00:10:23,506 [INFO] ServerAccessManage:452 - Complete download http(s) 200
2026-07-09 00:10:23,506 [INFO] ServerAccessManage:509 - Download File STMicroelectronics.eDS-WB_DPC_3PH2L-BIDIR.pdsc
2026-07-09 00:10:24,276 [ERROR] ServerAccessManage:1212 - Problem, file not found on Server
2026-07-09 00:10:24,303 [ERROR] LogOutputStream:75 - [STDERR_REDIRECT] [Fatal Error] :1:1: Premature end of file.
2026-07-09 00:10:24,304 [ERROR] LogOutputStream:75 - [STDERR_REDIRECT] 
2026-07-09 00:10:24,855 [ERROR] ServerAccessManage:1212 - Problem, file not found on Server
2026-07-09 00:10:25,119 [ERROR] LogOutputStream:75 - [STDERR_REDIRECT] [Fatal Error] :1:1: Premature end of file.
2026-07-09 00:10:25,119 [ERROR] LogOutputStream:75 - [STDERR_REDIRECT] 
2026-07-09 00:10:26,021 [ERROR] LogOutputStream:75 - [STDERR_REDIRECT] [Fatal Error] :1:1: Premature end of file.
2026-07-09 00:10:26,022 [ERROR] LogOutputStream:75 - [STDERR_REDIRECT] 
2026-07-09 00:10:26,932 [INFO] ServerAccessManage:452 - Complete download http(s) 200
2026-07-09 00:10:26,932 [INFO] ServerAccessManage:509 - Download File wolfSSL.I-CUBE-wolfSSL.pdsc
2026-07-09 00:10:27,026 [ERROR] LogOutputStream:75 - [STDERR_REDIRECT] [Fatal Error] :1:1: Premature end of file.
2026-07-09 00:10:27,027 [ERROR] LogOutputStream:75 - [STDERR_REDIRECT] 
2026-07-09 00:10:28,050 [ERROR] LogOutputStream:75 - [STDERR_REDIRECT] [Fatal Error] :1:1: Premature end of file.
2026-07-09 00:10:28,050 [ERROR] LogOutputStream:75 - [STDERR_REDIRECT] 
2026-07-09 00:10:29,084 [ERROR] LogOutputStream:75 - [STDERR_REDIRECT] [Fatal Error] :1:1: Premature end of file.
2026-07-09 00:10:29,085 [ERROR] LogOutputStream:75 - [STDERR_REDIRECT] 
2026-07-09 00:10:30,033 [ERROR] LogOutputStream:75 - [STDERR_REDIRECT] [Fatal Error] :1:1: Premature end of file.
2026-07-09 00:10:30,033 [ERROR] LogOutputStream:75 - [STDERR_REDIRECT] 
2026-07-09 00:10:31,066 [ERROR] LogOutputStream:75 - [STDERR_REDIRECT] [Fatal Error] :1:1: Premature end of file.
2026-07-09 00:10:31,067 [ERROR] LogOutputStream:75 - [STDERR_REDIRECT] 
2026-07-09 00:10:32,042 [ERROR] LogOutputStream:75 - [STDERR_REDIRECT] [Fatal Error] :1:1: Premature end of file.
2026-07-09 00:10:32,043 [ERROR] LogOutputStream:75 - [STDERR_REDIRECT] 
2026-07-09 00:10:33,039 [ERROR] LogOutputStream:75 - [STDERR_REDIRECT] [Fatal Error] :1:1: Premature end of file.
2026-07-09 00:10:33,039 [ERROR] LogOutputStream:75 - [STDERR_REDIRECT] 
2026-07-09 00:10:34,101 [ERROR] LogOutputStream:75 - [STDERR_REDIRECT] [Fatal Error] :1:1: Premature end of file.
2026-07-09 00:10:34,102 [ERROR] LogOutputStream:75 - [STDERR_REDIRECT] 
2026-07-09 00:10:35,067 [ERROR] LogOutputStream:75 - [STDERR_REDIRECT] [Fatal Error] :1:1: Premature end of file.
2026-07-09 00:10:35,067 [ERROR] LogOutputStream:75 - [STDERR_REDIRECT] 
2026-07-09 00:10:36,036 [ERROR] LogOutputStream:75 - [STDERR_REDIRECT] [Fatal Error] :1:1: Premature end of file.
2026-07-09 00:10:36,037 [ERROR] LogOutputStream:75 - [STDERR_REDIRECT] 
2026-07-09 00:10:37,037 [ERROR] LogOutputStream:75 - [STDERR_REDIRECT] [Fatal Error] :1:1: Premature end of file.
2026-07-09 00:10:37,037 [ERROR] LogOutputStream:75 - [STDERR_REDIRECT] 
2026-07-09 00:10:38,099 [ERROR] LogOutputStream:75 - [STDERR_REDIRECT] [Fatal Error] :1:1: Premature end of file.
2026-07-09 00:10:38,099 [ERROR] LogOutputStream:75 - [STDERR_REDIRECT] 
2026-07-09 00:10:39,079 [ERROR] LogOutputStream:75 - [STDERR_REDIRECT] [Fatal Error] :1:1: Premature end of file.
2026-07-09 00:10:39,079 [ERROR] LogOutputStream:75 - [STDERR_REDIRECT] 
2026-07-09 00:10:40,067 [ERROR] LogOutputStream:75 - [STDERR_REDIRECT] [Fatal Error] :1:1: Premature end of file.
2026-07-09 00:10:40,068 [ERROR] LogOutputStream:75 - [STDERR_REDIRECT] 
2026-07-09 00:10:41,029 [ERROR] LogOutputStream:75 - [STDERR_REDIRECT] [Fatal Error] :1:1: Premature end of file.
2026-07-09 00:10:41,029 [ERROR] LogOutputStream:75 - [STDERR_REDIRECT] 
2026-07-09 00:10:42,078 [INFO] ServerAccessManage:452 - Complete download http(s) 200
2026-07-09 00:10:42,078 [INFO] ServerAccessManage:509 - Download File wolfSSL.I-CUBE-wolfMQTT.pdsc
2026-07-09 00:10:42,186 [ERROR] LogOutputStream:75 - [STDERR_REDIRECT] [Fatal Error] :1:1: Premature end of file.
2026-07-09 00:10:42,186 [ERROR] LogOutputStream:75 - [STDERR_REDIRECT] 
2026-07-09 00:10:43,045 [ERROR] LogOutputStream:75 - [STDERR_REDIRECT] [Fatal Error] :1:1: Premature end of file.
2026-07-09 00:10:43,045 [ERROR] LogOutputStream:75 - [STDERR_REDIRECT] 
2026-07-09 00:10:44,133 [ERROR] LogOutputStream:75 - [STDERR_REDIRECT] [Fatal Error] :1:1: Premature end of file.
2026-07-09 00:10:44,133 [ERROR] LogOutputStream:75 - [STDERR_REDIRECT] 
2026-07-09 00:10:44,776 [INFO] ServerAccessManage:452 - Complete download http(s) 200
2026-07-09 00:10:44,776 [INFO] ServerAccessManage:509 - Download File wolfSSL.I-CUBE-wolfTPM.pdsc
2026-07-09 00:10:45,134 [ERROR] LogOutputStream:75 - [STDERR_REDIRECT] [Fatal Error] :1:1: Premature end of file.
2026-07-09 00:10:45,134 [ERROR] LogOutputStream:75 - [STDERR_REDIRECT] 
2026-07-09 00:10:46,038 [ERROR] LogOutputStream:75 - [STDERR_REDIRECT] [Fatal Error] :1:1: Premature end of file.
2026-07-09 00:10:46,039 [ERROR] LogOutputStream:75 - [STDERR_REDIRECT] 
2026-07-09 00:10:47,165 [ERROR] LogOutputStream:75 - [STDERR_REDIRECT] [Fatal Error] :1:1: Premature end of file.
2026-07-09 00:10:47,165 [ERROR] LogOutputStream:75 - [STDERR_REDIRECT] 
2026-07-09 00:10:48,100 [ERROR] LogOutputStream:75 - [STDERR_REDIRECT] [Fatal Error] :1:1: Premature end of file.
2026-07-09 00:10:48,101 [ERROR] LogOutputStream:75 - [STDERR_REDIRECT] 
2026-07-09 00:10:48,714 [INFO] ServerAccessManage:452 - Complete download http(s) 200
2026-07-09 00:10:48,715 [INFO] ServerAccessManage:509 - Download File wolfSSL.I-CUBE-wolfSSH.pdsc
2026-07-09 00:10:49,305 [ERROR] LogOutputStream:75 - [STDERR_REDIRECT] [Fatal Error] :1:1: Premature end of file.
2026-07-09 00:10:49,305 [ERROR] LogOutputStream:75 - [STDERR_REDIRECT] 
2026-07-09 00:10:50,032 [ERROR] LogOutputStream:75 - [STDERR_REDIRECT] [Fatal Error] :1:1: Premature end of file.
2026-07-09 00:10:50,032 [ERROR] LogOutputStream:75 - [STDERR_REDIRECT] 
2026-07-09 00:10:51,042 [ERROR] LogOutputStream:75 - [STDERR_REDIRECT] [Fatal Error] :1:1: Premature end of file.
2026-07-09 00:10:51,043 [ERROR] LogOutputStream:75 - [STDERR_REDIRECT] 
2026-07-09 00:10:52,037 [ERROR] LogOutputStream:75 - [STDERR_REDIRECT] [Fatal Error] :1:1: Premature end of file.
2026-07-09 00:10:52,038 [ERROR] LogOutputStream:75 - [STDERR_REDIRECT] 
2026-07-09 00:10:53,030 [INFO] ServerAccessManage:452 - Complete download http(s) 200
2026-07-09 00:10:53,030 [INFO] ServerAccessManage:509 - Download File RealThread.X-CUBE-RT-Thread_Nano.pdsc
2026-07-09 00:10:53,085 [ERROR] LogOutputStream:75 - [STDERR_REDIRECT] [Fatal Error] :1:1: Premature end of file.
2026-07-09 00:10:53,086 [ERROR] LogOutputStream:75 - [STDERR_REDIRECT] 
2026-07-09 00:10:54,078 [ERROR] LogOutputStream:75 - [STDERR_REDIRECT] [Fatal Error] :1:1: Premature end of file.
2026-07-09 00:10:54,078 [ERROR] LogOutputStream:75 - [STDERR_REDIRECT] 
2026-07-09 00:10:54,356 [INFO] ServerAccessManage:452 - Complete download http(s) 200
2026-07-09 00:10:54,356 [INFO] ServerAccessManage:509 - Download File SEGGER.I-CUBE-embOS.pdsc
2026-07-09 00:10:55,111 [ERROR] LogOutputStream:75 - [STDERR_REDIRECT] [Fatal Error] :1:1: Premature end of file.
2026-07-09 00:10:55,111 [ERROR] LogOutputStream:75 - [STDERR_REDIRECT] 
2026-07-09 00:10:56,083 [ERROR] LogOutputStream:75 - [STDERR_REDIRECT] [Fatal Error] :1:1: Premature end of file.
2026-07-09 00:10:56,083 [ERROR] LogOutputStream:75 - [STDERR_REDIRECT] 
2026-07-09 00:10:57,044 [ERROR] LogOutputStream:75 - [STDERR_REDIRECT] [Fatal Error] :1:1: Premature end of file.
2026-07-09 00:10:57,044 [ERROR] LogOutputStream:75 - [STDERR_REDIRECT] 
2026-07-09 00:10:58,042 [ERROR] LogOutputStream:75 - [STDERR_REDIRECT] [Fatal Error] :1:1: Premature end of file.
2026-07-09 00:10:58,042 [ERROR] LogOutputStream:75 - [STDERR_REDIRECT] 
2026-07-09 00:10:58,287 [INFO] ServerAccessManage:452 - Complete download http(s) 200
2026-07-09 00:10:58,288 [INFO] ServerAccessManage:509 - Download File emotas.I-CUBE-CANOPEN.pdsc
2026-07-09 00:10:59,041 [ERROR] LogOutputStream:75 - [STDERR_REDIRECT] [Fatal Error] :1:1: Premature end of file.
2026-07-09 00:10:59,042 [ERROR] LogOutputStream:75 - [STDERR_REDIRECT] 
2026-07-09 00:11:00,051 [ERROR] LogOutputStream:75 - [STDERR_REDIRECT] [Fatal Error] :1:1: Premature end of file.
2026-07-09 00:11:00,052 [ERROR] LogOutputStream:75 - [STDERR_REDIRECT] 
2026-07-09 00:11:01,031 [ERROR] LogOutputStream:75 - [STDERR_REDIRECT] [Fatal Error] :1:1: Premature end of file.
2026-07-09 00:11:01,032 [ERROR] LogOutputStream:75 - [STDERR_REDIRECT] 
2026-07-09 00:11:01,495 [INFO] ServerAccessManage:452 - Complete download http(s) 200
2026-07-09 00:11:01,497 [INFO] ServerAccessManage:509 - Download File WES.I-CUBE-Cesium.pdsc
2026-07-09 00:11:02,130 [ERROR] LogOutputStream:75 - [STDERR_REDIRECT] [Fatal Error] :1:1: Premature end of file.
2026-07-09 00:11:02,130 [ERROR] LogOutputStream:75 - [STDERR_REDIRECT] 
2026-07-09 00:11:03,125 [ERROR] ServerAccessManage:1212 - Problem, file not found on Server
2026-07-09 00:11:03,350 [ERROR] LogOutputStream:75 - [STDERR_REDIRECT] [Fatal Error] :1:1: Premature end of file.
2026-07-09 00:11:03,350 [ERROR] LogOutputStream:75 - [STDERR_REDIRECT] 
2026-07-09 00:11:03,556 [ERROR] ServerAccessManage:1212 - Problem, file not found on Server
2026-07-09 00:11:04,149 [ERROR] LogOutputStream:75 - [STDERR_REDIRECT] [Fatal Error] :1:1: Premature end of file.
2026-07-09 00:11:04,150 [ERROR] LogOutputStream:75 - [STDERR_REDIRECT] 
2026-07-09 00:11:05,044 [ERROR] LogOutputStream:75 - [STDERR_REDIRECT] [Fatal Error] :1:1: Premature end of file.
2026-07-09 00:11:05,045 [ERROR] LogOutputStream:75 - [STDERR_REDIRECT] 
2026-07-09 00:11:05,781 [INFO] ServerAccessManage:452 - Complete download http(s) 200
2026-07-09 00:11:05,781 [INFO] ServerAccessManage:509 - Download File ITTIA_DB.I-CUBE-ITTIADB.pdsc
2026-07-09 00:11:06,040 [ERROR] LogOutputStream:75 - [STDERR_REDIRECT] [Fatal Error] :1:1: Premature end of file.
2026-07-09 00:11:06,041 [ERROR] LogOutputStream:75 - [STDERR_REDIRECT] 
2026-07-09 00:11:07,042 [ERROR] LogOutputStream:75 - [STDERR_REDIRECT] [Fatal Error] :1:1: Premature end of file.
2026-07-09 00:11:07,042 [ERROR] LogOutputStream:75 - [STDERR_REDIRECT] 
2026-07-09 00:11:08,040 [ERROR] LogOutputStream:75 - [STDERR_REDIRECT] [Fatal Error] :1:1: Premature end of file.
2026-07-09 00:11:08,040 [ERROR] LogOutputStream:75 - [STDERR_REDIRECT] 
2026-07-09 00:11:09,043 [ERROR] LogOutputStream:75 - [STDERR_REDIRECT] [Fatal Error] :1:1: Premature end of file.
2026-07-09 00:11:09,044 [ERROR] LogOutputStream:75 - [STDERR_REDIRECT] 
2026-07-09 00:11:10,083 [ERROR] LogOutputStream:75 - [STDERR_REDIRECT] [Fatal Error] :1:1: Premature end of file.
2026-07-09 00:11:10,085 [ERROR] LogOutputStream:75 - [STDERR_REDIRECT] 
2026-07-09 00:11:11,064 [ERROR] LogOutputStream:75 - [STDERR_REDIRECT] [Fatal Error] :1:1: Premature end of file.
2026-07-09 00:11:11,064 [ERROR] LogOutputStream:75 - [STDERR_REDIRECT] 
2026-07-09 00:11:12,142 [ERROR] LogOutputStream:75 - [STDERR_REDIRECT] [Fatal Error] :1:1: Premature end of file.
2026-07-09 00:11:12,142 [ERROR] LogOutputStream:75 - [STDERR_REDIRECT] 
2026-07-09 00:11:13,041 [ERROR] LogOutputStream:75 - [STDERR_REDIRECT] [Fatal Error] :1:1: Premature end of file.
2026-07-09 00:11:13,041 [ERROR] LogOutputStream:75 - [STDERR_REDIRECT] 
2026-07-09 00:11:13,168 [INFO] ServerAccessManage:452 - Complete download http(s) 200
2026-07-09 00:11:13,168 [INFO] ServerAccessManage:509 - Download File Infineon.AIROC-Wi-Fi-Bluetooth-STM32.pdsc
2026-07-09 00:11:14,060 [ERROR] LogOutputStream:75 - [STDERR_REDIRECT] [Fatal Error] :1:1: Premature end of file.
2026-07-09 00:11:14,060 [ERROR] LogOutputStream:75 - [STDERR_REDIRECT] 
2026-07-09 00:11:15,264 [ERROR] LogOutputStream:75 - [STDERR_REDIRECT] [Fatal Error] :1:1: Premature end of file.
2026-07-09 00:11:15,265 [ERROR] LogOutputStream:75 - [STDERR_REDIRECT] 
2026-07-09 00:11:16,034 [ERROR] LogOutputStream:75 - [STDERR_REDIRECT] [Fatal Error] :1:1: Premature end of file.
2026-07-09 00:11:16,035 [ERROR] LogOutputStream:75 - [STDERR_REDIRECT] 
2026-07-09 00:11:17,030 [ERROR] LogOutputStream:75 - [STDERR_REDIRECT] [Fatal Error] :1:1: Premature end of file.
2026-07-09 00:11:17,031 [ERROR] LogOutputStream:75 - [STDERR_REDIRECT] 
2026-07-09 00:11:18,106 [ERROR] LogOutputStream:75 - [STDERR_REDIRECT] [Fatal Error] :1:1: Premature end of file.
2026-07-09 00:11:18,106 [ERROR] LogOutputStream:75 - [STDERR_REDIRECT] 
2026-07-09 00:11:19,206 [ERROR] LogOutputStream:75 - [STDERR_REDIRECT] [Fatal Error] :1:1: Premature end of file.
2026-07-09 00:11:19,206 [ERROR] LogOutputStream:75 - [STDERR_REDIRECT] 
2026-07-09 00:11:20,605 [ERROR] LogOutputStream:75 - [STDERR_REDIRECT] [Fatal Error] :1:1: Premature end of file.
2026-07-09 00:11:20,605 [ERROR] LogOutputStream:75 - [STDERR_REDIRECT] 
2026-07-09 00:11:21,067 [ERROR] LogOutputStream:75 - [STDERR_REDIRECT] [Fatal Error] :1:1: Premature end of file.
2026-07-09 00:11:21,068 [ERROR] LogOutputStream:75 - [STDERR_REDIRECT] 
2026-07-09 00:11:22,051 [ERROR] LogOutputStream:75 - [STDERR_REDIRECT] [Fatal Error] :1:1: Premature end of file.
2026-07-09 00:11:22,052 [ERROR] LogOutputStream:75 - [STDERR_REDIRECT] 
2026-07-09 00:11:23,125 [ERROR] LogOutputStream:75 - [STDERR_REDIRECT] [Fatal Error] :1:1: Premature end of file.
2026-07-09 00:11:23,126 [ERROR] LogOutputStream:75 - [STDERR_REDIRECT] 
2026-07-09 00:11:24,119 [ERROR] LogOutputStream:75 - [STDERR_REDIRECT] [Fatal Error] :1:1: Premature end of file.
2026-07-09 00:11:24,120 [ERROR] LogOutputStream:75 - [STDERR_REDIRECT] 
2026-07-09 00:11:25,076 [ERROR] LogOutputStream:75 - [STDERR_REDIRECT] [Fatal Error] :1:1: Premature end of file.
2026-07-09 00:11:25,077 [ERROR] LogOutputStream:75 - [STDERR_REDIRECT] 
2026-07-09 00:11:25,532 [INFO] ServerAccessManage:452 - Complete download http(s) 200
2026-07-09 00:11:25,532 [INFO] ServerAccessManage:509 - Download File Cesanta.I-CUBE-Mongoose.pdsc
2026-07-09 00:11:26,135 [ERROR] LogOutputStream:75 - [STDERR_REDIRECT] [Fatal Error] :1:1: Premature end of file.
2026-07-09 00:11:26,136 [ERROR] LogOutputStream:75 - [STDERR_REDIRECT] 
2026-07-09 00:11:27,054 [ERROR] LogOutputStream:75 - [STDERR_REDIRECT] [Fatal Error] :1:1: Premature end of file.
2026-07-09 00:11:27,054 [ERROR] LogOutputStream:75 - [STDERR_REDIRECT] 
2026-07-09 00:11:28,271 [ERROR] LogOutputStream:75 - [STDERR_REDIRECT] [Fatal Error] :1:1: Premature end of file.
2026-07-09 00:11:28,272 [ERROR] LogOutputStream:75 - [STDERR_REDIRECT] 
2026-07-09 00:11:29,173 [ERROR] LogOutputStream:75 - [STDERR_REDIRECT] [Fatal Error] :1:1: Premature end of file.
2026-07-09 00:11:29,173 [ERROR] LogOutputStream:75 - [STDERR_REDIRECT] 
2026-07-09 00:11:30,037 [ERROR] LogOutputStream:75 - [STDERR_REDIRECT] [Fatal Error] :1:1: Premature end of file.
2026-07-09 00:11:30,038 [ERROR] LogOutputStream:75 - [STDERR_REDIRECT] 
2026-07-09 00:11:31,317 [ERROR] LogOutputStream:75 - [STDERR_REDIRECT] [Fatal Error] :1:1: Premature end of file.
2026-07-09 00:11:31,317 [ERROR] LogOutputStream:75 - [STDERR_REDIRECT] 
2026-07-09 00:11:32,066 [ERROR] LogOutputStream:75 - [STDERR_REDIRECT] [Fatal Error] :1:1: Premature end of file.
2026-07-09 00:11:32,068 [ERROR] LogOutputStream:75 - [STDERR_REDIRECT] 
2026-07-09 00:11:33,061 [ERROR] LogOutputStream:75 - [STDERR_REDIRECT] [Fatal Error] :1:1: Premature end of file.
2026-07-09 00:11:33,062 [ERROR] LogOutputStream:75 - [STDERR_REDIRECT] 
2026-07-09 00:11:34,101 [ERROR] LogOutputStream:75 - [STDERR_REDIRECT] [Fatal Error] :1:1: Premature end of file.
2026-07-09 00:11:34,101 [ERROR] LogOutputStream:75 - [STDERR_REDIRECT] 
2026-07-09 00:11:35,460 [ERROR] LogOutputStream:75 - [STDERR_REDIRECT] [Fatal Error] :1:1: Premature end of file.
2026-07-09 00:11:35,460 [ERROR] LogOutputStream:75 - [STDERR_REDIRECT] 
2026-07-09 00:11:36,116 [ERROR] LogOutputStream:75 - [STDERR_REDIRECT] [Fatal Error] :1:1: Premature end of file.
2026-07-09 00:11:36,117 [ERROR] LogOutputStream:75 - [STDERR_REDIRECT] 
2026-07-09 00:11:37,056 [ERROR] LogOutputStream:75 - [STDERR_REDIRECT] [Fatal Error] :1:1: Premature end of file.
2026-07-09 00:11:37,056 [ERROR] LogOutputStream:75 - [STDERR_REDIRECT] 
2026-07-09 00:11:38,125 [ERROR] LogOutputStream:75 - [STDERR_REDIRECT] [Fatal Error] :1:1: Premature end of file.
2026-07-09 00:11:38,126 [ERROR] LogOutputStream:75 - [STDERR_REDIRECT] 
2026-07-09 00:11:39,105 [ERROR] LogOutputStream:75 - [STDERR_REDIRECT] [Fatal Error] :1:1: Premature end of file.
2026-07-09 00:11:39,106 [ERROR] LogOutputStream:75 - [STDERR_REDIRECT] 
2026-07-09 00:11:40,148 [ERROR] LogOutputStream:75 - [STDERR_REDIRECT] [Fatal Error] :1:1: Premature end of file.
2026-07-09 00:11:40,149 [ERROR] LogOutputStream:75 - [STDERR_REDIRECT] 
2026-07-09 00:11:41,104 [ERROR] LogOutputStream:75 - [STDERR_REDIRECT] [Fatal Error] :1:1: Premature end of file.
2026-07-09 00:11:41,104 [ERROR] LogOutputStream:75 - [STDERR_REDIRECT] 
2026-07-09 00:11:41,401 [INFO] ServerAccessManage:452 - Complete download http(s) 200
2026-07-09 00:11:41,402 [INFO] ServerAccessManage:509 - Download File EmbeddedOffice.I-CUBE-FS-RTOS.pdsc
2026-07-09 00:11:42,131 [ERROR] LogOutputStream:75 - [STDERR_REDIRECT] [Fatal Error] :1:1: Premature end of file.
2026-07-09 00:11:42,132 [ERROR] LogOutputStream:75 - [STDERR_REDIRECT] 
2026-07-09 00:11:43,173 [ERROR] LogOutputStream:75 - [STDERR_REDIRECT] [Fatal Error] :1:1: Premature end of file.
2026-07-09 00:11:43,174 [ERROR] LogOutputStream:75 - [STDERR_REDIRECT] 
2026-07-09 00:11:44,164 [ERROR] LogOutputStream:75 - [STDERR_REDIRECT] [Fatal Error] :1:1: Premature end of file.
2026-07-09 00:11:44,164 [ERROR] LogOutputStream:75 - [STDERR_REDIRECT] 
2026-07-09 00:11:44,569 [INFO] ServerAccessManage:452 - Complete download http(s) 200
2026-07-09 00:11:44,569 [INFO] ServerAccessManage:509 - Download File quantropi.X-CUBE-qispace-sdk-base.pdsc
2026-07-09 00:11:45,198 [ERROR] LogOutputStream:75 - [STDERR_REDIRECT] [Fatal Error] :1:1: Premature end of file.
2026-07-09 00:11:45,198 [ERROR] LogOutputStream:75 - [STDERR_REDIRECT] 
2026-07-09 00:11:46,212 [ERROR] LogOutputStream:75 - [STDERR_REDIRECT] [Fatal Error] :1:1: Premature end of file.
2026-07-09 00:11:46,213 [ERROR] LogOutputStream:75 - [STDERR_REDIRECT] 
2026-07-09 00:11:46,499 [ERROR] ServerAccessManage:1295 - Problem during Server Connection :  IO error PKIX path building failed: sun.security.provider.certpath.SunCertPathBuilderException: unable to find valid certification path to requested target
2026-07-09 00:11:46,500 [ERROR] ServerAccessManage:740 - Problem during Server Connection :  : Avnet-IOTCONNECT.X-CUBE-iotc-st67-sdk.pdsc.
2026-07-09 00:11:47,302 [WARN] PackLoader:240 - Cannot read IP mode file for STMicroelectronics.FP-ATR-ASTRA1.2.0.2
2026-07-09 00:11:47,319 [WARN] PackLoader:240 - Cannot read IP mode file for STMicroelectronics.FP-ATR-SIGFOX1.3.2.0
2026-07-09 00:11:47,346 [WARN] CheckServerUpdateThread:151 - Open CheckUpdateFile Fail
2026-07-09 00:11:47,359 [WARN] PackLoader:240 - Cannot read IP mode file for STMicroelectronics.FP-SNS-STBOX1.2.1.0
2026-07-09 00:11:47,378 [WARN] PackLoader:240 - Cannot read IP mode file for STMicroelectronics.FP-SNS-FLIGHT1.5.1.0
2026-07-09 00:11:47,394 [WARN] PackLoader:240 - Cannot read IP mode file for STMicroelectronics.FP-SNS-MOTENV1.5.1.0
2026-07-09 00:11:47,496 [WARN] PackLoader:240 - Cannot read IP mode file for STMicroelectronics.FP-SNS-MOTENVWB1.1.5.0
2026-07-09 00:11:47,514 [WARN] PackLoader:240 - Cannot read IP mode file for STMicroelectronics.FP-SNS-SMARTAG2.1.2.0
2026-07-09 00:11:47,551 [WARN] PackLoader:240 - Cannot read IP mode file for STMicroelectronics.FP-SNS-STAIOTCFT.1.1.0
2026-07-09 00:11:47,566 [WARN] PackLoader:240 - Cannot read IP mode file for STMicroelectronics.X-CUBE-AI.10.2.1
2026-07-09 00:11:47,579 [WARN] PackLoader:240 - Cannot read IP mode file for STMicroelectronics.X-CUBE-ALS.1.0.2
2026-07-09 00:11:47,583 [INFO] CheckServerUpdateThread:120 - End of CheckServer Thread
2026-07-09 00:11:47,596 [WARN] PackLoader:240 - Cannot read IP mode file for STMicroelectronics.X-CUBE-BLE1.7.1.0
2026-07-09 00:11:47,636 [WARN] PackLoader:240 - Cannot read IP mode file for STMicroelectronics.X-CUBE-BLE2.3.3.0
2026-07-09 00:11:47,665 [WARN] PopulateThirdPartyThread:106 - Error when creating pack: C:/Users/Samiran/.stm32cubemx/thirdparties/pdsc/STMicroelectronics.X-CUBE-BLEMGR.pdsc
2026-07-09 00:11:47,691 [WARN] PackLoader:240 - Cannot read IP mode file for STMicroelectronics.X-CUBE-DISPLAY.3.0.0
2026-07-09 00:11:47,711 [WARN] PackLoader:240 - Cannot read IP mode file for STMicroelectronics.X-CUBE-DPower.1.3.0
2026-07-09 00:11:47,727 [WARN] PackLoader:240 - Cannot read IP mode file for STMicroelectronics.X-CUBE-EEPRMA1.5.2.0
2026-07-09 00:11:47,749 [WARN] PackLoader:240 - Cannot read IP mode file for STMicroelectronics.X-CUBE-FREERTOS.1.6.0
2026-07-09 00:11:47,766 [WARN] PackLoader:240 - Cannot read IP mode file for STMicroelectronics.X-CUBE-GNSS1.7.1.1
2026-07-09 00:11:47,786 [WARN] PackLoader:240 - Cannot read IP mode file for STMicroelectronics.X-CUBE-ISPU.2.1.0
2026-07-09 00:11:47,825 [WARN] PackLoader:240 - Cannot read IP mode file for STMicroelectronics.X-CUBE-IPS.3.2.0
2026-07-09 00:11:48,013 [WARN] PackLoader:240 - Cannot read IP mode file for STMicroelectronics.X-CUBE-MEMS1.12.1.0
2026-07-09 00:11:48,228 [WARN] PackLoader:240 - Cannot read IP mode file for STMicroelectronics.X-CUBE-NFC4.3.0.0
2026-07-09 00:11:48,307 [WARN] PackLoader:240 - Cannot read IP mode file for STMicroelectronics.X-CUBE-NFC6.3.2.0
2026-07-09 00:11:48,323 [WARN] PackLoader:240 - Cannot read IP mode file for STMicroelectronics.X-CUBE-NFC7.2.0.0
2026-07-09 00:11:48,335 [WARN] PackLoader:240 - Cannot read IP mode file for STMicroelectronics.X-CUBE-NFC9.1.0.0
2026-07-09 00:11:48,350 [WARN] PackLoader:240 - Cannot read IP mode file for STMicroelectronics.X-CUBE-NFC10.1.0.0
2026-07-09 00:11:48,369 [WARN] PackLoader:240 - Cannot read IP mode file for STMicroelectronics.X-CUBE-NFC12.1.0.0
2026-07-09 00:11:48,386 [WARN] PackLoader:240 - Cannot read IP mode file for STMicroelectronics.X-CUBE-NFC13.1.0.0
2026-07-09 00:11:48,402 [WARN] PackLoader:240 - Cannot read IP mode file for STMicroelectronics.X-CUBE-SFXS2LP1.4.0.0
2026-07-09 00:11:48,435 [WARN] PackLoader:240 - Cannot read IP mode file for STMicroelectronics.X-CUBE-SUBG2.5.0.0
2026-07-09 00:11:48,445 [WARN] PopulateThirdPartyThread:106 - Error when creating pack: C:/Users/Samiran/.stm32cubemx/thirdparties/pdsc/STMicroelectronics.X-CUBE-SMBUS.pdsc
2026-07-09 00:11:48,452 [WARN] PackLoader:240 - Cannot read IP mode file for STMicroelectronics.X-CUBE-ST60.1.1.0
2026-07-09 00:11:48,458 [WARN] PopulateThirdPartyThread:106 - Error when creating pack: C:/Users/Samiran/.stm32cubemx/thirdparties/pdsc/STMicroelectronics.X-CUBE-ST67W61.pdsc
2026-07-09 00:11:48,469 [WARN] PackLoader:240 - Cannot read IP mode file for STMicroelectronics.X-CUBE-STSE01.2.0.0
2026-07-09 00:11:48,481 [WARN] PackLoader:240 - Cannot read IP mode file for STMicroelectronics.X-CUBE-PM33A1.1.0.0
2026-07-09 00:11:48,491 [WARN] PackLoader:240 - Cannot read IP mode file for STMicroelectronics.X-CUBE-TCPP.4.2.0
2026-07-09 00:11:48,507 [WARN] PackLoader:240 - Cannot read IP mode file for STMicroelectronics.X-CUBE-TOF1.3.4.3
2026-07-09 00:11:48,524 [WARN] PackLoader:240 - Cannot read IP mode file for STMicroelectronics.X-CUBE-TOUCHGFX.4.26.1
2026-07-09 00:11:48,535 [WARN] PackLoader:240 - Cannot read IP mode file for STMicroelectronics.X-CUBE-ALGOBUILD.1.5.0
2026-07-09 00:11:48,560 [WARN] PackLoader:240 - Cannot read IP mode file for STMicroelectronics.X-CUBE-AZRTOS-H7.3.5.0
2026-07-09 00:11:48,594 [WARN] PackLoader:240 - Cannot read IP mode file for STMicroelectronics.X-CUBE-AZRTOS-H7RS.1.3.0
2026-07-09 00:11:48,628 [WARN] PackLoader:240 - Cannot read IP mode file for STMicroelectronics.X-CUBE-AZRTOS-F4.1.1.0
2026-07-09 00:11:48,660 [WARN] PackLoader:240 - Cannot read IP mode file for STMicroelectronics.X-CUBE-AZRTOS-F7.1.1.0
2026-07-09 00:11:48,747 [WARN] ConditionMgr:438 - getConditionDescription Invalid condition id : LAN8742 Phy interface Condition cause : null
2026-07-09 00:11:48,748 [WARN] PackLoader:240 - Cannot read IP mode file for STMicroelectronics.X-CUBE-AZRTOS-L4.2.0.0
2026-07-09 00:11:48,753 [WARN] ConditionMgr:1044 - genDependencies : Invalid condition id : LAN8742 Phy interface Condition cause : null
2026-07-09 00:11:48,756 [WARN] ConditionMgr:1044 - genDependencies : Invalid condition id : LAN8742 Phy interface Condition cause : null
2026-07-09 00:11:48,757 [WARN] ConditionMgr:1044 - genDependencies : Invalid condition id : LAN8742 Phy interface Condition cause : null
2026-07-09 00:11:48,786 [WARN] PackLoader:240 - Cannot read IP mode file for STMicroelectronics.X-CUBE-AZRTOS-L5.2.0.0
2026-07-09 00:11:48,825 [WARN] PackLoader:240 - Cannot read IP mode file for STMicroelectronics.X-CUBE-AZRTOS-G0.1.1.0
2026-07-09 00:11:48,861 [WARN] PackLoader:240 - Cannot read IP mode file for STMicroelectronics.X-CUBE-AZRTOS-G4.2.0.0
2026-07-09 00:11:48,883 [WARN] ConditionMgr:438 - getConditionDescription Invalid condition id : UX DEVICE CLASS RTOS Condition cause : null
2026-07-09 00:11:48,883 [WARN] ConditionMgr:438 - getConditionDescription Invalid condition id : UX DEVICE CLASS RTOS Condition cause : null
2026-07-09 00:11:48,885 [WARN] PackLoader:240 - Cannot read IP mode file for STMicroelectronics.X-CUBE-AZRTOS-WB.2.0.0
2026-07-09 00:11:48,885 [WARN] ConditionMgr:1044 - genDependencies : Invalid condition id : UX DEVICE CLASS RTOS Condition cause : null
2026-07-09 00:11:48,927 [WARN] ConditionMgr:1044 - genDependencies : Invalid condition id : UX DEVICE CLASS RTOS Condition cause : null
2026-07-09 00:11:48,929 [WARN] ConditionMgr:1044 - genDependencies : Invalid condition id : UX DEVICE CLASS RTOS Condition cause : null
2026-07-09 00:11:48,929 [WARN] ConditionMgr:1044 - genDependencies : Invalid condition id : UX DEVICE CLASS RTOS Condition cause : null
2026-07-09 00:11:48,929 [WARN] ConditionMgr:1044 - genDependencies : Invalid condition id : UX DEVICE CLASS RTOS Condition cause : null
2026-07-09 00:11:48,946 [INFO] LogOutputStream:77 - [STDOUT_REDIRECT] 1 : Invalid condition id : UX_CORESTACK_Condition cause : null
2026-07-09 00:11:48,947 [INFO] LogOutputStream:77 - [STDOUT_REDIRECT] 1 : Invalid condition id : UX_CORESTACK_Condition cause : null
2026-07-09 00:11:48,949 [INFO] LogOutputStream:77 - [STDOUT_REDIRECT] 1 : Invalid condition id : UX_CORESTACK_Condition cause : null
2026-07-09 00:11:48,951 [INFO] LogOutputStream:77 - [STDOUT_REDIRECT] 1 : Invalid condition id : UX_CORESTACK_Condition cause : null
2026-07-09 00:11:48,955 [INFO] LogOutputStream:77 - [STDOUT_REDIRECT] 1 : Invalid condition id : UX_CORESTACK_Condition cause : null
2026-07-09 00:11:48,960 [WARN] PackLoader:240 - Cannot read IP mode file for STMicroelectronics.X-CUBE-AZRTOS-WL.2.0.0
2026-07-09 00:11:48,975 [WARN] PackLoader:240 - Cannot read IP mode file for STMicroelectronics.X-CUBE-WB05N.2.1.0
2026-07-09 00:11:48,980 [WARN] PopulateThirdPartyThread:106 - Error when creating pack: C:/Users/Samiran/.stm32cubemx/thirdparties/pdsc/STMicroelectronics.X-CUBE-WBA.pdsc
2026-07-09 00:11:48,990 [WARN] PackLoader:240 - Cannot read IP mode file for STMicroelectronics.eDS-WB_DPC_VIENNA.1.2.0
2026-07-09 00:11:48,996 [WARN] PackLoader:240 - Cannot read IP mode file for STMicroelectronics.eDS-WB_DPC_TT-BIDIR.2.1.1
2026-07-09 00:11:49,002 [WARN] PackLoader:240 - Cannot read IP mode file for STMicroelectronics.eDS-WB_DPC_3PH2L-BIDIR.1.1.1
2026-07-09 00:11:49,013 [WARN] PackLoader:240 - Cannot read IP mode file for wolfSSL.I-CUBE-wolfSSL.5.9.1
2026-07-09 00:11:49,027 [WARN] PackLoader:240 - Cannot read IP mode file for wolfSSL.I-CUBE-wolfMQTT.1.19.2
2026-07-09 00:11:49,035 [WARN] PackLoader:240 - Cannot read IP mode file for wolfSSL.I-CUBE-wolfTPM.3.8.0
2026-07-09 00:11:49,046 [WARN] PackLoader:240 - Cannot read IP mode file for wolfSSL.I-CUBE-wolfSSH.1.4.20
2026-07-09 00:11:49,053 [WARN] PackLoader:240 - Cannot read IP mode file for RealThread.X-CUBE-RT-Thread_Nano.4.1.1
2026-07-09 00:11:49,181 [WARN] PackLoader:240 - Cannot read IP mode file for SEGGER.I-CUBE-embOS.1.3.1
2026-07-09 00:11:49,257 [WARN] PackLoader:240 - Cannot read IP mode file for emotas.I-CUBE-CANOPEN.1.3.0
2026-07-09 00:11:49,270 [WARN] PackLoader:240 - Cannot read IP mode file for WES.I-CUBE-Cesium.1.4.0
2026-07-09 00:11:49,282 [WARN] PackLoader:240 - Cannot read IP mode file for ITTIA_DB.I-CUBE-ITTIADB.8.9.0
2026-07-09 00:11:49,364 [WARN] PackLoader:240 - Cannot read IP mode file for Infineon.AIROC-Wi-Fi-Bluetooth-STM32.1.8.0
2026-07-09 00:11:49,392 [WARN] PackLoader:240 - Cannot read IP mode file for Cesanta.I-CUBE-Mongoose.7.21.7
2026-07-09 00:11:49,413 [WARN] PackLoader:240 - Cannot read IP mode file for EmbeddedOffice.I-CUBE-FS-RTOS.1.0.1
2026-07-09 00:11:49,426 [WARN] ConditionMgr:438 - getConditionDescription Invalid condition id : Cortex-A Device cause : null
2026-07-09 00:11:49,512 [WARN] ConditionMgr:1044 - genDependencies : Invalid condition id : Cortex-A Device cause : null
2026-07-09 00:11:49,512 [WARN] ConditionMgr:1044 - genDependencies : Invalid condition id : Cortex-A Device cause : null
2026-07-09 00:11:49,512 [WARN] ConditionMgr:1044 - genDependencies : Invalid condition id : Cortex-A Device cause : null
2026-07-09 00:11:49,513 [INFO] PopulateThirdPartyThread:66 - Ending populate Thread
2026-07-09 00:11:49,576 [INFO] ThirdParty:1030 - CMSIS Pack Vendor :STMicroelectronics X-CUBE-AZRTOS-H7 3.5.0
2026-07-09 00:11:49,577 [INFO] ThirdParty:1030 - CMSIS Pack Vendor :STMicroelectronics X-CUBE-PM33A1 1.0.0
2026-07-09 00:11:49,577 [INFO] ThirdParty:1030 - CMSIS Pack Vendor :STMicroelectronics X-CUBE-NFC9 1.0.0
2026-07-09 00:11:49,577 [INFO] ThirdParty:1030 - CMSIS Pack Vendor :STMicroelectronics X-CUBE-AZRTOS-F4 1.1.0
2026-07-09 00:11:49,578 [INFO] ThirdParty:1030 - CMSIS Pack Vendor :STMicroelectronics FP-ATR-ASTRA1 2.0.2
2026-07-09 00:11:49,578 [INFO] ThirdParty:1030 - CMSIS Pack Vendor :STMicroelectronics X-CUBE-BLE1 7.1.0
2026-07-09 00:11:49,578 [INFO] ThirdParty:1030 - CMSIS Pack Vendor :wolfSSL I-CUBE-wolfMQTT 1.19.2
2026-07-09 00:11:49,578 [INFO] ThirdParty:1030 - CMSIS Pack Vendor :STMicroelectronics X-CUBE-ISPU 2.1.0
2026-07-09 00:11:49,578 [INFO] ThirdParty:1030 - CMSIS Pack Vendor :STMicroelectronics X-CUBE-EEPRMA1 5.2.0
2026-07-09 00:11:49,578 [INFO] ThirdParty:1030 - CMSIS Pack Vendor :STMicroelectronics X-CUBE-IPS 3.2.0
2026-07-09 00:11:49,578 [INFO] ThirdParty:1030 - CMSIS Pack Vendor :STMicroelectronics eDS-WB_DPC_TT-BIDIR 2.1.1
2026-07-09 00:11:49,578 [INFO] ThirdParty:1030 - CMSIS Pack Vendor :STMicroelectronics X-CUBE-AZRTOS-WB 2.0.0
2026-07-09 00:11:49,578 [INFO] ThirdParty:1030 - CMSIS Pack Vendor :STMicroelectronics X-CUBE-NFC12 1.0.0
2026-07-09 00:11:49,578 [INFO] ThirdParty:1030 - CMSIS Pack Vendor :STMicroelectronics X-CUBE-AZRTOS-F7 1.1.0
2026-07-09 00:11:49,578 [INFO] ThirdParty:1030 - CMSIS Pack Vendor :STMicroelectronics X-CUBE-AZRTOS-L5 2.0.0
2026-07-09 00:11:49,578 [INFO] ThirdParty:1030 - CMSIS Pack Vendor :STMicroelectronics X-CUBE-FREERTOS 1.6.0
2026-07-09 00:11:49,578 [INFO] ThirdParty:1030 - CMSIS Pack Vendor :STMicroelectronics FP-SNS-STAIOTCFT 1.1.0
2026-07-09 00:11:49,579 [INFO] ThirdParty:1030 - CMSIS Pack Vendor :quantropi X-CUBE-qispace-sdk-base 2.1.0
2026-07-09 00:11:49,579 [INFO] ThirdParty:1030 - CMSIS Pack Vendor :STMicroelectronics X-CUBE-STSE01 2.0.0
2026-07-09 00:11:49,579 [INFO] ThirdParty:1030 - CMSIS Pack Vendor :STMicroelectronics X-CUBE-ALGOBUILD 1.5.0
2026-07-09 00:11:49,579 [INFO] ThirdParty:1030 - CMSIS Pack Vendor :STMicroelectronics FP-SNS-MOTENV1 5.1.0
2026-07-09 00:11:49,579 [INFO] ThirdParty:1030 - CMSIS Pack Vendor :STMicroelectronics X-CUBE-AZRTOS-H7RS 1.3.0
2026-07-09 00:11:49,579 [INFO] ThirdParty:1030 - CMSIS Pack Vendor :STMicroelectronics X-CUBE-AZRTOS-G0 1.1.0
2026-07-09 00:11:49,579 [INFO] ThirdParty:1030 - CMSIS Pack Vendor :STMicroelectronics X-CUBE-NFC4 3.0.0
2026-07-09 00:11:49,579 [INFO] ThirdParty:1030 - CMSIS Pack Vendor :STMicroelectronics X-CUBE-SUBG2 5.0.0
2026-07-09 00:11:49,580 [INFO] ThirdParty:1030 - CMSIS Pack Vendor :STMicroelectronics eDS-WB_DPC_VIENNA 1.2.0
2026-07-09 00:11:49,580 [INFO] ThirdParty:1030 - CMSIS Pack Vendor :EmbeddedOffice I-CUBE-FS-RTOS 1.0.1
2026-07-09 00:11:49,580 [INFO] ThirdParty:1030 - CMSIS Pack Vendor :WES I-CUBE-Cesium 1.4.0
2026-07-09 00:11:49,580 [INFO] ThirdParty:1030 - CMSIS Pack Vendor :STMicroelectronics eDS-WB_DPC_3PH2L-BIDIR 1.1.1
2026-07-09 00:11:49,580 [INFO] ThirdParty:1030 - CMSIS Pack Vendor :STMicroelectronics X-CUBE-AZRTOS-G4 2.0.0
2026-07-09 00:11:49,580 [INFO] ThirdParty:1030 - CMSIS Pack Vendor :wolfSSL I-CUBE-wolfTPM 3.8.0
2026-07-09 00:11:49,580 [INFO] ThirdParty:1030 - CMSIS Pack Vendor :STMicroelectronics X-CUBE-DISPLAY 3.0.0
2026-07-09 00:11:49,580 [INFO] ThirdParty:1030 - CMSIS Pack Vendor :wolfSSL I-CUBE-wolfSSH 1.4.20
2026-07-09 00:11:49,580 [INFO] ThirdParty:1030 - CMSIS Pack Vendor :STMicroelectronics X-CUBE-NFC7 2.0.0
2026-07-09 00:11:49,580 [INFO] ThirdParty:1030 - CMSIS Pack Vendor :STMicroelectronics FP-SNS-MOTENVWB1 1.5.0
2026-07-09 00:11:49,581 [INFO] ThirdParty:1030 - CMSIS Pack Vendor :STMicroelectronics X-CUBE-GNSS1 7.1.1
2026-07-09 00:11:49,581 [INFO] ThirdParty:1030 - CMSIS Pack Vendor :STMicroelectronics X-CUBE-TCPP 4.2.0
2026-07-09 00:11:49,581 [INFO] ThirdParty:1030 - CMSIS Pack Vendor :RealThread X-CUBE-RT-Thread_Nano 4.1.1
2026-07-09 00:11:49,581 [INFO] ThirdParty:1030 - CMSIS Pack Vendor :STMicroelectronics FP-ATR-SIGFOX1 3.2.0
2026-07-09 00:11:49,581 [INFO] ThirdParty:1030 - CMSIS Pack Vendor :wolfSSL I-CUBE-wolfSSL 5.9.1
2026-07-09 00:11:49,581 [INFO] ThirdParty:1030 - CMSIS Pack Vendor :STMicroelectronics X-CUBE-NFC10 1.0.0
2026-07-09 00:11:49,581 [INFO] ThirdParty:1030 - CMSIS Pack Vendor :STMicroelectronics X-CUBE-ALS 1.0.2
2026-07-09 00:11:49,581 [INFO] ThirdParty:1030 - CMSIS Pack Vendor :STMicroelectronics X-CUBE-ST60 1.1.0
2026-07-09 00:11:49,581 [INFO] ThirdParty:1030 - CMSIS Pack Vendor :emotas I-CUBE-CANOPEN 1.3.0
2026-07-09 00:11:49,583 [INFO] ThirdParty:1030 - CMSIS Pack Vendor :ITTIA_DB I-CUBE-ITTIADB 8.9.0
2026-07-09 00:11:49,583 [INFO] ThirdParty:1030 - CMSIS Pack Vendor :Cesanta I-CUBE-Mongoose 7.21.7
2026-07-09 00:11:49,583 [INFO] ThirdParty:1030 - CMSIS Pack Vendor :STMicroelectronics X-CUBE-TOUCHGFX 4.26.1
2026-07-09 00:11:49,583 [INFO] ThirdParty:1030 - CMSIS Pack Vendor :STMicroelectronics X-CUBE-NFC6 3.2.0
2026-07-09 00:11:49,583 [INFO] ThirdParty:1030 - CMSIS Pack Vendor :STMicroelectronics FP-SNS-STBOX1 2.1.0
2026-07-09 00:11:49,583 [INFO] ThirdParty:1030 - CMSIS Pack Vendor :STMicroelectronics X-CUBE-AI 10.2.1
2026-07-09 00:11:49,584 [INFO] ThirdParty:1030 - CMSIS Pack Vendor :STMicroelectronics FP-SNS-SMARTAG2 1.2.0
2026-07-09 00:11:49,584 [INFO] ThirdParty:1030 - CMSIS Pack Vendor :STMicroelectronics X-CUBE-MEMS1 12.1.0
2026-07-09 00:11:49,584 [INFO] ThirdParty:1030 - CMSIS Pack Vendor :STMicroelectronics FP-SNS-FLIGHT1 5.1.0
2026-07-09 00:11:49,584 [INFO] ThirdParty:1030 - CMSIS Pack Vendor :STMicroelectronics X-CUBE-AZRTOS-WL 2.0.0
2026-07-09 00:11:49,584 [INFO] ThirdParty:1030 - CMSIS Pack Vendor :SEGGER I-CUBE-embOS 1.3.1
2026-07-09 00:11:49,584 [INFO] ThirdParty:1030 - CMSIS Pack Vendor :STMicroelectronics X-CUBE-DPower 1.3.0
2026-07-09 00:11:49,584 [INFO] ThirdParty:1030 - CMSIS Pack Vendor :STMicroelectronics X-CUBE-AZRTOS-L4 2.0.0
2026-07-09 00:11:49,584 [INFO] ThirdParty:1030 - CMSIS Pack Vendor :STMicroelectronics X-CUBE-SFXS2LP1 4.0.0
2026-07-09 00:11:49,584 [INFO] ThirdParty:1030 - CMSIS Pack Vendor :STMicroelectronics X-CUBE-BLE2 3.3.0
2026-07-09 00:11:49,584 [INFO] ThirdParty:1030 - CMSIS Pack Vendor :STMicroelectronics X-CUBE-TOF1 3.4.3
2026-07-09 00:11:49,584 [INFO] ThirdParty:1030 - CMSIS Pack Vendor :Infineon AIROC-Wi-Fi-Bluetooth-STM32 1.8.0
2026-07-09 00:11:49,585 [INFO] ThirdParty:1030 - CMSIS Pack Vendor :STMicroelectronics X-CUBE-NFC13 1.0.0
2026-07-09 00:11:49,585 [INFO] ThirdParty:1030 - CMSIS Pack Vendor :STMicroelectronics X-CUBE-WB05N 2.1.0
2026-07-09 00:11:49,586 [INFO] LoadServerUpdatesThread:375 - End of LoadServerUpdate Thread
2026-07-09 00:11:49,881 [ERROR] LogOutputStream:75 - [STDERR_REDIRECT] [Fatal Error] :1:1: Premature end of file.
2026-07-09 00:11:49,881 [ERROR] LogOutputStream:75 - [STDERR_REDIRECT] 
2026-07-09 00:11:54,995 [ERROR] LogOutputStream:75 - [STDERR_REDIRECT] [Fatal Error] :1:1: Premature end of file.
2026-07-09 00:11:54,995 [ERROR] LogOutputStream:75 - [STDERR_REDIRECT] 
2026-07-09 00:11:55,213 [ERROR] LogOutputStream:75 - [STDERR_REDIRECT] [Fatal Error] :1:1: Premature end of file.
2026-07-09 00:11:55,214 [ERROR] LogOutputStream:75 - [STDERR_REDIRECT] 
2026-07-09 00:11:55,395 [ERROR] LogOutputStream:75 - [STDERR_REDIRECT] [Fatal Error] :1:1: Premature end of file.
2026-07-09 00:11:55,396 [ERROR] LogOutputStream:75 - [STDERR_REDIRECT] 
2026-07-09 00:11:55,526 [ERROR] LogOutputStream:75 - [STDERR_REDIRECT] [Fatal Error] :1:1: Premature end of file.
2026-07-09 00:11:55,526 [ERROR] LogOutputStream:75 - [STDERR_REDIRECT] 
2026-07-09 00:11:56,028 [ERROR] LogOutputStream:75 - [STDERR_REDIRECT] [Fatal Error] :1:1: Premature end of file.
2026-07-09 00:11:56,029 [ERROR] LogOutputStream:75 - [STDERR_REDIRECT] 
2026-07-09 00:11:57,026 [ERROR] LogOutputStream:75 - [STDERR_REDIRECT] [Fatal Error] :1:1: Premature end of file.
2026-07-09 00:11:57,026 [ERROR] LogOutputStream:75 - [STDERR_REDIRECT] 
2026-07-09 00:11:57,157 [ERROR] LogOutputStream:75 - [STDERR_REDIRECT] [Fatal Error] :1:1: Premature end of file.
2026-07-09 00:11:57,157 [ERROR] LogOutputStream:75 - [STDERR_REDIRECT] 
2026-07-09 00:11:57,298 [ERROR] LogOutputStream:75 - [STDERR_REDIRECT] [Fatal Error] :1:1: Premature end of file.
2026-07-09 00:11:57,299 [ERROR] LogOutputStream:75 - [STDERR_REDIRECT] 
2026-07-09 00:11:57,460 [ERROR] LogOutputStream:75 - [STDERR_REDIRECT] [Fatal Error] :1:1: Premature end of file.
2026-07-09 00:11:57,460 [ERROR] LogOutputStream:75 - [STDERR_REDIRECT] 
2026-07-09 00:11:57,585 [ERROR] LogOutputStream:75 - [STDERR_REDIRECT] [Fatal Error] :1:1: Premature end of file.
2026-07-09 00:11:57,586 [ERROR] LogOutputStream:75 - [STDERR_REDIRECT] 
2026-07-09 00:11:58,143 [ERROR] LogOutputStream:75 - [STDERR_REDIRECT] [Fatal Error] :1:1: Premature end of file.
2026-07-09 00:11:58,143 [ERROR] LogOutputStream:75 - [STDERR_REDIRECT] 
2026-07-09 00:11:59,116 [ERROR] LogOutputStream:75 - [STDERR_REDIRECT] [Fatal Error] :1:1: Premature end of file.
2026-07-09 00:11:59,116 [ERROR] LogOutputStream:75 - [STDERR_REDIRECT] 
2026-07-09 00:12:00,228 [ERROR] LogOutputStream:75 - [STDERR_REDIRECT] [Fatal Error] :1:1: Premature end of file.
2026-07-09 00:12:00,230 [ERROR] LogOutputStream:75 - [STDERR_REDIRECT] 
2026-07-09 00:12:01,044 [ERROR] LogOutputStream:75 - [STDERR_REDIRECT] [Fatal Error] :1:1: Premature end of file.
2026-07-09 00:12:01,045 [ERROR] LogOutputStream:75 - [STDERR_REDIRECT] 
2026-07-09 00:12:02,083 [ERROR] LogOutputStream:75 - [STDERR_REDIRECT] [Fatal Error] :1:1: Premature end of file.
2026-07-09 00:12:02,083 [ERROR] LogOutputStream:75 - [STDERR_REDIRECT] 
2026-07-09 00:12:03,048 [ERROR] LogOutputStream:75 - [STDERR_REDIRECT] [Fatal Error] :1:1: Premature end of file.
2026-07-09 00:12:03,048 [ERROR] LogOutputStream:75 - [STDERR_REDIRECT] 
2026-07-09 00:12:04,035 [ERROR] LogOutputStream:75 - [STDERR_REDIRECT] [Fatal Error] :1:1: Premature end of file.
2026-07-09 00:12:04,035 [ERROR] LogOutputStream:75 - [STDERR_REDIRECT] 
2026-07-09 00:12:05,038 [ERROR] LogOutputStream:75 - [STDERR_REDIRECT] [Fatal Error] :1:1: Premature end of file.
2026-07-09 00:12:05,039 [ERROR] LogOutputStream:75 - [STDERR_REDIRECT] 
2026-07-09 00:12:06,059 [ERROR] LogOutputStream:75 - [STDERR_REDIRECT] [Fatal Error] :1:1: Premature end of file.
2026-07-09 00:12:06,060 [ERROR] LogOutputStream:75 - [STDERR_REDIRECT] 
2026-07-09 00:12:07,042 [ERROR] LogOutputStream:75 - [STDERR_REDIRECT] [Fatal Error] :1:1: Premature end of file.
2026-07-09 00:12:07,042 [ERROR] LogOutputStream:75 - [STDERR_REDIRECT] 
2026-07-09 00:12:08,042 [ERROR] LogOutputStream:75 - [STDERR_REDIRECT] [Fatal Error] :1:1: Premature end of file.
2026-07-09 00:12:08,042 [ERROR] LogOutputStream:75 - [STDERR_REDIRECT] 
2026-07-09 00:12:09,077 [ERROR] LogOutputStream:75 - [STDERR_REDIRECT] [Fatal Error] :1:1: Premature end of file.
2026-07-09 00:12:09,078 [ERROR] LogOutputStream:75 - [STDERR_REDIRECT] 
2026-07-09 00:12:10,080 [ERROR] LogOutputStream:75 - [STDERR_REDIRECT] [Fatal Error] :1:1: Premature end of file.
2026-07-09 00:12:10,080 [ERROR] LogOutputStream:75 - [STDERR_REDIRECT] 
2026-07-09 00:12:11,237 [ERROR] LogOutputStream:75 - [STDERR_REDIRECT] [Fatal Error] :1:1: Premature end of file.
2026-07-09 00:12:11,237 [ERROR] LogOutputStream:75 - [STDERR_REDIRECT] 
2026-07-09 00:12:12,060 [ERROR] LogOutputStream:75 - [STDERR_REDIRECT] [Fatal Error] :1:1: Premature end of file.
2026-07-09 00:12:12,060 [ERROR] LogOutputStream:75 - [STDERR_REDIRECT] 
2026-07-09 00:12:13,092 [ERROR] LogOutputStream:75 - [STDERR_REDIRECT] [Fatal Error] :1:1: Premature end of file.
2026-07-09 00:12:13,093 [ERROR] LogOutputStream:75 - [STDERR_REDIRECT] 
2026-07-09 00:12:14,072 [ERROR] LogOutputStream:75 - [STDERR_REDIRECT] [Fatal Error] :1:1: Premature end of file.
2026-07-09 00:12:14,073 [ERROR] LogOutputStream:75 - [STDERR_REDIRECT] 
2026-07-09 00:12:15,074 [ERROR] LogOutputStream:75 - [STDERR_REDIRECT] [Fatal Error] :1:1: Premature end of file.
2026-07-09 00:12:15,075 [ERROR] LogOutputStream:75 - [STDERR_REDIRECT] 
2026-07-09 00:12:16,077 [ERROR] LogOutputStream:75 - [STDERR_REDIRECT] [Fatal Error] :1:1: Premature end of file.
2026-07-09 00:12:16,077 [ERROR] LogOutputStream:75 - [STDERR_REDIRECT] 
2026-07-09 00:12:17,064 [ERROR] LogOutputStream:75 - [STDERR_REDIRECT] [Fatal Error] :1:1: Premature end of file.
2026-07-09 00:12:17,065 [ERROR] LogOutputStream:75 - [STDERR_REDIRECT] 
2026-07-09 00:12:18,055 [ERROR] LogOutputStream:75 - [STDERR_REDIRECT] [Fatal Error] :1:1: Premature end of file.
2026-07-09 00:12:18,056 [ERROR] LogOutputStream:75 - [STDERR_REDIRECT] 
2026-07-09 00:12:19,692 [ERROR] LogOutputStream:75 - [STDERR_REDIRECT] [Fatal Error] :1:1: Premature end of file.
2026-07-09 00:12:19,692 [ERROR] LogOutputStream:75 - [STDERR_REDIRECT] 
2026-07-09 00:12:20,202 [ERROR] LogOutputStream:75 - [STDERR_REDIRECT] [Fatal Error] :1:1: Premature end of file.
2026-07-09 00:12:20,202 [ERROR] LogOutputStream:75 - [STDERR_REDIRECT] 
2026-07-09 00:12:21,157 [ERROR] LogOutputStream:75 - [STDERR_REDIRECT] [Fatal Error] :1:1: Premature end of file.
2026-07-09 00:12:21,157 [ERROR] LogOutputStream:75 - [STDERR_REDIRECT] 
2026-07-09 00:12:22,159 [ERROR] LogOutputStream:75 - [STDERR_REDIRECT] [Fatal Error] :1:1: Premature end of file.
2026-07-09 00:12:22,160 [ERROR] LogOutputStream:75 - [STDERR_REDIRECT] 
2026-07-09 00:12:23,061 [ERROR] LogOutputStream:75 - [STDERR_REDIRECT] [Fatal Error] :1:1: Premature end of file.
2026-07-09 00:12:23,063 [ERROR] LogOutputStream:75 - [STDERR_REDIRECT] 
2026-07-09 00:12:24,252 [ERROR] LogOutputStream:75 - [STDERR_REDIRECT] [Fatal Error] :1:1: Premature end of file.
2026-07-09 00:12:24,252 [ERROR] LogOutputStream:75 - [STDERR_REDIRECT] 
2026-07-09 00:12:25,079 [ERROR] LogOutputStream:75 - [STDERR_REDIRECT] [Fatal Error] :1:1: Premature end of file.
2026-07-09 00:12:25,081 [ERROR] LogOutputStream:75 - [STDERR_REDIRECT] 
2026-07-09 00:12:26,225 [ERROR] LogOutputStream:75 - [STDERR_REDIRECT] [Fatal Error] :1:1: Premature end of file.
2026-07-09 00:12:26,227 [ERROR] LogOutputStream:75 - [STDERR_REDIRECT] 
2026-07-09 00:12:27,108 [ERROR] LogOutputStream:75 - [STDERR_REDIRECT] [Fatal Error] :1:1: Premature end of file.
2026-07-09 00:12:27,108 [ERROR] LogOutputStream:75 - [STDERR_REDIRECT] 
2026-07-09 00:12:29,533 [ERROR] LogOutputStream:75 - [STDERR_REDIRECT] [Fatal Error] :1:1: Premature end of file.
2026-07-09 00:12:29,534 [ERROR] LogOutputStream:75 - [STDERR_REDIRECT] 
2026-07-09 00:12:29,841 [ERROR] LogOutputStream:75 - [STDERR_REDIRECT] [Fatal Error] :1:1: Premature end of file.
2026-07-09 00:12:29,841 [ERROR] LogOutputStream:75 - [STDERR_REDIRECT] 
2026-07-09 00:12:30,083 [ERROR] LogOutputStream:75 - [STDERR_REDIRECT] [Fatal Error] :1:1: Premature end of file.
2026-07-09 00:12:30,083 [ERROR] LogOutputStream:75 - [STDERR_REDIRECT] 
2026-07-09 00:12:31,055 [ERROR] LogOutputStream:75 - [STDERR_REDIRECT] [Fatal Error] :1:1: Premature end of file.
2026-07-09 00:12:31,055 [ERROR] LogOutputStream:75 - [STDERR_REDIRECT] 
2026-07-09 00:12:32,217 [ERROR] LogOutputStream:75 - [STDERR_REDIRECT] [Fatal Error] :1:1: Premature end of file.
2026-07-09 00:12:32,218 [ERROR] LogOutputStream:75 - [STDERR_REDIRECT] 
2026-07-09 00:12:33,039 [ERROR] LogOutputStream:75 - [STDERR_REDIRECT] [Fatal Error] :1:1: Premature end of file.
2026-07-09 00:12:33,040 [ERROR] LogOutputStream:75 - [STDERR_REDIRECT] 
2026-07-09 00:12:34,316 [ERROR] LogOutputStream:75 - [STDERR_REDIRECT] [Fatal Error] :1:1: Premature end of file.
2026-07-09 00:12:34,317 [ERROR] LogOutputStream:75 - [STDERR_REDIRECT] 
2026-07-09 00:12:35,142 [ERROR] LogOutputStream:75 - [STDERR_REDIRECT] [Fatal Error] :1:1: Premature end of file.
2026-07-09 00:12:35,143 [ERROR] LogOutputStream:75 - [STDERR_REDIRECT] 
2026-07-09 00:12:37,502 [ERROR] LogOutputStream:75 - [STDERR_REDIRECT] [Fatal Error] :1:1: Premature end of file.
2026-07-09 00:12:37,502 [ERROR] LogOutputStream:75 - [STDERR_REDIRECT] 
2026-07-09 00:12:37,619 [ERROR] LogOutputStream:75 - [STDERR_REDIRECT] [Fatal Error] :1:1: Premature end of file.
2026-07-09 00:12:37,619 [ERROR] LogOutputStream:75 - [STDERR_REDIRECT] 
2026-07-09 00:12:38,067 [ERROR] LogOutputStream:75 - [STDERR_REDIRECT] [Fatal Error] :1:1: Premature end of file.
2026-07-09 00:12:38,067 [ERROR] LogOutputStream:75 - [STDERR_REDIRECT] 
2026-07-09 00:12:39,109 [ERROR] LogOutputStream:75 - [STDERR_REDIRECT] [Fatal Error] :1:1: Premature end of file.
2026-07-09 00:12:39,110 [ERROR] LogOutputStream:75 - [STDERR_REDIRECT] 
2026-07-09 00:12:40,038 [ERROR] LogOutputStream:75 - [STDERR_REDIRECT] [Fatal Error] :1:1: Premature end of file.
2026-07-09 00:12:40,038 [ERROR] LogOutputStream:75 - [STDERR_REDIRECT] 
2026-07-09 00:12:41,134 [ERROR] LogOutputStream:75 - [STDERR_REDIRECT] [Fatal Error] :1:1: Premature end of file.
2026-07-09 00:12:41,135 [ERROR] LogOutputStream:75 - [STDERR_REDIRECT] 
2026-07-09 00:12:43,621 [ERROR] LogOutputStream:75 - [STDERR_REDIRECT] [Fatal Error] :1:1: Premature end of file.
2026-07-09 00:12:43,622 [ERROR] LogOutputStream:75 - [STDERR_REDIRECT] 
2026-07-09 00:12:43,801 [ERROR] LogOutputStream:75 - [STDERR_REDIRECT] [Fatal Error] :1:1: Premature end of file.
2026-07-09 00:12:43,802 [ERROR] LogOutputStream:75 - [STDERR_REDIRECT] 
2026-07-09 00:12:44,103 [ERROR] LogOutputStream:75 - [STDERR_REDIRECT] [Fatal Error] :1:1: Premature end of file.
2026-07-09 00:12:44,103 [ERROR] LogOutputStream:75 - [STDERR_REDIRECT] 
2026-07-09 00:12:45,068 [ERROR] LogOutputStream:75 - [STDERR_REDIRECT] [Fatal Error] :1:1: Premature end of file.
2026-07-09 00:12:45,068 [ERROR] LogOutputStream:75 - [STDERR_REDIRECT] 
2026-07-09 00:12:46,646 [ERROR] LogOutputStream:75 - [STDERR_REDIRECT] [Fatal Error] :1:1: Premature end of file.
2026-07-09 00:12:46,647 [ERROR] LogOutputStream:75 - [STDERR_REDIRECT] 
2026-07-09 00:12:47,076 [ERROR] LogOutputStream:75 - [STDERR_REDIRECT] [Fatal Error] :1:1: Premature end of file.
2026-07-09 00:12:47,077 [ERROR] LogOutputStream:75 - [STDERR_REDIRECT] 
2026-07-09 00:12:48,074 [ERROR] LogOutputStream:75 - [STDERR_REDIRECT] [Fatal Error] :1:1: Premature end of file.
2026-07-09 00:12:48,076 [ERROR] LogOutputStream:75 - [STDERR_REDIRECT] 
2026-07-09 00:12:49,054 [ERROR] LogOutputStream:75 - [STDERR_REDIRECT] [Fatal Error] :1:1: Premature end of file.
2026-07-09 00:12:49,058 [ERROR] LogOutputStream:75 - [STDERR_REDIRECT] 
2026-07-09 00:12:50,062 [ERROR] LogOutputStream:75 - [STDERR_REDIRECT] [Fatal Error] :1:1: Premature end of file.
2026-07-09 00:12:50,062 [ERROR] LogOutputStream:75 - [STDERR_REDIRECT] 
2026-07-09 00:12:51,051 [ERROR] LogOutputStream:75 - [STDERR_REDIRECT] [Fatal Error] :1:1: Premature end of file.
2026-07-09 00:12:51,051 [ERROR] LogOutputStream:75 - [STDERR_REDIRECT] 
2026-07-09 00:12:52,045 [ERROR] LogOutputStream:75 - [STDERR_REDIRECT] [Fatal Error] :1:1: Premature end of file.
2026-07-09 00:12:52,046 [ERROR] LogOutputStream:75 - [STDERR_REDIRECT] 
2026-07-09 00:12:53,069 [ERROR] LogOutputStream:75 - [STDERR_REDIRECT] [Fatal Error] :1:1: Premature end of file.
2026-07-09 00:12:53,074 [ERROR] LogOutputStream:75 - [STDERR_REDIRECT] 
2026-07-09 00:12:54,085 [ERROR] LogOutputStream:75 - [STDERR_REDIRECT] [Fatal Error] :1:1: Premature end of file.
2026-07-09 00:12:54,086 [ERROR] LogOutputStream:75 - [STDERR_REDIRECT] 
2026-07-09 00:12:55,076 [ERROR] LogOutputStream:75 - [STDERR_REDIRECT] [Fatal Error] :1:1: Premature end of file.
2026-07-09 00:12:55,078 [ERROR] LogOutputStream:75 - [STDERR_REDIRECT] 
2026-07-09 00:12:56,079 [ERROR] LogOutputStream:75 - [STDERR_REDIRECT] [Fatal Error] :1:1: Premature end of file.
2026-07-09 00:12:56,080 [ERROR] LogOutputStream:75 - [STDERR_REDIRECT] 
2026-07-09 00:12:57,060 [ERROR] LogOutputStream:75 - [STDERR_REDIRECT] [Fatal Error] :1:1: Premature end of file.
2026-07-09 00:12:57,061 [ERROR] LogOutputStream:75 - [STDERR_REDIRECT] 
2026-07-09 00:12:58,063 [ERROR] LogOutputStream:75 - [STDERR_REDIRECT] [Fatal Error] :1:1: Premature end of file.
2026-07-09 00:12:58,064 [ERROR] LogOutputStream:75 - [STDERR_REDIRECT] 
2026-07-09 00:12:59,060 [ERROR] LogOutputStream:75 - [STDERR_REDIRECT] [Fatal Error] :1:1: Premature end of file.
2026-07-09 00:12:59,060 [ERROR] LogOutputStream:75 - [STDERR_REDIRECT] 
2026-07-09 00:13:00,088 [ERROR] LogOutputStream:75 - [STDERR_REDIRECT] [Fatal Error] :1:1: Premature end of file.
2026-07-09 00:13:00,091 [ERROR] LogOutputStream:75 - [STDERR_REDIRECT] 
2026-07-09 00:13:01,047 [ERROR] LogOutputStream:75 - [STDERR_REDIRECT] [Fatal Error] :1:1: Premature end of file.
2026-07-09 00:13:01,049 [ERROR] LogOutputStream:75 - [STDERR_REDIRECT] 
2026-07-09 00:13:02,056 [ERROR] LogOutputStream:75 - [STDERR_REDIRECT] [Fatal Error] :1:1: Premature end of file.
2026-07-09 00:13:02,057 [ERROR] LogOutputStream:75 - [STDERR_REDIRECT] 
2026-07-09 00:13:03,076 [ERROR] LogOutputStream:75 - [STDERR_REDIRECT] [Fatal Error] :1:1: Premature end of file.
2026-07-09 00:13:03,077 [ERROR] LogOutputStream:75 - [STDERR_REDIRECT] 
2026-07-09 00:13:04,044 [ERROR] LogOutputStream:75 - [STDERR_REDIRECT] [Fatal Error] :1:1: Premature end of file.
2026-07-09 00:13:04,050 [ERROR] LogOutputStream:75 - [STDERR_REDIRECT] 
2026-07-09 00:13:05,064 [ERROR] LogOutputStream:75 - [STDERR_REDIRECT] [Fatal Error] :1:1: Premature end of file.
2026-07-09 00:13:05,064 [ERROR] LogOutputStream:75 - [STDERR_REDIRECT] 
2026-07-09 00:13:06,056 [ERROR] LogOutputStream:75 - [STDERR_REDIRECT] [Fatal Error] :1:1: Premature end of file.
2026-07-09 00:13:06,056 [ERROR] LogOutputStream:75 - [STDERR_REDIRECT] 
2026-07-09 00:13:07,061 [ERROR] LogOutputStream:75 - [STDERR_REDIRECT] [Fatal Error] :1:1: Premature end of file.
2026-07-09 00:13:07,062 [ERROR] LogOutputStream:75 - [STDERR_REDIRECT] 
2026-07-09 00:13:08,104 [ERROR] LogOutputStream:75 - [STDERR_REDIRECT] [Fatal Error] :1:1: Premature end of file.
2026-07-09 00:13:08,105 [ERROR] LogOutputStream:75 - [STDERR_REDIRECT] 
2026-07-09 00:13:09,079 [ERROR] LogOutputStream:75 - [STDERR_REDIRECT] [Fatal Error] :1:1: Premature end of file.
2026-07-09 00:13:09,080 [ERROR] LogOutputStream:75 - [STDERR_REDIRECT] 
2026-07-09 00:13:10,119 [ERROR] LogOutputStream:75 - [STDERR_REDIRECT] [Fatal Error] :1:1: Premature end of file.
2026-07-09 00:13:10,120 [ERROR] LogOutputStream:75 - [STDERR_REDIRECT] 
2026-07-09 00:13:11,081 [ERROR] LogOutputStream:75 - [STDERR_REDIRECT] [Fatal Error] :1:1: Premature end of file.
2026-07-09 00:13:11,081 [ERROR] LogOutputStream:75 - [STDERR_REDIRECT] 
2026-07-09 00:13:12,075 [ERROR] LogOutputStream:75 - [STDERR_REDIRECT] [Fatal Error] :1:1: Premature end of file.
2026-07-09 00:13:12,076 [ERROR] LogOutputStream:75 - [STDERR_REDIRECT] 
2026-07-09 00:13:13,059 [ERROR] LogOutputStream:75 - [STDERR_REDIRECT] [Fatal Error] :1:1: Premature end of file.
2026-07-09 00:13:13,060 [ERROR] LogOutputStream:75 - [STDERR_REDIRECT] 
2026-07-09 00:13:14,089 [ERROR] LogOutputStream:75 - [STDERR_REDIRECT] [Fatal Error] :1:1: Premature end of file.
2026-07-09 00:13:14,090 [ERROR] LogOutputStream:75 - [STDERR_REDIRECT] 
2026-07-09 00:13:15,058 [ERROR] LogOutputStream:75 - [STDERR_REDIRECT] [Fatal Error] :1:1: Premature end of file.
2026-07-09 00:13:15,060 [ERROR] LogOutputStream:75 - [STDERR_REDIRECT] 
2026-07-09 00:13:16,258 [ERROR] LogOutputStream:75 - [STDERR_REDIRECT] [Fatal Error] :1:1: Premature end of file.
2026-07-09 00:13:16,258 [ERROR] LogOutputStream:75 - [STDERR_REDIRECT] 
2026-07-09 00:13:17,263 [ERROR] LogOutputStream:75 - [STDERR_REDIRECT] [Fatal Error] :1:1: Premature end of file.
2026-07-09 00:13:17,263 [ERROR] LogOutputStream:75 - [STDERR_REDIRECT] 
2026-07-09 00:13:18,370 [ERROR] LogOutputStream:75 - [STDERR_REDIRECT] [Fatal Error] :1:1: Premature end of file.
2026-07-09 00:13:18,371 [ERROR] LogOutputStream:75 - [STDERR_REDIRECT] 
2026-07-09 00:13:19,074 [ERROR] LogOutputStream:75 - [STDERR_REDIRECT] [Fatal Error] :1:1: Premature end of file.
2026-07-09 00:13:19,074 [ERROR] LogOutputStream:75 - [STDERR_REDIRECT] 
2026-07-09 00:13:20,079 [ERROR] LogOutputStream:75 - [STDERR_REDIRECT] [Fatal Error] :1:1: Premature end of file.
2026-07-09 00:13:20,084 [ERROR] LogOutputStream:75 - [STDERR_REDIRECT] 
2026-07-09 00:13:21,075 [ERROR] LogOutputStream:75 - [STDERR_REDIRECT] [Fatal Error] :1:1: Premature end of file.
2026-07-09 00:13:21,098 [ERROR] LogOutputStream:75 - [STDERR_REDIRECT] 
2026-07-09 00:13:22,037 [ERROR] LogOutputStream:75 - [STDERR_REDIRECT] [Fatal Error] :1:1: Premature end of file.
2026-07-09 00:13:22,038 [ERROR] LogOutputStream:75 - [STDERR_REDIRECT] 
2026-07-09 00:13:23,051 [ERROR] LogOutputStream:75 - [STDERR_REDIRECT] [Fatal Error] :1:1: Premature end of file.
2026-07-09 00:13:23,051 [ERROR] LogOutputStream:75 - [STDERR_REDIRECT] 
2026-07-09 00:13:24,087 [ERROR] LogOutputStream:75 - [STDERR_REDIRECT] [Fatal Error] :1:1: Premature end of file.
2026-07-09 00:13:24,088 [ERROR] LogOutputStream:75 - [STDERR_REDIRECT] 
2026-07-09 00:13:25,034 [ERROR] LogOutputStream:75 - [STDERR_REDIRECT] [Fatal Error] :1:1: Premature end of file.
2026-07-09 00:13:25,035 [ERROR] LogOutputStream:75 - [STDERR_REDIRECT] 
2026-07-09 00:13:26,051 [ERROR] LogOutputStream:75 - [STDERR_REDIRECT] [Fatal Error] :1:1: Premature end of file.
2026-07-09 00:13:26,051 [ERROR] LogOutputStream:75 - [STDERR_REDIRECT] 
2026-07-09 00:13:27,060 [ERROR] LogOutputStream:75 - [STDERR_REDIRECT] [Fatal Error] :1:1: Premature end of file.
2026-07-09 00:13:27,060 [ERROR] LogOutputStream:75 - [STDERR_REDIRECT] 
2026-07-09 00:13:28,051 [ERROR] LogOutputStream:75 - [STDERR_REDIRECT] [Fatal Error] :1:1: Premature end of file.
2026-07-09 00:13:28,051 [ERROR] LogOutputStream:75 - [STDERR_REDIRECT] 
2026-07-09 00:13:29,057 [ERROR] LogOutputStream:75 - [STDERR_REDIRECT] [Fatal Error] :1:1: Premature end of file.
2026-07-09 00:13:29,058 [ERROR] LogOutputStream:75 - [STDERR_REDIRECT] 
2026-07-09 00:13:30,082 [ERROR] LogOutputStream:75 - [STDERR_REDIRECT] [Fatal Error] :1:1: Premature end of file.
2026-07-09 00:13:30,082 [ERROR] LogOutputStream:75 - [STDERR_REDIRECT] 
2026-07-09 00:13:31,038 [ERROR] LogOutputStream:75 - [STDERR_REDIRECT] [Fatal Error] :1:1: Premature end of file.
2026-07-09 00:13:31,039 [ERROR] LogOutputStream:75 - [STDERR_REDIRECT] 
2026-07-09 00:13:32,040 [ERROR] LogOutputStream:75 - [STDERR_REDIRECT] [Fatal Error] :1:1: Premature end of file.
2026-07-09 00:13:32,041 [ERROR] LogOutputStream:75 - [STDERR_REDIRECT] 
2026-07-09 00:13:33,037 [ERROR] LogOutputStream:75 - [STDERR_REDIRECT] [Fatal Error] :1:1: Premature end of file.
2026-07-09 00:13:33,038 [ERROR] LogOutputStream:75 - [STDERR_REDIRECT] 
2026-07-09 00:13:34,048 [ERROR] LogOutputStream:75 - [STDERR_REDIRECT] [Fatal Error] :1:1: Premature end of file.
2026-07-09 00:13:34,050 [ERROR] LogOutputStream:75 - [STDERR_REDIRECT] 
2026-07-09 00:13:35,064 [ERROR] LogOutputStream:75 - [STDERR_REDIRECT] [Fatal Error] :1:1: Premature end of file.
2026-07-09 00:13:35,067 [ERROR] LogOutputStream:75 - [STDERR_REDIRECT] 
2026-07-09 00:13:36,087 [ERROR] LogOutputStream:75 - [STDERR_REDIRECT] [Fatal Error] :1:1: Premature end of file.
2026-07-09 00:13:36,087 [ERROR] LogOutputStream:75 - [STDERR_REDIRECT] 
2026-07-09 00:13:37,058 [ERROR] LogOutputStream:75 - [STDERR_REDIRECT] [Fatal Error] :1:1: Premature end of file.
2026-07-09 00:13:37,062 [ERROR] LogOutputStream:75 - [STDERR_REDIRECT] 
2026-07-09 00:13:38,057 [ERROR] LogOutputStream:75 - [STDERR_REDIRECT] [Fatal Error] :1:1: Premature end of file.
2026-07-09 00:13:38,061 [ERROR] LogOutputStream:75 - [STDERR_REDIRECT] 
2026-07-09 00:13:39,068 [ERROR] LogOutputStream:75 - [STDERR_REDIRECT] [Fatal Error] :1:1: Premature end of file.
2026-07-09 00:13:39,068 [ERROR] LogOutputStream:75 - [STDERR_REDIRECT] 
2026-07-09 00:13:40,204 [ERROR] LogOutputStream:75 - [STDERR_REDIRECT] [Fatal Error] :1:1: Premature end of file.
2026-07-09 00:13:40,205 [ERROR] LogOutputStream:75 - [STDERR_REDIRECT] 
2026-07-09 00:13:41,089 [ERROR] LogOutputStream:75 - [STDERR_REDIRECT] [Fatal Error] :1:1: Premature end of file.
2026-07-09 00:13:41,089 [ERROR] LogOutputStream:75 - [STDERR_REDIRECT] 
2026-07-09 00:13:42,146 [ERROR] LogOutputStream:75 - [STDERR_REDIRECT] [Fatal Error] :1:1: Premature end of file.
2026-07-09 00:13:42,147 [ERROR] LogOutputStream:75 - [STDERR_REDIRECT] 
2026-07-09 00:13:43,052 [ERROR] LogOutputStream:75 - [STDERR_REDIRECT] [Fatal Error] :1:1: Premature end of file.
2026-07-09 00:13:43,053 [ERROR] LogOutputStream:75 - [STDERR_REDIRECT] 
2026-07-09 00:13:44,160 [ERROR] LogOutputStream:75 - [STDERR_REDIRECT] [Fatal Error] :1:1: Premature end of file.
2026-07-09 00:13:44,160 [ERROR] LogOutputStream:75 - [STDERR_REDIRECT] 
2026-07-09 00:13:45,049 [ERROR] LogOutputStream:75 - [STDERR_REDIRECT] [Fatal Error] :1:1: Premature end of file.
2026-07-09 00:13:45,049 [ERROR] LogOutputStream:75 - [STDERR_REDIRECT] 
2026-07-09 00:13:46,078 [ERROR] LogOutputStream:75 - [STDERR_REDIRECT] [Fatal Error] :1:1: Premature end of file.
2026-07-09 00:13:46,078 [ERROR] LogOutputStream:75 - [STDERR_REDIRECT] 
2026-07-09 00:13:47,060 [ERROR] LogOutputStream:75 - [STDERR_REDIRECT] [Fatal Error] :1:1: Premature end of file.
2026-07-09 00:13:47,060 [ERROR] LogOutputStream:75 - [STDERR_REDIRECT] 
2026-07-09 00:13:48,058 [ERROR] LogOutputStream:75 - [STDERR_REDIRECT] [Fatal Error] :1:1: Premature end of file.
2026-07-09 00:13:48,058 [ERROR] LogOutputStream:75 - [STDERR_REDIRECT] 
2026-07-09 00:13:49,095 [ERROR] LogOutputStream:75 - [STDERR_REDIRECT] [Fatal Error] :1:1: Premature end of file.
2026-07-09 00:13:49,096 [ERROR] LogOutputStream:75 - [STDERR_REDIRECT] 
2026-07-09 00:13:50,070 [ERROR] LogOutputStream:75 - [STDERR_REDIRECT] [Fatal Error] :1:1: Premature end of file.
2026-07-09 00:13:50,070 [ERROR] LogOutputStream:75 - [STDERR_REDIRECT] 
2026-07-09 00:13:51,068 [ERROR] LogOutputStream:75 - [STDERR_REDIRECT] [Fatal Error] :1:1: Premature end of file.
2026-07-09 00:13:51,068 [ERROR] LogOutputStream:75 - [STDERR_REDIRECT] 
2026-07-09 00:13:52,060 [ERROR] LogOutputStream:75 - [STDERR_REDIRECT] [Fatal Error] :1:1: Premature end of file.
2026-07-09 00:13:52,060 [ERROR] LogOutputStream:75 - [STDERR_REDIRECT] 
2026-07-09 00:13:53,161 [ERROR] LogOutputStream:75 - [STDERR_REDIRECT] [Fatal Error] :1:1: Premature end of file.
2026-07-09 00:13:53,161 [ERROR] LogOutputStream:75 - [STDERR_REDIRECT] 
2026-07-09 00:13:54,087 [ERROR] LogOutputStream:75 - [STDERR_REDIRECT] [Fatal Error] :1:1: Premature end of file.
2026-07-09 00:13:54,090 [ERROR] LogOutputStream:75 - [STDERR_REDIRECT] 
2026-07-09 00:13:55,118 [ERROR] LogOutputStream:75 - [STDERR_REDIRECT] [Fatal Error] :1:1: Premature end of file.
2026-07-09 00:13:55,118 [ERROR] LogOutputStream:75 - [STDERR_REDIRECT] 
2026-07-09 00:13:56,052 [ERROR] LogOutputStream:75 - [STDERR_REDIRECT] [Fatal Error] :1:1: Premature end of file.
2026-07-09 00:13:56,053 [ERROR] LogOutputStream:75 - [STDERR_REDIRECT] 
2026-07-09 00:13:57,059 [ERROR] LogOutputStream:75 - [STDERR_REDIRECT] [Fatal Error] :1:1: Premature end of file.
2026-07-09 00:13:57,060 [ERROR] LogOutputStream:75 - [STDERR_REDIRECT] 
2026-07-09 00:13:58,051 [ERROR] LogOutputStream:75 - [STDERR_REDIRECT] [Fatal Error] :1:1: Premature end of file.
2026-07-09 00:13:58,052 [ERROR] LogOutputStream:75 - [STDERR_REDIRECT] 
2026-07-09 00:13:59,057 [ERROR] LogOutputStream:75 - [STDERR_REDIRECT] [Fatal Error] :1:1: Premature end of file.
2026-07-09 00:13:59,058 [ERROR] LogOutputStream:75 - [STDERR_REDIRECT] 
2026-07-09 00:14:00,108 [ERROR] LogOutputStream:75 - [STDERR_REDIRECT] [Fatal Error] :1:1: Premature end of file.
2026-07-09 00:14:00,109 [ERROR] LogOutputStream:75 - [STDERR_REDIRECT] 
2026-07-09 00:14:01,034 [ERROR] LogOutputStream:75 - [STDERR_REDIRECT] [Fatal Error] :1:1: Premature end of file.
2026-07-09 00:14:01,034 [ERROR] LogOutputStream:75 - [STDERR_REDIRECT] 
2026-07-09 00:14:02,045 [ERROR] LogOutputStream:75 - [STDERR_REDIRECT] [Fatal Error] :1:1: Premature end of file.
2026-07-09 00:14:02,046 [ERROR] LogOutputStream:75 - [STDERR_REDIRECT] 
2026-07-09 00:14:03,034 [ERROR] LogOutputStream:75 - [STDERR_REDIRECT] [Fatal Error] :1:1: Premature end of file.
2026-07-09 00:14:03,034 [ERROR] LogOutputStream:75 - [STDERR_REDIRECT] 
2026-07-09 00:14:04,049 [ERROR] LogOutputStream:75 - [STDERR_REDIRECT] [Fatal Error] :1:1: Premature end of file.
2026-07-09 00:14:04,050 [ERROR] LogOutputStream:75 - [STDERR_REDIRECT] 
2026-07-09 00:14:05,073 [ERROR] LogOutputStream:75 - [STDERR_REDIRECT] [Fatal Error] :1:1: Premature end of file.
2026-07-09 00:14:05,073 [ERROR] LogOutputStream:75 - [STDERR_REDIRECT] 
2026-07-09 00:14:06,071 [ERROR] LogOutputStream:75 - [STDERR_REDIRECT] [Fatal Error] :1:1: Premature end of file.
2026-07-09 00:14:06,072 [ERROR] LogOutputStream:75 - [STDERR_REDIRECT] 
2026-07-09 00:14:07,065 [ERROR] LogOutputStream:75 - [STDERR_REDIRECT] [Fatal Error] :1:1: Premature end of file.
2026-07-09 00:14:07,065 [ERROR] LogOutputStream:75 - [STDERR_REDIRECT] 
2026-07-09 00:14:08,071 [ERROR] LogOutputStream:75 - [STDERR_REDIRECT] [Fatal Error] :1:1: Premature end of file.
2026-07-09 00:14:08,071 [ERROR] LogOutputStream:75 - [STDERR_REDIRECT] 
2026-07-09 00:14:09,076 [ERROR] LogOutputStream:75 - [STDERR_REDIRECT] [Fatal Error] :1:1: Premature end of file.
2026-07-09 00:14:09,078 [ERROR] LogOutputStream:75 - [STDERR_REDIRECT] 
2026-07-09 00:14:10,061 [ERROR] LogOutputStream:75 - [STDERR_REDIRECT] [Fatal Error] :1:1: Premature end of file.
2026-07-09 00:14:10,062 [ERROR] LogOutputStream:75 - [STDERR_REDIRECT] 
2026-07-09 00:14:11,087 [ERROR] LogOutputStream:75 - [STDERR_REDIRECT] [Fatal Error] :1:1: Premature end of file.
2026-07-09 00:14:11,087 [ERROR] LogOutputStream:75 - [STDERR_REDIRECT] 
2026-07-09 00:14:12,098 [ERROR] LogOutputStream:75 - [STDERR_REDIRECT] [Fatal Error] :1:1: Premature end of file.
2026-07-09 00:14:12,099 [ERROR] LogOutputStream:75 - [STDERR_REDIRECT] 
2026-07-09 00:14:13,453 [ERROR] LogOutputStream:75 - [STDERR_REDIRECT] [Fatal Error] :1:1: Premature end of file.
2026-07-09 00:14:13,453 [ERROR] LogOutputStream:75 - [STDERR_REDIRECT] 
2026-07-09 00:14:14,119 [ERROR] LogOutputStream:75 - [STDERR_REDIRECT] [Fatal Error] :1:1: Premature end of file.
2026-07-09 00:14:14,120 [ERROR] LogOutputStream:75 - [STDERR_REDIRECT] 
2026-07-09 00:14:15,086 [ERROR] LogOutputStream:75 - [STDERR_REDIRECT] [Fatal Error] :1:1: Premature end of file.
2026-07-09 00:14:15,087 [ERROR] LogOutputStream:75 - [STDERR_REDIRECT] 
2026-07-09 00:14:16,047 [ERROR] LogOutputStream:75 - [STDERR_REDIRECT] [Fatal Error] :1:1: Premature end of file.
2026-07-09 00:14:16,048 [ERROR] LogOutputStream:75 - [STDERR_REDIRECT] 
2026-07-09 00:14:17,080 [ERROR] LogOutputStream:75 - [STDERR_REDIRECT] [Fatal Error] :1:1: Premature end of file.
2026-07-09 00:14:17,081 [ERROR] LogOutputStream:75 - [STDERR_REDIRECT] 
2026-07-09 00:14:18,108 [ERROR] LogOutputStream:75 - [STDERR_REDIRECT] [Fatal Error] :1:1: Premature end of file.
2026-07-09 00:14:18,109 [ERROR] LogOutputStream:75 - [STDERR_REDIRECT] 
2026-07-09 00:14:19,058 [ERROR] LogOutputStream:75 - [STDERR_REDIRECT] [Fatal Error] :1:1: Premature end of file.
2026-07-09 00:14:19,058 [ERROR] LogOutputStream:75 - [STDERR_REDIRECT] 
2026-07-09 00:14:20,063 [ERROR] LogOutputStream:75 - [STDERR_REDIRECT] [Fatal Error] :1:1: Premature end of file.
2026-07-09 00:14:20,067 [ERROR] LogOutputStream:75 - [STDERR_REDIRECT] 
2026-07-09 00:14:21,091 [ERROR] LogOutputStream:75 - [STDERR_REDIRECT] [Fatal Error] :1:1: Premature end of file.
2026-07-09 00:14:21,092 [ERROR] LogOutputStream:75 - [STDERR_REDIRECT] 
2026-07-09 00:14:22,057 [ERROR] LogOutputStream:75 - [STDERR_REDIRECT] [Fatal Error] :1:1: Premature end of file.
2026-07-09 00:14:22,058 [ERROR] LogOutputStream:75 - [STDERR_REDIRECT] 
2026-07-09 00:14:23,122 [ERROR] LogOutputStream:75 - [STDERR_REDIRECT] [Fatal Error] :1:1: Premature end of file.
2026-07-09 00:14:23,123 [ERROR] LogOutputStream:75 - [STDERR_REDIRECT] 
2026-07-09 00:14:24,140 [ERROR] LogOutputStream:75 - [STDERR_REDIRECT] [Fatal Error] :1:1: Premature end of file.
2026-07-09 00:14:24,145 [ERROR] LogOutputStream:75 - [STDERR_REDIRECT] 
2026-07-09 00:14:25,455 [ERROR] LogOutputStream:75 - [STDERR_REDIRECT] [Fatal Error] :1:1: Premature end of file.
2026-07-09 00:14:25,457 [ERROR] LogOutputStream:75 - [STDERR_REDIRECT] 
2026-07-09 00:14:26,253 [ERROR] LogOutputStream:75 - [STDERR_REDIRECT] [Fatal Error] :1:1: Premature end of file.
2026-07-09 00:14:26,254 [ERROR] LogOutputStream:75 - [STDERR_REDIRECT] 
2026-07-09 00:14:27,154 [ERROR] LogOutputStream:75 - [STDERR_REDIRECT] [Fatal Error] :1:1: Premature end of file.
2026-07-09 00:14:27,161 [ERROR] LogOutputStream:75 - [STDERR_REDIRECT] 
2026-07-09 00:14:28,089 [ERROR] LogOutputStream:75 - [STDERR_REDIRECT] [Fatal Error] :1:1: Premature end of file.
2026-07-09 00:14:28,090 [ERROR] LogOutputStream:75 - [STDERR_REDIRECT] 
2026-07-09 00:14:29,126 [ERROR] LogOutputStream:75 - [STDERR_REDIRECT] [Fatal Error] :1:1: Premature end of file.
2026-07-09 00:14:29,127 [ERROR] LogOutputStream:75 - [STDERR_REDIRECT] 
2026-07-09 00:14:30,224 [ERROR] LogOutputStream:75 - [STDERR_REDIRECT] [Fatal Error] :1:1: Premature end of file.
2026-07-09 00:14:30,224 [ERROR] LogOutputStream:75 - [STDERR_REDIRECT] 
2026-07-09 00:14:31,039 [ERROR] LogOutputStream:75 - [STDERR_REDIRECT] [Fatal Error] :1:1: Premature end of file.
2026-07-09 00:14:31,040 [ERROR] LogOutputStream:75 - [STDERR_REDIRECT] 
2026-07-09 00:14:32,044 [ERROR] LogOutputStream:75 - [STDERR_REDIRECT] [Fatal Error] :1:1: Premature end of file.
2026-07-09 00:14:32,046 [ERROR] LogOutputStream:75 - [STDERR_REDIRECT] 
2026-07-09 00:14:33,038 [ERROR] LogOutputStream:75 - [STDERR_REDIRECT] [Fatal Error] :1:1: Premature end of file.
2026-07-09 00:14:33,038 [ERROR] LogOutputStream:75 - [STDERR_REDIRECT] 
2026-07-09 00:14:34,042 [ERROR] LogOutputStream:75 - [STDERR_REDIRECT] [Fatal Error] :1:1: Premature end of file.
2026-07-09 00:14:34,042 [ERROR] LogOutputStream:75 - [STDERR_REDIRECT] 
2026-07-09 00:14:35,025 [ERROR] LogOutputStream:75 - [STDERR_REDIRECT] [Fatal Error] :1:1: Premature end of file.
2026-07-09 00:14:35,025 [ERROR] LogOutputStream:75 - [STDERR_REDIRECT] 
2026-07-09 00:14:36,036 [ERROR] LogOutputStream:75 - [STDERR_REDIRECT] [Fatal Error] :1:1: Premature end of file.
2026-07-09 00:14:36,036 [ERROR] LogOutputStream:75 - [STDERR_REDIRECT] 
2026-07-09 00:14:37,040 [ERROR] LogOutputStream:75 - [STDERR_REDIRECT] [Fatal Error] :1:1: Premature end of file.
2026-07-09 00:14:37,040 [ERROR] LogOutputStream:75 - [STDERR_REDIRECT] 
2026-07-09 00:14:38,047 [ERROR] LogOutputStream:75 - [STDERR_REDIRECT] [Fatal Error] :1:1: Premature end of file.
2026-07-09 00:14:38,047 [ERROR] LogOutputStream:75 - [STDERR_REDIRECT] 
2026-07-09 00:14:39,036 [ERROR] LogOutputStream:75 - [STDERR_REDIRECT] [Fatal Error] :1:1: Premature end of file.
2026-07-09 00:14:39,037 [ERROR] LogOutputStream:75 - [STDERR_REDIRECT] 
2026-07-09 00:14:40,064 [ERROR] LogOutputStream:75 - [STDERR_REDIRECT] [Fatal Error] :1:1: Premature end of file.
2026-07-09 00:14:40,065 [ERROR] LogOutputStream:75 - [STDERR_REDIRECT] 
2026-07-09 00:14:41,041 [ERROR] LogOutputStream:75 - [STDERR_REDIRECT] [Fatal Error] :1:1: Premature end of file.
2026-07-09 00:14:41,046 [ERROR] LogOutputStream:75 - [STDERR_REDIRECT] 
2026-07-09 00:14:42,035 [ERROR] LogOutputStream:75 - [STDERR_REDIRECT] [Fatal Error] :1:1: Premature end of file.
2026-07-09 00:14:42,037 [ERROR] LogOutputStream:75 - [STDERR_REDIRECT] 
2026-07-09 00:14:43,037 [ERROR] LogOutputStream:75 - [STDERR_REDIRECT] [Fatal Error] :1:1: Premature end of file.
2026-07-09 00:14:43,038 [ERROR] LogOutputStream:75 - [STDERR_REDIRECT] 
2026-07-09 00:14:44,043 [ERROR] LogOutputStream:75 - [STDERR_REDIRECT] [Fatal Error] :1:1: Premature end of file.
2026-07-09 00:14:44,045 [ERROR] LogOutputStream:75 - [STDERR_REDIRECT] 
2026-07-09 00:14:45,246 [ERROR] LogOutputStream:75 - [STDERR_REDIRECT] [Fatal Error] :1:1: Premature end of file.
2026-07-09 00:14:45,248 [ERROR] LogOutputStream:75 - [STDERR_REDIRECT] 
2026-07-09 00:14:46,167 [ERROR] LogOutputStream:75 - [STDERR_REDIRECT] [Fatal Error] :1:1: Premature end of file.
2026-07-09 00:14:46,167 [ERROR] LogOutputStream:75 - [STDERR_REDIRECT] 
2026-07-09 00:14:47,029 [ERROR] LogOutputStream:75 - [STDERR_REDIRECT] [Fatal Error] :1:1: Premature end of file.
2026-07-09 00:14:47,030 [ERROR] LogOutputStream:75 - [STDERR_REDIRECT] 
2026-07-09 00:14:48,042 [ERROR] LogOutputStream:75 - [STDERR_REDIRECT] [Fatal Error] :1:1: Premature end of file.
2026-07-09 00:14:48,043 [ERROR] LogOutputStream:75 - [STDERR_REDIRECT] 
2026-07-09 00:14:49,058 [ERROR] LogOutputStream:75 - [STDERR_REDIRECT] [Fatal Error] :1:1: Premature end of file.
2026-07-09 00:14:49,059 [ERROR] LogOutputStream:75 - [STDERR_REDIRECT] 
2026-07-09 00:14:50,036 [ERROR] LogOutputStream:75 - [STDERR_REDIRECT] [Fatal Error] :1:1: Premature end of file.
2026-07-09 00:14:50,036 [ERROR] LogOutputStream:75 - [STDERR_REDIRECT] 
2026-07-09 00:14:51,053 [ERROR] LogOutputStream:75 - [STDERR_REDIRECT] [Fatal Error] :1:1: Premature end of file.
2026-07-09 00:14:51,053 [ERROR] LogOutputStream:75 - [STDERR_REDIRECT] 
2026-07-09 00:14:52,042 [ERROR] LogOutputStream:75 - [STDERR_REDIRECT] [Fatal Error] :1:1: Premature end of file.
2026-07-09 00:14:52,042 [ERROR] LogOutputStream:75 - [STDERR_REDIRECT] 
2026-07-09 00:14:53,050 [ERROR] LogOutputStream:75 - [STDERR_REDIRECT] [Fatal Error] :1:1: Premature end of file.
2026-07-09 00:14:53,051 [ERROR] LogOutputStream:75 - [STDERR_REDIRECT] 
2026-07-09 00:14:54,076 [ERROR] LogOutputStream:75 - [STDERR_REDIRECT] [Fatal Error] :1:1: Premature end of file.
2026-07-09 00:14:54,077 [ERROR] LogOutputStream:75 - [STDERR_REDIRECT] 
2026-07-09 00:14:55,063 [ERROR] LogOutputStream:75 - [STDERR_REDIRECT] [Fatal Error] :1:1: Premature end of file.
2026-07-09 00:14:55,064 [ERROR] LogOutputStream:75 - [STDERR_REDIRECT] 
2026-07-09 00:14:56,063 [ERROR] LogOutputStream:75 - [STDERR_REDIRECT] [Fatal Error] :1:1: Premature end of file.
2026-07-09 00:14:56,063 [ERROR] LogOutputStream:75 - [STDERR_REDIRECT] 
2026-07-09 00:14:57,081 [ERROR] LogOutputStream:75 - [STDERR_REDIRECT] [Fatal Error] :1:1: Premature end of file.
2026-07-09 00:14:57,083 [ERROR] LogOutputStream:75 - [STDERR_REDIRECT] 
2026-07-09 00:14:58,042 [ERROR] LogOutputStream:75 - [STDERR_REDIRECT] [Fatal Error] :1:1: Premature end of file.
2026-07-09 00:14:58,043 [ERROR] LogOutputStream:75 - [STDERR_REDIRECT] 
2026-07-09 00:14:59,052 [ERROR] LogOutputStream:75 - [STDERR_REDIRECT] [Fatal Error] :1:1: Premature end of file.
2026-07-09 00:14:59,053 [ERROR] LogOutputStream:75 - [STDERR_REDIRECT] 
2026-07-09 00:15:00,174 [ERROR] LogOutputStream:75 - [STDERR_REDIRECT] [Fatal Error] :1:1: Premature end of file.
2026-07-09 00:15:00,175 [ERROR] LogOutputStream:75 - [STDERR_REDIRECT] 
2026-07-09 00:15:01,035 [ERROR] LogOutputStream:75 - [STDERR_REDIRECT] [Fatal Error] :1:1: Premature end of file.
2026-07-09 00:15:01,035 [ERROR] LogOutputStream:75 - [STDERR_REDIRECT] 
2026-07-09 00:15:02,051 [ERROR] LogOutputStream:75 - [STDERR_REDIRECT] [Fatal Error] :1:1: Premature end of file.
2026-07-09 00:15:02,052 [ERROR] LogOutputStream:75 - [STDERR_REDIRECT] 
2026-07-09 00:15:03,063 [ERROR] LogOutputStream:75 - [STDERR_REDIRECT] [Fatal Error] :1:1: Premature end of file.
2026-07-09 00:15:03,064 [ERROR] LogOutputStream:75 - [STDERR_REDIRECT] 
2026-07-09 00:15:04,061 [ERROR] LogOutputStream:75 - [STDERR_REDIRECT] [Fatal Error] :1:1: Premature end of file.
2026-07-09 00:15:04,062 [ERROR] LogOutputStream:75 - [STDERR_REDIRECT] 
2026-07-09 00:15:05,057 [ERROR] LogOutputStream:75 - [STDERR_REDIRECT] [Fatal Error] :1:1: Premature end of file.
2026-07-09 00:15:05,057 [ERROR] LogOutputStream:75 - [STDERR_REDIRECT] 
2026-07-09 00:15:06,051 [ERROR] LogOutputStream:75 - [STDERR_REDIRECT] [Fatal Error] :1:1: Premature end of file.
2026-07-09 00:15:06,056 [ERROR] LogOutputStream:75 - [STDERR_REDIRECT] 
2026-07-09 00:15:07,049 [ERROR] LogOutputStream:75 - [STDERR_REDIRECT] [Fatal Error] :1:1: Premature end of file.
2026-07-09 00:15:07,049 [ERROR] LogOutputStream:75 - [STDERR_REDIRECT] 
2026-07-09 00:15:08,059 [ERROR] LogOutputStream:75 - [STDERR_REDIRECT] [Fatal Error] :1:1: Premature end of file.
2026-07-09 00:15:08,059 [ERROR] LogOutputStream:75 - [STDERR_REDIRECT] 
2026-07-09 00:15:09,062 [ERROR] LogOutputStream:75 - [STDERR_REDIRECT] [Fatal Error] :1:1: Premature end of file.
2026-07-09 00:15:09,063 [ERROR] LogOutputStream:75 - [STDERR_REDIRECT] 
2026-07-09 00:15:10,045 [ERROR] LogOutputStream:75 - [STDERR_REDIRECT] [Fatal Error] :1:1: Premature end of file.
2026-07-09 00:15:10,045 [ERROR] LogOutputStream:75 - [STDERR_REDIRECT] 
2026-07-09 00:15:11,043 [ERROR] LogOutputStream:75 - [STDERR_REDIRECT] [Fatal Error] :1:1: Premature end of file.
2026-07-09 00:15:11,043 [ERROR] LogOutputStream:75 - [STDERR_REDIRECT] 
2026-07-09 00:15:12,031 [ERROR] LogOutputStream:75 - [STDERR_REDIRECT] [Fatal Error] :1:1: Premature end of file.
2026-07-09 00:15:12,032 [ERROR] LogOutputStream:75 - [STDERR_REDIRECT] 
2026-07-09 00:15:13,062 [ERROR] LogOutputStream:75 - [STDERR_REDIRECT] [Fatal Error] :1:1: Premature end of file.
2026-07-09 00:15:13,062 [ERROR] LogOutputStream:75 - [STDERR_REDIRECT] 
2026-07-09 00:15:14,083 [ERROR] LogOutputStream:75 - [STDERR_REDIRECT] [Fatal Error] :1:1: Premature end of file.
2026-07-09 00:15:14,087 [ERROR] LogOutputStream:75 - [STDERR_REDIRECT] 
2026-07-09 00:15:15,051 [ERROR] LogOutputStream:75 - [STDERR_REDIRECT] [Fatal Error] :1:1: Premature end of file.
2026-07-09 00:15:15,052 [ERROR] LogOutputStream:75 - [STDERR_REDIRECT] 
2026-07-09 00:15:16,112 [ERROR] LogOutputStream:75 - [STDERR_REDIRECT] [Fatal Error] :1:1: Premature end of file.
2026-07-09 00:15:16,113 [ERROR] LogOutputStream:75 - [STDERR_REDIRECT] 
2026-07-09 00:15:17,130 [ERROR] LogOutputStream:75 - [STDERR_REDIRECT] [Fatal Error] :1:1: Premature end of file.
2026-07-09 00:15:17,130 [ERROR] LogOutputStream:75 - [STDERR_REDIRECT] 
2026-07-09 00:15:18,061 [ERROR] LogOutputStream:75 - [STDERR_REDIRECT] [Fatal Error] :1:1: Premature end of file.
2026-07-09 00:15:18,062 [ERROR] LogOutputStream:75 - [STDERR_REDIRECT] 
2026-07-09 00:15:19,065 [ERROR] LogOutputStream:75 - [STDERR_REDIRECT] [Fatal Error] :1:1: Premature end of file.
2026-07-09 00:15:19,068 [ERROR] LogOutputStream:75 - [STDERR_REDIRECT] 
2026-07-09 00:15:20,129 [ERROR] LogOutputStream:75 - [STDERR_REDIRECT] [Fatal Error] :1:1: Premature end of file.
2026-07-09 00:15:20,135 [ERROR] LogOutputStream:75 - [STDERR_REDIRECT] 
2026-07-09 00:15:21,110 [ERROR] LogOutputStream:75 - [STDERR_REDIRECT] [Fatal Error] :1:1: Premature end of file.
2026-07-09 00:15:21,110 [ERROR] LogOutputStream:75 - [STDERR_REDIRECT] 
2026-07-09 00:15:22,056 [ERROR] LogOutputStream:75 - [STDERR_REDIRECT] [Fatal Error] :1:1: Premature end of file.
2026-07-09 00:15:22,056 [ERROR] LogOutputStream:75 - [STDERR_REDIRECT] 
2026-07-09 00:15:23,039 [ERROR] LogOutputStream:75 - [STDERR_REDIRECT] [Fatal Error] :1:1: Premature end of file.
2026-07-09 00:15:23,040 [ERROR] LogOutputStream:75 - [STDERR_REDIRECT] 
2026-07-09 00:15:24,046 [ERROR] LogOutputStream:75 - [STDERR_REDIRECT] [Fatal Error] :1:1: Premature end of file.
2026-07-09 00:15:24,051 [ERROR] LogOutputStream:75 - [STDERR_REDIRECT] 
2026-07-09 00:15:25,041 [ERROR] LogOutputStream:75 - [STDERR_REDIRECT] [Fatal Error] :1:1: Premature end of file.
2026-07-09 00:15:25,041 [ERROR] LogOutputStream:75 - [STDERR_REDIRECT] 
2026-07-09 00:15:26,059 [ERROR] LogOutputStream:75 - [STDERR_REDIRECT] [Fatal Error] :1:1: Premature end of file.
2026-07-09 00:15:26,060 [ERROR] LogOutputStream:75 - [STDERR_REDIRECT] 
2026-07-09 00:15:27,037 [ERROR] LogOutputStream:75 - [STDERR_REDIRECT] [Fatal Error] :1:1: Premature end of file.
2026-07-09 00:15:27,037 [ERROR] LogOutputStream:75 - [STDERR_REDIRECT] 
2026-07-09 00:15:28,038 [ERROR] LogOutputStream:75 - [STDERR_REDIRECT] [Fatal Error] :1:1: Premature end of file.
2026-07-09 00:15:28,038 [ERROR] LogOutputStream:75 - [STDERR_REDIRECT] 
2026-07-09 00:15:29,070 [ERROR] LogOutputStream:75 - [STDERR_REDIRECT] [Fatal Error] :1:1: Premature end of file.
2026-07-09 00:15:29,070 [ERROR] LogOutputStream:75 - [STDERR_REDIRECT] 
2026-07-09 00:15:30,040 [ERROR] LogOutputStream:75 - [STDERR_REDIRECT] [Fatal Error] :1:1: Premature end of file.
2026-07-09 00:15:30,041 [ERROR] LogOutputStream:75 - [STDERR_REDIRECT] 
2026-07-09 00:15:31,053 [ERROR] LogOutputStream:75 - [STDERR_REDIRECT] [Fatal Error] :1:1: Premature end of file.
2026-07-09 00:15:31,053 [ERROR] LogOutputStream:75 - [STDERR_REDIRECT] 
2026-07-09 00:15:32,135 [ERROR] LogOutputStream:75 - [STDERR_REDIRECT] [Fatal Error] :1:1: Premature end of file.
2026-07-09 00:15:32,135 [ERROR] LogOutputStream:75 - [STDERR_REDIRECT] 
2026-07-09 00:15:33,169 [ERROR] LogOutputStream:75 - [STDERR_REDIRECT] [Fatal Error] :1:1: Premature end of file.
2026-07-09 00:15:33,169 [ERROR] LogOutputStream:75 - [STDERR_REDIRECT] 
2026-07-09 00:15:34,040 [ERROR] LogOutputStream:75 - [STDERR_REDIRECT] [Fatal Error] :1:1: Premature end of file.
2026-07-09 00:15:34,040 [ERROR] LogOutputStream:75 - [STDERR_REDIRECT] 
2026-07-09 00:15:35,041 [ERROR] LogOutputStream:75 - [STDERR_REDIRECT] [Fatal Error] :1:1: Premature end of file.
2026-07-09 00:15:35,042 [ERROR] LogOutputStream:75 - [STDERR_REDIRECT] 
2026-07-09 00:15:36,035 [ERROR] LogOutputStream:75 - [STDERR_REDIRECT] [Fatal Error] :1:1: Premature end of file.
2026-07-09 00:15:36,036 [ERROR] LogOutputStream:75 - [STDERR_REDIRECT] 
2026-07-09 00:15:37,040 [ERROR] LogOutputStream:75 - [STDERR_REDIRECT] [Fatal Error] :1:1: Premature end of file.
2026-07-09 00:15:37,041 [ERROR] LogOutputStream:75 - [STDERR_REDIRECT] 
2026-07-09 00:15:38,037 [ERROR] LogOutputStream:75 - [STDERR_REDIRECT] [Fatal Error] :1:1: Premature end of file.
2026-07-09 00:15:38,037 [ERROR] LogOutputStream:75 - [STDERR_REDIRECT] 
2026-07-09 00:15:39,040 [ERROR] LogOutputStream:75 - [STDERR_REDIRECT] [Fatal Error] :1:1: Premature end of file.
2026-07-09 00:15:39,040 [ERROR] LogOutputStream:75 - [STDERR_REDIRECT] 
2026-07-09 00:15:40,038 [ERROR] LogOutputStream:75 - [STDERR_REDIRECT] [Fatal Error] :1:1: Premature end of file.
2026-07-09 00:15:40,038 [ERROR] LogOutputStream:75 - [STDERR_REDIRECT] 
2026-07-09 00:15:41,038 [ERROR] LogOutputStream:75 - [STDERR_REDIRECT] [Fatal Error] :1:1: Premature end of file.
2026-07-09 00:15:41,038 [ERROR] LogOutputStream:75 - [STDERR_REDIRECT] 
2026-07-09 00:15:42,035 [ERROR] LogOutputStream:75 - [STDERR_REDIRECT] [Fatal Error] :1:1: Premature end of file.
2026-07-09 00:15:42,035 [ERROR] LogOutputStream:75 - [STDERR_REDIRECT] 
2026-07-09 00:15:43,048 [ERROR] LogOutputStream:75 - [STDERR_REDIRECT] [Fatal Error] :1:1: Premature end of file.
2026-07-09 00:15:43,049 [ERROR] LogOutputStream:75 - [STDERR_REDIRECT] 
2026-07-09 00:15:44,095 [ERROR] LogOutputStream:75 - [STDERR_REDIRECT] [Fatal Error] :1:1: Premature end of file.
2026-07-09 00:15:44,096 [ERROR] LogOutputStream:75 - [STDERR_REDIRECT] 
2026-07-09 00:15:45,037 [ERROR] LogOutputStream:75 - [STDERR_REDIRECT] [Fatal Error] :1:1: Premature end of file.
2026-07-09 00:15:45,039 [ERROR] LogOutputStream:75 - [STDERR_REDIRECT] 
2026-07-09 00:15:46,039 [ERROR] LogOutputStream:75 - [STDERR_REDIRECT] [Fatal Error] :1:1: Premature end of file.
2026-07-09 00:15:46,039 [ERROR] LogOutputStream:75 - [STDERR_REDIRECT] 
2026-07-09 00:15:47,045 [ERROR] LogOutputStream:75 - [STDERR_REDIRECT] [Fatal Error] :1:1: Premature end of file.
2026-07-09 00:15:47,046 [ERROR] LogOutputStream:75 - [STDERR_REDIRECT] 
2026-07-09 00:15:48,043 [ERROR] LogOutputStream:75 - [STDERR_REDIRECT] [Fatal Error] :1:1: Premature end of file.
2026-07-09 00:15:48,048 [ERROR] LogOutputStream:75 - [STDERR_REDIRECT] 
2026-07-09 00:15:49,031 [ERROR] LogOutputStream:75 - [STDERR_REDIRECT] [Fatal Error] :1:1: Premature end of file.
2026-07-09 00:15:49,031 [ERROR] LogOutputStream:75 - [STDERR_REDIRECT] 
2026-07-09 00:15:50,036 [ERROR] LogOutputStream:75 - [STDERR_REDIRECT] [Fatal Error] :1:1: Premature end of file.
2026-07-09 00:15:50,036 [ERROR] LogOutputStream:75 - [STDERR_REDIRECT] 
2026-07-09 00:15:51,034 [ERROR] LogOutputStream:75 - [STDERR_REDIRECT] [Fatal Error] :1:1: Premature end of file.
2026-07-09 00:15:51,035 [ERROR] LogOutputStream:75 - [STDERR_REDIRECT] 
2026-07-09 00:15:52,032 [ERROR] LogOutputStream:75 - [STDERR_REDIRECT] [Fatal Error] :1:1: Premature end of file.
2026-07-09 00:15:52,033 [ERROR] LogOutputStream:75 - [STDERR_REDIRECT] 
2026-07-09 00:15:53,044 [ERROR] LogOutputStream:75 - [STDERR_REDIRECT] [Fatal Error] :1:1: Premature end of file.
2026-07-09 00:15:53,044 [ERROR] LogOutputStream:75 - [STDERR_REDIRECT] 
2026-07-09 00:15:54,037 [ERROR] LogOutputStream:75 - [STDERR_REDIRECT] [Fatal Error] :1:1: Premature end of file.
2026-07-09 00:15:54,038 [ERROR] LogOutputStream:75 - [STDERR_REDIRECT] 
2026-07-09 00:15:55,037 [ERROR] LogOutputStream:75 - [STDERR_REDIRECT] [Fatal Error] :1:1: Premature end of file.
2026-07-09 00:15:55,037 [ERROR] LogOutputStream:75 - [STDERR_REDIRECT] 
2026-07-09 00:15:56,038 [ERROR] LogOutputStream:75 - [STDERR_REDIRECT] [Fatal Error] :1:1: Premature end of file.
2026-07-09 00:15:56,038 [ERROR] LogOutputStream:75 - [STDERR_REDIRECT] 
2026-07-09 00:15:57,043 [ERROR] LogOutputStream:75 - [STDERR_REDIRECT] [Fatal Error] :1:1: Premature end of file.
2026-07-09 00:15:57,044 [ERROR] LogOutputStream:75 - [STDERR_REDIRECT] 
2026-07-09 00:15:58,034 [ERROR] LogOutputStream:75 - [STDERR_REDIRECT] [Fatal Error] :1:1: Premature end of file.
2026-07-09 00:15:58,034 [ERROR] LogOutputStream:75 - [STDERR_REDIRECT] 
2026-07-09 00:15:59,036 [ERROR] LogOutputStream:75 - [STDERR_REDIRECT] [Fatal Error] :1:1: Premature end of file.
2026-07-09 00:15:59,036 [ERROR] LogOutputStream:75 - [STDERR_REDIRECT] 
2026-07-09 00:16:00,051 [ERROR] LogOutputStream:75 - [STDERR_REDIRECT] [Fatal Error] :1:1: Premature end of file.
2026-07-09 00:16:00,052 [ERROR] LogOutputStream:75 - [STDERR_REDIRECT] 
2026-07-09 00:16:01,044 [ERROR] LogOutputStream:75 - [STDERR_REDIRECT] [Fatal Error] :1:1: Premature end of file.
2026-07-09 00:16:01,045 [ERROR] LogOutputStream:75 - [STDERR_REDIRECT] 
2026-07-09 00:16:02,073 [ERROR] LogOutputStream:75 - [STDERR_REDIRECT] [Fatal Error] :1:1: Premature end of file.
2026-07-09 00:16:02,074 [ERROR] LogOutputStream:75 - [STDERR_REDIRECT] 
2026-07-09 00:16:03,044 [ERROR] LogOutputStream:75 - [STDERR_REDIRECT] [Fatal Error] :1:1: Premature end of file.
2026-07-09 00:16:03,044 [ERROR] LogOutputStream:75 - [STDERR_REDIRECT] 
2026-07-09 00:16:04,050 [ERROR] LogOutputStream:75 - [STDERR_REDIRECT] [Fatal Error] :1:1: Premature end of file.
2026-07-09 00:16:04,050 [ERROR] LogOutputStream:75 - [STDERR_REDIRECT] 
2026-07-09 00:16:05,045 [ERROR] LogOutputStream:75 - [STDERR_REDIRECT] [Fatal Error] :1:1: Premature end of file.
2026-07-09 00:16:05,046 [ERROR] LogOutputStream:75 - [STDERR_REDIRECT] 
2026-07-09 00:16:06,033 [ERROR] LogOutputStream:75 - [STDERR_REDIRECT] [Fatal Error] :1:1: Premature end of file.
2026-07-09 00:16:06,034 [ERROR] LogOutputStream:75 - [STDERR_REDIRECT] 
2026-07-09 00:16:07,056 [ERROR] LogOutputStream:75 - [STDERR_REDIRECT] [Fatal Error] :1:1: Premature end of file.
2026-07-09 00:16:07,057 [ERROR] LogOutputStream:75 - [STDERR_REDIRECT] 
2026-07-09 00:16:08,029 [ERROR] LogOutputStream:75 - [STDERR_REDIRECT] [Fatal Error] :1:1: Premature end of file.
2026-07-09 00:16:08,030 [ERROR] LogOutputStream:75 - [STDERR_REDIRECT] 
2026-07-09 00:16:09,040 [ERROR] LogOutputStream:75 - [STDERR_REDIRECT] [Fatal Error] :1:1: Premature end of file.
2026-07-09 00:16:09,041 [ERROR] LogOutputStream:75 - [STDERR_REDIRECT] 
2026-07-09 00:16:10,039 [ERROR] LogOutputStream:75 - [STDERR_REDIRECT] [Fatal Error] :1:1: Premature end of file.
2026-07-09 00:16:10,040 [ERROR] LogOutputStream:75 - [STDERR_REDIRECT] 
2026-07-09 00:16:11,047 [ERROR] LogOutputStream:75 - [STDERR_REDIRECT] [Fatal Error] :1:1: Premature end of file.
2026-07-09 00:16:11,047 [ERROR] LogOutputStream:75 - [STDERR_REDIRECT] 
2026-07-09 00:16:12,033 [ERROR] LogOutputStream:75 - [STDERR_REDIRECT] [Fatal Error] :1:1: Premature end of file.
2026-07-09 00:16:12,033 [ERROR] LogOutputStream:75 - [STDERR_REDIRECT] 
2026-07-09 00:16:13,041 [ERROR] LogOutputStream:75 - [STDERR_REDIRECT] [Fatal Error] :1:1: Premature end of file.
2026-07-09 00:16:13,041 [ERROR] LogOutputStream:75 - [STDERR_REDIRECT] 
2026-07-09 00:16:14,048 [ERROR] LogOutputStream:75 - [STDERR_REDIRECT] [Fatal Error] :1:1: Premature end of file.
2026-07-09 00:16:14,049 [ERROR] LogOutputStream:75 - [STDERR_REDIRECT] 
2026-07-09 00:16:15,049 [ERROR] LogOutputStream:75 - [STDERR_REDIRECT] [Fatal Error] :1:1: Premature end of file.
2026-07-09 00:16:15,053 [ERROR] LogOutputStream:75 - [STDERR_REDIRECT] 
2026-07-09 00:16:16,047 [ERROR] LogOutputStream:75 - [STDERR_REDIRECT] [Fatal Error] :1:1: Premature end of file.
2026-07-09 00:16:16,048 [ERROR] LogOutputStream:75 - [STDERR_REDIRECT] 
2026-07-09 00:16:17,038 [ERROR] LogOutputStream:75 - [STDERR_REDIRECT] [Fatal Error] :1:1: Premature end of file.
2026-07-09 00:16:17,038 [ERROR] LogOutputStream:75 - [STDERR_REDIRECT] 
2026-07-09 00:16:18,040 [ERROR] LogOutputStream:75 - [STDERR_REDIRECT] [Fatal Error] :1:1: Premature end of file.
2026-07-09 00:16:18,040 [ERROR] LogOutputStream:75 - [STDERR_REDIRECT] 
2026-07-09 00:16:19,087 [ERROR] LogOutputStream:75 - [STDERR_REDIRECT] [Fatal Error] :1:1: Premature end of file.
2026-07-09 00:16:19,087 [ERROR] LogOutputStream:75 - [STDERR_REDIRECT] 
2026-07-09 00:16:20,043 [ERROR] LogOutputStream:75 - [STDERR_REDIRECT] [Fatal Error] :1:1: Premature end of file.
2026-07-09 00:16:20,044 [ERROR] LogOutputStream:75 - [STDERR_REDIRECT] 
2026-07-09 00:16:21,039 [ERROR] LogOutputStream:75 - [STDERR_REDIRECT] [Fatal Error] :1:1: Premature end of file.
2026-07-09 00:16:21,040 [ERROR] LogOutputStream:75 - [STDERR_REDIRECT] 
2026-07-09 00:16:22,044 [ERROR] LogOutputStream:75 - [STDERR_REDIRECT] [Fatal Error] :1:1: Premature end of file.
2026-07-09 00:16:22,045 [ERROR] LogOutputStream:75 - [STDERR_REDIRECT] 
2026-07-09 00:16:23,072 [ERROR] LogOutputStream:75 - [STDERR_REDIRECT] [Fatal Error] :1:1: Premature end of file.
2026-07-09 00:16:23,073 [ERROR] LogOutputStream:75 - [STDERR_REDIRECT] 
2026-07-09 00:16:24,043 [ERROR] LogOutputStream:75 - [STDERR_REDIRECT] [Fatal Error] :1:1: Premature end of file.
2026-07-09 00:16:24,043 [ERROR] LogOutputStream:75 - [STDERR_REDIRECT] 
2026-07-09 00:16:25,041 [ERROR] LogOutputStream:75 - [STDERR_REDIRECT] [Fatal Error] :1:1: Premature end of file.
2026-07-09 00:16:25,041 [ERROR] LogOutputStream:75 - [STDERR_REDIRECT] 
2026-07-09 00:16:26,041 [ERROR] LogOutputStream:75 - [STDERR_REDIRECT] [Fatal Error] :1:1: Premature end of file.
2026-07-09 00:16:26,041 [ERROR] LogOutputStream:75 - [STDERR_REDIRECT] 
2026-07-09 00:16:27,060 [ERROR] LogOutputStream:75 - [STDERR_REDIRECT] [Fatal Error] :1:1: Premature end of file.
2026-07-09 00:16:27,060 [ERROR] LogOutputStream:75 - [STDERR_REDIRECT] 
2026-07-09 00:16:28,412 [ERROR] LogOutputStream:75 - [STDERR_REDIRECT] [Fatal Error] :1:1: Premature end of file.
2026-07-09 00:16:28,417 [ERROR] LogOutputStream:75 - [STDERR_REDIRECT] 
2026-07-09 00:16:29,037 [ERROR] LogOutputStream:75 - [STDERR_REDIRECT] [Fatal Error] :1:1: Premature end of file.
2026-07-09 00:16:29,037 [ERROR] LogOutputStream:75 - [STDERR_REDIRECT] 
2026-07-09 00:16:30,043 [ERROR] LogOutputStream:75 - [STDERR_REDIRECT] [Fatal Error] :1:1: Premature end of file.
2026-07-09 00:16:30,043 [ERROR] LogOutputStream:75 - [STDERR_REDIRECT] 
2026-07-09 00:16:31,037 [ERROR] LogOutputStream:75 - [STDERR_REDIRECT] [Fatal Error] :1:1: Premature end of file.
2026-07-09 00:16:31,037 [ERROR] LogOutputStream:75 - [STDERR_REDIRECT] 
2026-07-09 00:16:32,045 [ERROR] LogOutputStream:75 - [STDERR_REDIRECT] [Fatal Error] :1:1: Premature end of file.
2026-07-09 00:16:32,048 [ERROR] LogOutputStream:75 - [STDERR_REDIRECT] 
2026-07-09 00:16:33,048 [ERROR] LogOutputStream:75 - [STDERR_REDIRECT] [Fatal Error] :1:1: Premature end of file.
2026-07-09 00:16:33,048 [ERROR] LogOutputStream:75 - [STDERR_REDIRECT] 
2026-07-09 00:16:34,037 [ERROR] LogOutputStream:75 - [STDERR_REDIRECT] [Fatal Error] :1:1: Premature end of file.
2026-07-09 00:16:34,037 [ERROR] LogOutputStream:75 - [STDERR_REDIRECT] 
2026-07-09 00:16:35,041 [ERROR] LogOutputStream:75 - [STDERR_REDIRECT] [Fatal Error] :1:1: Premature end of file.
2026-07-09 00:16:35,041 [ERROR] LogOutputStream:75 - [STDERR_REDIRECT] 
2026-07-09 00:16:36,039 [ERROR] LogOutputStream:75 - [STDERR_REDIRECT] [Fatal Error] :1:1: Premature end of file.
2026-07-09 00:16:36,039 [ERROR] LogOutputStream:75 - [STDERR_REDIRECT] 
2026-07-09 00:16:37,040 [ERROR] LogOutputStream:75 - [STDERR_REDIRECT] [Fatal Error] :1:1: Premature end of file.
2026-07-09 00:16:37,041 [ERROR] LogOutputStream:75 - [STDERR_REDIRECT] 
2026-07-09 00:16:38,037 [ERROR] LogOutputStream:75 - [STDERR_REDIRECT] [Fatal Error] :1:1: Premature end of file.
2026-07-09 00:16:38,037 [ERROR] LogOutputStream:75 - [STDERR_REDIRECT] 
2026-07-09 00:16:39,039 [ERROR] LogOutputStream:75 - [STDERR_REDIRECT] [Fatal Error] :1:1: Premature end of file.
2026-07-09 00:16:39,039 [ERROR] LogOutputStream:75 - [STDERR_REDIRECT] 
2026-07-09 00:16:40,040 [ERROR] LogOutputStream:75 - [STDERR_REDIRECT] [Fatal Error] :1:1: Premature end of file.
2026-07-09 00:16:40,040 [ERROR] LogOutputStream:75 - [STDERR_REDIRECT] 
2026-07-09 00:16:41,033 [ERROR] LogOutputStream:75 - [STDERR_REDIRECT] [Fatal Error] :1:1: Premature end of file.
2026-07-09 00:16:41,033 [ERROR] LogOutputStream:75 - [STDERR_REDIRECT] 
2026-07-09 00:16:42,038 [ERROR] LogOutputStream:75 - [STDERR_REDIRECT] [Fatal Error] :1:1: Premature end of file.
2026-07-09 00:16:42,038 [ERROR] LogOutputStream:75 - [STDERR_REDIRECT] 
2026-07-09 00:16:43,040 [ERROR] LogOutputStream:75 - [STDERR_REDIRECT] [Fatal Error] :1:1: Premature end of file.
2026-07-09 00:16:43,041 [ERROR] LogOutputStream:75 - [STDERR_REDIRECT] 
2026-07-09 00:16:44,067 [ERROR] LogOutputStream:75 - [STDERR_REDIRECT] [Fatal Error] :1:1: Premature end of file.
2026-07-09 00:16:44,068 [ERROR] LogOutputStream:75 - [STDERR_REDIRECT] 
2026-07-09 00:16:45,039 [ERROR] LogOutputStream:75 - [STDERR_REDIRECT] [Fatal Error] :1:1: Premature end of file.
2026-07-09 00:16:45,040 [ERROR] LogOutputStream:75 - [STDERR_REDIRECT] 
2026-07-09 00:16:46,037 [ERROR] LogOutputStream:75 - [STDERR_REDIRECT] [Fatal Error] :1:1: Premature end of file.
2026-07-09 00:16:46,037 [ERROR] LogOutputStream:75 - [STDERR_REDIRECT] 
2026-07-09 00:16:47,109 [ERROR] LogOutputStream:75 - [STDERR_REDIRECT] [Fatal Error] :1:1: Premature end of file.
2026-07-09 00:16:47,111 [ERROR] LogOutputStream:75 - [STDERR_REDIRECT] 
2026-07-09 00:16:48,051 [ERROR] LogOutputStream:75 - [STDERR_REDIRECT] [Fatal Error] :1:1: Premature end of file.
2026-07-09 00:16:48,053 [ERROR] LogOutputStream:75 - [STDERR_REDIRECT] 
2026-07-09 00:16:49,039 [ERROR] LogOutputStream:75 - [STDERR_REDIRECT] [Fatal Error] :1:1: Premature end of file.
2026-07-09 00:16:49,040 [ERROR] LogOutputStream:75 - [STDERR_REDIRECT] 
2026-07-09 00:16:50,043 [ERROR] LogOutputStream:75 - [STDERR_REDIRECT] [Fatal Error] :1:1: Premature end of file.
2026-07-09 00:16:50,044 [ERROR] LogOutputStream:75 - [STDERR_REDIRECT] 
2026-07-09 00:16:51,094 [ERROR] LogOutputStream:75 - [STDERR_REDIRECT] [Fatal Error] :1:1: Premature end of file.
2026-07-09 00:16:51,095 [ERROR] LogOutputStream:75 - [STDERR_REDIRECT] 
2026-07-09 00:16:52,046 [ERROR] LogOutputStream:75 - [STDERR_REDIRECT] [Fatal Error] :1:1: Premature end of file.
2026-07-09 00:16:52,047 [ERROR] LogOutputStream:75 - [STDERR_REDIRECT] 
2026-07-09 00:16:53,097 [ERROR] LogOutputStream:75 - [STDERR_REDIRECT] [Fatal Error] :1:1: Premature end of file.
2026-07-09 00:16:53,097 [ERROR] LogOutputStream:75 - [STDERR_REDIRECT] 
2026-07-09 00:16:54,045 [ERROR] LogOutputStream:75 - [STDERR_REDIRECT] [Fatal Error] :1:1: Premature end of file.
2026-07-09 00:16:54,047 [ERROR] LogOutputStream:75 - [STDERR_REDIRECT] 
2026-07-09 00:16:55,047 [ERROR] LogOutputStream:75 - [STDERR_REDIRECT] [Fatal Error] :1:1: Premature end of file.
2026-07-09 00:16:55,048 [ERROR] LogOutputStream:75 - [STDERR_REDIRECT] 
2026-07-09 00:16:56,046 [ERROR] LogOutputStream:75 - [STDERR_REDIRECT] [Fatal Error] :1:1: Premature end of file.
2026-07-09 00:16:56,047 [ERROR] LogOutputStream:75 - [STDERR_REDIRECT] 
2026-07-09 00:16:57,043 [ERROR] LogOutputStream:75 - [STDERR_REDIRECT] [Fatal Error] :1:1: Premature end of file.
2026-07-09 00:16:57,043 [ERROR] LogOutputStream:75 - [STDERR_REDIRECT] 
2026-07-09 00:16:58,079 [ERROR] LogOutputStream:75 - [STDERR_REDIRECT] [Fatal Error] :1:1: Premature end of file.
2026-07-09 00:16:58,080 [ERROR] LogOutputStream:75 - [STDERR_REDIRECT] 
2026-07-09 00:16:59,049 [ERROR] LogOutputStream:75 - [STDERR_REDIRECT] [Fatal Error] :1:1: Premature end of file.
2026-07-09 00:16:59,050 [ERROR] LogOutputStream:75 - [STDERR_REDIRECT] 
2026-07-09 00:17:00,069 [ERROR] LogOutputStream:75 - [STDERR_REDIRECT] [Fatal Error] :1:1: Premature end of file.
2026-07-09 00:17:00,070 [ERROR] LogOutputStream:75 - [STDERR_REDIRECT] 
2026-07-09 00:17:01,061 [ERROR] LogOutputStream:75 - [STDERR_REDIRECT] [Fatal Error] :1:1: Premature end of file.
2026-07-09 00:17:01,062 [ERROR] LogOutputStream:75 - [STDERR_REDIRECT] 
2026-07-09 00:17:02,093 [ERROR] LogOutputStream:75 - [STDERR_REDIRECT] [Fatal Error] :1:1: Premature end of file.
2026-07-09 00:17:02,094 [ERROR] LogOutputStream:75 - [STDERR_REDIRECT] 
2026-07-09 00:17:03,059 [ERROR] LogOutputStream:75 - [STDERR_REDIRECT] [Fatal Error] :1:1: Premature end of file.
2026-07-09 00:17:03,060 [ERROR] LogOutputStream:75 - [STDERR_REDIRECT] 
2026-07-09 00:17:04,054 [ERROR] LogOutputStream:75 - [STDERR_REDIRECT] [Fatal Error] :1:1: Premature end of file.
2026-07-09 00:17:04,056 [ERROR] LogOutputStream:75 - [STDERR_REDIRECT] 
2026-07-09 00:17:05,046 [ERROR] LogOutputStream:75 - [STDERR_REDIRECT] [Fatal Error] :1:1: Premature end of file.
2026-07-09 00:17:05,046 [ERROR] LogOutputStream:75 - [STDERR_REDIRECT] 
2026-07-09 00:17:06,058 [ERROR] LogOutputStream:75 - [STDERR_REDIRECT] [Fatal Error] :1:1: Premature end of file.
2026-07-09 00:17:06,058 [ERROR] LogOutputStream:75 - [STDERR_REDIRECT] 
2026-07-09 00:17:07,051 [ERROR] LogOutputStream:75 - [STDERR_REDIRECT] [Fatal Error] :1:1: Premature end of file.
2026-07-09 00:17:07,051 [ERROR] LogOutputStream:75 - [STDERR_REDIRECT] 
2026-07-09 00:17:08,048 [ERROR] LogOutputStream:75 - [STDERR_REDIRECT] [Fatal Error] :1:1: Premature end of file.
2026-07-09 00:17:08,049 [ERROR] LogOutputStream:75 - [STDERR_REDIRECT] 
2026-07-09 00:17:09,058 [ERROR] LogOutputStream:75 - [STDERR_REDIRECT] [Fatal Error] :1:1: Premature end of file.
2026-07-09 00:17:09,058 [ERROR] LogOutputStream:75 - [STDERR_REDIRECT] 
2026-07-09 00:17:10,058 [ERROR] LogOutputStream:75 - [STDERR_REDIRECT] [Fatal Error] :1:1: Premature end of file.
2026-07-09 00:17:10,058 [ERROR] LogOutputStream:75 - [STDERR_REDIRECT] 
2026-07-09 00:17:11,058 [ERROR] LogOutputStream:75 - [STDERR_REDIRECT] [Fatal Error] :1:1: Premature end of file.
2026-07-09 00:17:11,058 [ERROR] LogOutputStream:75 - [STDERR_REDIRECT] 
2026-07-09 00:17:12,047 [ERROR] LogOutputStream:75 - [STDERR_REDIRECT] [Fatal Error] :1:1: Premature end of file.
2026-07-09 00:17:12,047 [ERROR] LogOutputStream:75 - [STDERR_REDIRECT] 
2026-07-09 00:17:13,056 [ERROR] LogOutputStream:75 - [STDERR_REDIRECT] [Fatal Error] :1:1: Premature end of file.
2026-07-09 00:17:13,056 [ERROR] LogOutputStream:75 - [STDERR_REDIRECT] 
2026-07-09 00:17:14,065 [ERROR] LogOutputStream:75 - [STDERR_REDIRECT] [Fatal Error] :1:1: Premature end of file.
2026-07-09 00:17:14,065 [ERROR] LogOutputStream:75 - [STDERR_REDIRECT] 
2026-07-09 00:17:15,057 [ERROR] LogOutputStream:75 - [STDERR_REDIRECT] [Fatal Error] :1:1: Premature end of file.
2026-07-09 00:17:15,057 [ERROR] LogOutputStream:75 - [STDERR_REDIRECT] 
2026-07-09 00:17:16,049 [ERROR] LogOutputStream:75 - [STDERR_REDIRECT] [Fatal Error] :1:1: Premature end of file.
2026-07-09 00:17:16,050 [ERROR] LogOutputStream:75 - [STDERR_REDIRECT] 
2026-07-09 00:17:17,059 [ERROR] LogOutputStream:75 - [STDERR_REDIRECT] [Fatal Error] :1:1: Premature end of file.
2026-07-09 00:17:17,059 [ERROR] LogOutputStream:75 - [STDERR_REDIRECT] 
2026-07-09 00:17:18,047 [ERROR] LogOutputStream:75 - [STDERR_REDIRECT] [Fatal Error] :1:1: Premature end of file.
2026-07-09 00:17:18,047 [ERROR] LogOutputStream:75 - [STDERR_REDIRECT] 
2026-07-09 00:17:19,688 [ERROR] LogOutputStream:75 - [STDERR_REDIRECT] [Fatal Error] :1:1: Premature end of file.
2026-07-09 00:17:19,688 [ERROR] LogOutputStream:75 - [STDERR_REDIRECT] 
2026-07-09 00:17:20,232 [ERROR] LogOutputStream:75 - [STDERR_REDIRECT] [Fatal Error] :1:1: Premature end of file.
2026-07-09 00:17:20,240 [ERROR] LogOutputStream:75 - [STDERR_REDIRECT] 
2026-07-09 00:17:21,114 [ERROR] LogOutputStream:75 - [STDERR_REDIRECT] [Fatal Error] :1:1: Premature end of file.
2026-07-09 00:17:21,114 [ERROR] LogOutputStream:75 - [STDERR_REDIRECT] 
2026-07-09 00:17:22,060 [ERROR] LogOutputStream:75 - [STDERR_REDIRECT] [Fatal Error] :1:1: Premature end of file.
2026-07-09 00:17:22,061 [ERROR] LogOutputStream:75 - [STDERR_REDIRECT] 
2026-07-09 00:17:23,077 [ERROR] LogOutputStream:75 - [STDERR_REDIRECT] [Fatal Error] :1:1: Premature end of file.
2026-07-09 00:17:23,077 [ERROR] LogOutputStream:75 - [STDERR_REDIRECT] 
2026-07-09 00:17:24,076 [ERROR] LogOutputStream:75 - [STDERR_REDIRECT] [Fatal Error] :1:1: Premature end of file.
2026-07-09 00:17:24,077 [ERROR] LogOutputStream:75 - [STDERR_REDIRECT] 
2026-07-09 00:17:25,603 [ERROR] LogOutputStream:75 - [STDERR_REDIRECT] [Fatal Error] :1:1: Premature end of file.
2026-07-09 00:17:25,608 [ERROR] LogOutputStream:75 - [STDERR_REDIRECT] 
2026-07-09 00:17:26,097 [ERROR] LogOutputStream:75 - [STDERR_REDIRECT] [Fatal Error] :1:1: Premature end of file.
2026-07-09 00:17:26,098 [ERROR] LogOutputStream:75 - [STDERR_REDIRECT] 
2026-07-09 00:17:27,121 [ERROR] LogOutputStream:75 - [STDERR_REDIRECT] [Fatal Error] :1:1: Premature end of file.
2026-07-09 00:17:27,123 [ERROR] LogOutputStream:75 - [STDERR_REDIRECT] 
2026-07-09 00:17:28,270 [ERROR] LogOutputStream:75 - [STDERR_REDIRECT] [Fatal Error] :1:1: Premature end of file.
2026-07-09 00:17:28,271 [ERROR] LogOutputStream:75 - [STDERR_REDIRECT] 
2026-07-09 00:17:29,053 [ERROR] LogOutputStream:75 - [STDERR_REDIRECT] [Fatal Error] :1:1: Premature end of file.
2026-07-09 00:17:29,053 [ERROR] LogOutputStream:75 - [STDERR_REDIRECT] 
2026-07-09 00:17:30,071 [ERROR] LogOutputStream:75 - [STDERR_REDIRECT] [Fatal Error] :1:1: Premature end of file.
2026-07-09 00:17:30,071 [ERROR] LogOutputStream:75 - [STDERR_REDIRECT] 
2026-07-09 00:17:31,052 [ERROR] LogOutputStream:75 - [STDERR_REDIRECT] [Fatal Error] :1:1: Premature end of file.
2026-07-09 00:17:31,052 [ERROR] LogOutputStream:75 - [STDERR_REDIRECT] 
2026-07-09 00:17:32,043 [ERROR] LogOutputStream:75 - [STDERR_REDIRECT] [Fatal Error] :1:1: Premature end of file.
2026-07-09 00:17:32,043 [ERROR] LogOutputStream:75 - [STDERR_REDIRECT] 
2026-07-09 00:17:33,052 [ERROR] LogOutputStream:75 - [STDERR_REDIRECT] [Fatal Error] :1:1: Premature end of file.
2026-07-09 00:17:33,052 [ERROR] LogOutputStream:75 - [STDERR_REDIRECT] 
2026-07-09 00:17:34,046 [ERROR] LogOutputStream:75 - [STDERR_REDIRECT] [Fatal Error] :1:1: Premature end of file.
2026-07-09 00:17:34,049 [ERROR] LogOutputStream:75 - [STDERR_REDIRECT] 
2026-07-09 00:17:35,047 [ERROR] LogOutputStream:75 - [STDERR_REDIRECT] [Fatal Error] :1:1: Premature end of file.
2026-07-09 00:17:35,048 [ERROR] LogOutputStream:75 - [STDERR_REDIRECT] 
2026-07-09 00:17:36,070 [ERROR] LogOutputStream:75 - [STDERR_REDIRECT] [Fatal Error] :1:1: Premature end of file.
2026-07-09 00:17:36,071 [ERROR] LogOutputStream:75 - [STDERR_REDIRECT] 
2026-07-09 00:17:37,034 [ERROR] LogOutputStream:75 - [STDERR_REDIRECT] [Fatal Error] :1:1: Premature end of file.
2026-07-09 00:17:37,034 [ERROR] LogOutputStream:75 - [STDERR_REDIRECT] 
2026-07-09 00:17:38,051 [ERROR] LogOutputStream:75 - [STDERR_REDIRECT] [Fatal Error] :1:1: Premature end of file.
2026-07-09 00:17:38,052 [ERROR] LogOutputStream:75 - [STDERR_REDIRECT] 
2026-07-09 00:17:39,041 [ERROR] LogOutputStream:75 - [STDERR_REDIRECT] [Fatal Error] :1:1: Premature end of file.
2026-07-09 00:17:39,041 [ERROR] LogOutputStream:75 - [STDERR_REDIRECT] 
2026-07-09 00:17:40,042 [ERROR] LogOutputStream:75 - [STDERR_REDIRECT] [Fatal Error] :1:1: Premature end of file.
2026-07-09 00:17:40,042 [ERROR] LogOutputStream:75 - [STDERR_REDIRECT] 
2026-07-09 00:17:41,040 [ERROR] LogOutputStream:75 - [STDERR_REDIRECT] [Fatal Error] :1:1: Premature end of file.
2026-07-09 00:17:41,040 [ERROR] LogOutputStream:75 - [STDERR_REDIRECT] 
2026-07-09 00:17:42,111 [ERROR] LogOutputStream:75 - [STDERR_REDIRECT] [Fatal Error] :1:1: Premature end of file.
2026-07-09 00:17:42,115 [ERROR] LogOutputStream:75 - [STDERR_REDIRECT] 
2026-07-09 00:17:43,043 [ERROR] LogOutputStream:75 - [STDERR_REDIRECT] [Fatal Error] :1:1: Premature end of file.
2026-07-09 00:17:43,047 [ERROR] LogOutputStream:75 - [STDERR_REDIRECT] 
2026-07-09 00:17:44,037 [ERROR] LogOutputStream:75 - [STDERR_REDIRECT] [Fatal Error] :1:1: Premature end of file.
2026-07-09 00:17:44,038 [ERROR] LogOutputStream:75 - [STDERR_REDIRECT] 
2026-07-09 00:17:45,040 [ERROR] LogOutputStream:75 - [STDERR_REDIRECT] [Fatal Error] :1:1: Premature end of file.
2026-07-09 00:17:45,041 [ERROR] LogOutputStream:75 - [STDERR_REDIRECT] 
2026-07-09 00:17:46,041 [ERROR] LogOutputStream:75 - [STDERR_REDIRECT] [Fatal Error] :1:1: Premature end of file.
2026-07-09 00:17:46,041 [ERROR] LogOutputStream:75 - [STDERR_REDIRECT] 
2026-07-09 00:17:47,038 [ERROR] LogOutputStream:75 - [STDERR_REDIRECT] [Fatal Error] :1:1: Premature end of file.
2026-07-09 00:17:47,038 [ERROR] LogOutputStream:75 - [STDERR_REDIRECT] 
2026-07-09 00:17:48,039 [ERROR] LogOutputStream:75 - [STDERR_REDIRECT] [Fatal Error] :1:1: Premature end of file.
2026-07-09 00:17:48,039 [ERROR] LogOutputStream:75 - [STDERR_REDIRECT] 
2026-07-09 00:17:49,039 [ERROR] LogOutputStream:75 - [STDERR_REDIRECT] [Fatal Error] :1:1: Premature end of file.
2026-07-09 00:17:49,039 [ERROR] LogOutputStream:75 - [STDERR_REDIRECT] 
2026-07-09 00:17:50,063 [ERROR] LogOutputStream:75 - [STDERR_REDIRECT] [Fatal Error] :1:1: Premature end of file.
2026-07-09 00:17:50,063 [ERROR] LogOutputStream:75 - [STDERR_REDIRECT] 
2026-07-09 00:17:51,047 [ERROR] LogOutputStream:75 - [STDERR_REDIRECT] [Fatal Error] :1:1: Premature end of file.
2026-07-09 00:17:51,048 [ERROR] LogOutputStream:75 - [STDERR_REDIRECT] 
2026-07-09 00:17:52,044 [ERROR] LogOutputStream:75 - [STDERR_REDIRECT] [Fatal Error] :1:1: Premature end of file.
2026-07-09 00:17:52,044 [ERROR] LogOutputStream:75 - [STDERR_REDIRECT] 
2026-07-09 00:17:53,038 [ERROR] LogOutputStream:75 - [STDERR_REDIRECT] [Fatal Error] :1:1: Premature end of file.
2026-07-09 00:17:53,039 [ERROR] LogOutputStream:75 - [STDERR_REDIRECT] 
2026-07-09 00:17:54,073 [ERROR] LogOutputStream:75 - [STDERR_REDIRECT] [Fatal Error] :1:1: Premature end of file.
2026-07-09 00:17:54,079 [ERROR] LogOutputStream:75 - [STDERR_REDIRECT] 
2026-07-09 00:17:55,040 [ERROR] LogOutputStream:75 - [STDERR_REDIRECT] [Fatal Error] :1:1: Premature end of file.
2026-07-09 00:17:55,043 [ERROR] LogOutputStream:75 - [STDERR_REDIRECT] 
2026-07-09 00:17:56,043 [ERROR] LogOutputStream:75 - [STDERR_REDIRECT] [Fatal Error] :1:1: Premature end of file.
2026-07-09 00:17:56,044 [ERROR] LogOutputStream:75 - [STDERR_REDIRECT] 
2026-07-09 00:17:57,035 [ERROR] LogOutputStream:75 - [STDERR_REDIRECT] [Fatal Error] :1:1: Premature end of file.
2026-07-09 00:17:57,035 [ERROR] LogOutputStream:75 - [STDERR_REDIRECT] 
2026-07-09 00:17:58,038 [ERROR] LogOutputStream:75 - [STDERR_REDIRECT] [Fatal Error] :1:1: Premature end of file.
2026-07-09 00:17:58,038 [ERROR] LogOutputStream:75 - [STDERR_REDIRECT] 
2026-07-09 00:17:59,048 [ERROR] LogOutputStream:75 - [STDERR_REDIRECT] [Fatal Error] :1:1: Premature end of file.
2026-07-09 00:17:59,050 [ERROR] LogOutputStream:75 - [STDERR_REDIRECT] 
2026-07-09 00:18:00,068 [ERROR] LogOutputStream:75 - [STDERR_REDIRECT] [Fatal Error] :1:1: Premature end of file.
2026-07-09 00:18:00,069 [ERROR] LogOutputStream:75 - [STDERR_REDIRECT] 
2026-07-09 00:18:01,050 [ERROR] LogOutputStream:75 - [STDERR_REDIRECT] [Fatal Error] :1:1: Premature end of file.
2026-07-09 00:18:01,051 [ERROR] LogOutputStream:75 - [STDERR_REDIRECT] 
2026-07-09 00:18:02,034 [ERROR] LogOutputStream:75 - [STDERR_REDIRECT] [Fatal Error] :1:1: Premature end of file.
2026-07-09 00:18:02,034 [ERROR] LogOutputStream:75 - [STDERR_REDIRECT] 
2026-07-09 00:18:03,042 [ERROR] LogOutputStream:75 - [STDERR_REDIRECT] [Fatal Error] :1:1: Premature end of file.
2026-07-09 00:18:03,042 [ERROR] LogOutputStream:75 - [STDERR_REDIRECT] 
2026-07-09 00:18:04,060 [ERROR] LogOutputStream:75 - [STDERR_REDIRECT] [Fatal Error] :1:1: Premature end of file.
2026-07-09 00:18:04,060 [ERROR] LogOutputStream:75 - [STDERR_REDIRECT] 
2026-07-09 00:18:05,035 [ERROR] LogOutputStream:75 - [STDERR_REDIRECT] [Fatal Error] :1:1: Premature end of file.
2026-07-09 00:18:05,035 [ERROR] LogOutputStream:75 - [STDERR_REDIRECT] 
2026-07-09 00:18:06,041 [ERROR] LogOutputStream:75 - [STDERR_REDIRECT] [Fatal Error] :1:1: Premature end of file.
2026-07-09 00:18:06,042 [ERROR] LogOutputStream:75 - [STDERR_REDIRECT] 
2026-07-09 00:18:07,035 [ERROR] LogOutputStream:75 - [STDERR_REDIRECT] [Fatal Error] :1:1: Premature end of file.
2026-07-09 00:18:07,036 [ERROR] LogOutputStream:75 - [STDERR_REDIRECT] 
2026-07-09 00:18:08,041 [ERROR] LogOutputStream:75 - [STDERR_REDIRECT] [Fatal Error] :1:1: Premature end of file.
2026-07-09 00:18:08,041 [ERROR] LogOutputStream:75 - [STDERR_REDIRECT] 
2026-07-09 00:18:09,041 [ERROR] LogOutputStream:75 - [STDERR_REDIRECT] [Fatal Error] :1:1: Premature end of file.
2026-07-09 00:18:09,041 [ERROR] LogOutputStream:75 - [STDERR_REDIRECT] 
2026-07-09 00:18:10,045 [ERROR] LogOutputStream:75 - [STDERR_REDIRECT] [Fatal Error] :1:1: Premature end of file.
2026-07-09 00:18:10,045 [ERROR] LogOutputStream:75 - [STDERR_REDIRECT] 
2026-07-09 00:18:11,040 [ERROR] LogOutputStream:75 - [STDERR_REDIRECT] [Fatal Error] :1:1: Premature end of file.
2026-07-09 00:18:11,040 [ERROR] LogOutputStream:75 - [STDERR_REDIRECT] 
2026-07-09 00:18:12,064 [ERROR] LogOutputStream:75 - [STDERR_REDIRECT] [Fatal Error] :1:1: Premature end of file.
2026-07-09 00:18:12,065 [ERROR] LogOutputStream:75 - [STDERR_REDIRECT] 
2026-07-09 00:18:13,328 [ERROR] LogOutputStream:75 - [STDERR_REDIRECT] [Fatal Error] :1:1: Premature end of file.
2026-07-09 00:18:13,330 [ERROR] LogOutputStream:75 - [STDERR_REDIRECT] 
2026-07-09 00:18:14,042 [ERROR] LogOutputStream:75 - [STDERR_REDIRECT] [Fatal Error] :1:1: Premature end of file.
2026-07-09 00:18:14,043 [ERROR] LogOutputStream:75 - [STDERR_REDIRECT] 
2026-07-09 00:18:15,040 [ERROR] LogOutputStream:75 - [STDERR_REDIRECT] [Fatal Error] :1:1: Premature end of file.
2026-07-09 00:18:15,040 [ERROR] LogOutputStream:75 - [STDERR_REDIRECT] 
2026-07-09 00:18:16,042 [ERROR] LogOutputStream:75 - [STDERR_REDIRECT] [Fatal Error] :1:1: Premature end of file.
2026-07-09 00:18:16,043 [ERROR] LogOutputStream:75 - [STDERR_REDIRECT] 
2026-07-09 00:18:17,040 [ERROR] LogOutputStream:75 - [STDERR_REDIRECT] [Fatal Error] :1:1: Premature end of file.
2026-07-09 00:18:17,040 [ERROR] LogOutputStream:75 - [STDERR_REDIRECT] 
2026-07-09 00:18:18,044 [ERROR] LogOutputStream:75 - [STDERR_REDIRECT] [Fatal Error] :1:1: Premature end of file.
2026-07-09 00:18:18,044 [ERROR] LogOutputStream:75 - [STDERR_REDIRECT] 
2026-07-09 00:18:19,043 [ERROR] LogOutputStream:75 - [STDERR_REDIRECT] [Fatal Error] :1:1: Premature end of file.
2026-07-09 00:18:19,043 [ERROR] LogOutputStream:75 - [STDERR_REDIRECT] 
2026-07-09 00:18:20,043 [ERROR] LogOutputStream:75 - [STDERR_REDIRECT] [Fatal Error] :1:1: Premature end of file.
2026-07-09 00:18:20,044 [ERROR] LogOutputStream:75 - [STDERR_REDIRECT] 
2026-07-09 00:18:21,042 [ERROR] LogOutputStream:75 - [STDERR_REDIRECT] [Fatal Error] :1:1: Premature end of file.
2026-07-09 00:18:21,043 [ERROR] LogOutputStream:75 - [STDERR_REDIRECT] 
2026-07-09 00:18:22,044 [ERROR] LogOutputStream:75 - [STDERR_REDIRECT] [Fatal Error] :1:1: Premature end of file.
2026-07-09 00:18:22,045 [ERROR] LogOutputStream:75 - [STDERR_REDIRECT] 
2026-07-09 00:18:23,042 [ERROR] LogOutputStream:75 - [STDERR_REDIRECT] [Fatal Error] :1:1: Premature end of file.
2026-07-09 00:18:23,043 [ERROR] LogOutputStream:75 - [STDERR_REDIRECT] 
2026-07-09 00:18:24,089 [ERROR] LogOutputStream:75 - [STDERR_REDIRECT] [Fatal Error] :1:1: Premature end of file.
2026-07-09 00:18:24,089 [ERROR] LogOutputStream:75 - [STDERR_REDIRECT] 
2026-07-09 00:18:25,046 [ERROR] LogOutputStream:75 - [STDERR_REDIRECT] [Fatal Error] :1:1: Premature end of file.
2026-07-09 00:18:25,047 [ERROR] LogOutputStream:75 - [STDERR_REDIRECT] 
2026-07-09 00:18:26,053 [ERROR] LogOutputStream:75 - [STDERR_REDIRECT] [Fatal Error] :1:1: Premature end of file.
2026-07-09 00:18:26,054 [ERROR] LogOutputStream:75 - [STDERR_REDIRECT] 
2026-07-09 00:18:27,045 [ERROR] LogOutputStream:75 - [STDERR_REDIRECT] [Fatal Error] :1:1: Premature end of file.
2026-07-09 00:18:27,046 [ERROR] LogOutputStream:75 - [STDERR_REDIRECT] 
2026-07-09 00:18:28,044 [ERROR] LogOutputStream:75 - [STDERR_REDIRECT] [Fatal Error] :1:1: Premature end of file.
2026-07-09 00:18:28,045 [ERROR] LogOutputStream:75 - [STDERR_REDIRECT] 
2026-07-09 00:18:29,045 [ERROR] LogOutputStream:75 - [STDERR_REDIRECT] [Fatal Error] :1:1: Premature end of file.
2026-07-09 00:18:29,046 [ERROR] LogOutputStream:75 - [STDERR_REDIRECT] 
2026-07-09 00:18:30,050 [ERROR] LogOutputStream:75 - [STDERR_REDIRECT] [Fatal Error] :1:1: Premature end of file.
2026-07-09 00:18:30,051 [ERROR] LogOutputStream:75 - [STDERR_REDIRECT] 
2026-07-09 00:18:31,044 [ERROR] LogOutputStream:75 - [STDERR_REDIRECT] [Fatal Error] :1:1: Premature end of file.
2026-07-09 00:18:31,044 [ERROR] LogOutputStream:75 - [STDERR_REDIRECT] 
2026-07-09 00:18:32,059 [ERROR] LogOutputStream:75 - [STDERR_REDIRECT] [Fatal Error] :1:1: Premature end of file.
2026-07-09 00:18:32,059 [ERROR] LogOutputStream:75 - [STDERR_REDIRECT] 
2026-07-09 00:18:33,060 [ERROR] LogOutputStream:75 - [STDERR_REDIRECT] [Fatal Error] :1:1: Premature end of file.
2026-07-09 00:18:33,061 [ERROR] LogOutputStream:75 - [STDERR_REDIRECT] 
2026-07-09 00:18:34,061 [ERROR] LogOutputStream:75 - [STDERR_REDIRECT] [Fatal Error] :1:1: Premature end of file.
2026-07-09 00:18:34,062 [ERROR] LogOutputStream:75 - [STDERR_REDIRECT] 
2026-07-09 00:18:35,053 [ERROR] LogOutputStream:75 - [STDERR_REDIRECT] [Fatal Error] :1:1: Premature end of file.
2026-07-09 00:18:35,054 [ERROR] LogOutputStream:75 - [STDERR_REDIRECT] 
2026-07-09 00:18:36,071 [ERROR] LogOutputStream:75 - [STDERR_REDIRECT] [Fatal Error] :1:1: Premature end of file.
2026-07-09 00:18:36,071 [ERROR] LogOutputStream:75 - [STDERR_REDIRECT] 
2026-07-09 00:18:37,041 [ERROR] LogOutputStream:75 - [STDERR_REDIRECT] [Fatal Error] :1:1: Premature end of file.
2026-07-09 00:18:37,041 [ERROR] LogOutputStream:75 - [STDERR_REDIRECT] 
2026-07-09 00:18:38,059 [ERROR] LogOutputStream:75 - [STDERR_REDIRECT] [Fatal Error] :1:1: Premature end of file.
2026-07-09 00:18:38,060 [ERROR] LogOutputStream:75 - [STDERR_REDIRECT] 
2026-07-09 00:18:39,075 [ERROR] LogOutputStream:75 - [STDERR_REDIRECT] [Fatal Error] :1:1: Premature end of file.
2026-07-09 00:18:39,075 [ERROR] LogOutputStream:75 - [STDERR_REDIRECT] 
2026-07-09 00:18:40,098 [ERROR] LogOutputStream:75 - [STDERR_REDIRECT] [Fatal Error] :1:1: Premature end of file.
2026-07-09 00:18:40,099 [ERROR] LogOutputStream:75 - [STDERR_REDIRECT] 
2026-07-09 00:18:41,038 [ERROR] LogOutputStream:75 - [STDERR_REDIRECT] [Fatal Error] :1:1: Premature end of file.
2026-07-09 00:18:41,038 [ERROR] LogOutputStream:75 - [STDERR_REDIRECT] 
2026-07-09 00:18:42,050 [ERROR] LogOutputStream:75 - [STDERR_REDIRECT] [Fatal Error] :1:1: Premature end of file.
2026-07-09 00:18:42,050 [ERROR] LogOutputStream:75 - [STDERR_REDIRECT] 
2026-07-09 00:18:43,047 [ERROR] LogOutputStream:75 - [STDERR_REDIRECT] [Fatal Error] :1:1: Premature end of file.
2026-07-09 00:18:43,048 [ERROR] LogOutputStream:75 - [STDERR_REDIRECT] 
2026-07-09 00:18:44,050 [ERROR] LogOutputStream:75 - [STDERR_REDIRECT] [Fatal Error] :1:1: Premature end of file.
2026-07-09 00:18:44,050 [ERROR] LogOutputStream:75 - [STDERR_REDIRECT] 
2026-07-09 00:18:45,039 [ERROR] LogOutputStream:75 - [STDERR_REDIRECT] [Fatal Error] :1:1: Premature end of file.
2026-07-09 00:18:45,039 [ERROR] LogOutputStream:75 - [STDERR_REDIRECT] 
2026-07-09 00:18:46,041 [ERROR] LogOutputStream:75 - [STDERR_REDIRECT] [Fatal Error] :1:1: Premature end of file.
2026-07-09 00:18:46,041 [ERROR] LogOutputStream:75 - [STDERR_REDIRECT] 
2026-07-09 00:18:47,037 [ERROR] LogOutputStream:75 - [STDERR_REDIRECT] [Fatal Error] :1:1: Premature end of file.
2026-07-09 00:18:47,037 [ERROR] LogOutputStream:75 - [STDERR_REDIRECT] 
2026-07-09 00:18:48,046 [ERROR] LogOutputStream:75 - [STDERR_REDIRECT] [Fatal Error] :1:1: Premature end of file.
2026-07-09 00:18:48,046 [ERROR] LogOutputStream:75 - [STDERR_REDIRECT] 
2026-07-09 00:18:49,035 [ERROR] LogOutputStream:75 - [STDERR_REDIRECT] [Fatal Error] :1:1: Premature end of file.
2026-07-09 00:18:49,035 [ERROR] LogOutputStream:75 - [STDERR_REDIRECT] 
2026-07-09 00:18:50,037 [ERROR] LogOutputStream:75 - [STDERR_REDIRECT] [Fatal Error] :1:1: Premature end of file.
2026-07-09 00:18:50,038 [ERROR] LogOutputStream:75 - [STDERR_REDIRECT] 
2026-07-09 00:18:51,037 [ERROR] LogOutputStream:75 - [STDERR_REDIRECT] [Fatal Error] :1:1: Premature end of file.
2026-07-09 00:18:51,037 [ERROR] LogOutputStream:75 - [STDERR_REDIRECT] 
2026-07-09 00:18:52,081 [ERROR] LogOutputStream:75 - [STDERR_REDIRECT] [Fatal Error] :1:1: Premature end of file.
2026-07-09 00:18:52,081 [ERROR] LogOutputStream:75 - [STDERR_REDIRECT] 
2026-07-09 00:18:53,072 [ERROR] LogOutputStream:75 - [STDERR_REDIRECT] [Fatal Error] :1:1: Premature end of file.
2026-07-09 00:18:53,072 [ERROR] LogOutputStream:75 - [STDERR_REDIRECT] 
2026-07-09 00:18:54,041 [ERROR] LogOutputStream:75 - [STDERR_REDIRECT] [Fatal Error] :1:1: Premature end of file.
2026-07-09 00:18:54,041 [ERROR] LogOutputStream:75 - [STDERR_REDIRECT] 
2026-07-09 00:18:55,047 [ERROR] LogOutputStream:75 - [STDERR_REDIRECT] [Fatal Error] :1:1: Premature end of file.
2026-07-09 00:18:55,052 [ERROR] LogOutputStream:75 - [STDERR_REDIRECT] 
2026-07-09 00:18:56,038 [ERROR] LogOutputStream:75 - [STDERR_REDIRECT] [Fatal Error] :1:1: Premature end of file.
2026-07-09 00:18:56,038 [ERROR] LogOutputStream:75 - [STDERR_REDIRECT] 
2026-07-09 00:18:57,334 [ERROR] LogOutputStream:75 - [STDERR_REDIRECT] [Fatal Error] :1:1: Premature end of file.
2026-07-09 00:18:57,334 [ERROR] LogOutputStream:75 - [STDERR_REDIRECT] 
2026-07-09 00:18:58,035 [ERROR] LogOutputStream:75 - [STDERR_REDIRECT] [Fatal Error] :1:1: Premature end of file.
2026-07-09 00:18:58,036 [ERROR] LogOutputStream:75 - [STDERR_REDIRECT] 
2026-07-09 00:18:59,036 [ERROR] LogOutputStream:75 - [STDERR_REDIRECT] [Fatal Error] :1:1: Premature end of file.
2026-07-09 00:18:59,036 [ERROR] LogOutputStream:75 - [STDERR_REDIRECT] 
2026-07-09 00:19:00,054 [ERROR] LogOutputStream:75 - [STDERR_REDIRECT] [Fatal Error] :1:1: Premature end of file.
2026-07-09 00:19:00,054 [ERROR] LogOutputStream:75 - [STDERR_REDIRECT] 
2026-07-09 00:19:01,049 [ERROR] LogOutputStream:75 - [STDERR_REDIRECT] [Fatal Error] :1:1: Premature end of file.
2026-07-09 00:19:01,049 [ERROR] LogOutputStream:75 - [STDERR_REDIRECT] 
2026-07-09 00:19:02,031 [ERROR] LogOutputStream:75 - [STDERR_REDIRECT] [Fatal Error] :1:1: Premature end of file.
2026-07-09 00:19:02,032 [ERROR] LogOutputStream:75 - [STDERR_REDIRECT] 
2026-07-09 00:19:03,044 [ERROR] LogOutputStream:75 - [STDERR_REDIRECT] [Fatal Error] :1:1: Premature end of file.
2026-07-09 00:19:03,045 [ERROR] LogOutputStream:75 - [STDERR_REDIRECT] 
2026-07-09 00:19:04,037 [ERROR] LogOutputStream:75 - [STDERR_REDIRECT] [Fatal Error] :1:1: Premature end of file.
2026-07-09 00:19:04,037 [ERROR] LogOutputStream:75 - [STDERR_REDIRECT] 
2026-07-09 00:19:05,036 [ERROR] LogOutputStream:75 - [STDERR_REDIRECT] [Fatal Error] :1:1: Premature end of file.
2026-07-09 00:19:05,038 [ERROR] LogOutputStream:75 - [STDERR_REDIRECT] 
2026-07-09 00:19:06,041 [ERROR] LogOutputStream:75 - [STDERR_REDIRECT] [Fatal Error] :1:1: Premature end of file.
2026-07-09 00:19:06,042 [ERROR] LogOutputStream:75 - [STDERR_REDIRECT] 
2026-07-09 00:19:07,045 [ERROR] LogOutputStream:75 - [STDERR_REDIRECT] [Fatal Error] :1:1: Premature end of file.
2026-07-09 00:19:07,045 [ERROR] LogOutputStream:75 - [STDERR_REDIRECT] 
2026-07-09 00:19:08,043 [ERROR] LogOutputStream:75 - [STDERR_REDIRECT] [Fatal Error] :1:1: Premature end of file.
2026-07-09 00:19:08,043 [ERROR] LogOutputStream:75 - [STDERR_REDIRECT] 
2026-07-09 00:19:09,043 [ERROR] LogOutputStream:75 - [STDERR_REDIRECT] [Fatal Error] :1:1: Premature end of file.
2026-07-09 00:19:09,043 [ERROR] LogOutputStream:75 - [STDERR_REDIRECT] 
2026-07-09 00:19:10,033 [ERROR] LogOutputStream:75 - [STDERR_REDIRECT] [Fatal Error] :1:1: Premature end of file.
2026-07-09 00:19:10,033 [ERROR] LogOutputStream:75 - [STDERR_REDIRECT] 
2026-07-09 00:19:11,050 [ERROR] LogOutputStream:75 - [STDERR_REDIRECT] [Fatal Error] :1:1: Premature end of file.
2026-07-09 00:19:11,052 [ERROR] LogOutputStream:75 - [STDERR_REDIRECT] 
2026-07-09 00:19:12,040 [ERROR] LogOutputStream:75 - [STDERR_REDIRECT] [Fatal Error] :1:1: Premature end of file.
2026-07-09 00:19:12,040 [ERROR] LogOutputStream:75 - [STDERR_REDIRECT] 
2026-07-09 00:19:13,046 [ERROR] LogOutputStream:75 - [STDERR_REDIRECT] [Fatal Error] :1:1: Premature end of file.
2026-07-09 00:19:13,047 [ERROR] LogOutputStream:75 - [STDERR_REDIRECT] 
2026-07-09 00:19:14,046 [ERROR] LogOutputStream:75 - [STDERR_REDIRECT] [Fatal Error] :1:1: Premature end of file.
2026-07-09 00:19:14,046 [ERROR] LogOutputStream:75 - [STDERR_REDIRECT] 
2026-07-09 00:19:15,040 [ERROR] LogOutputStream:75 - [STDERR_REDIRECT] [Fatal Error] :1:1: Premature end of file.
2026-07-09 00:19:15,040 [ERROR] LogOutputStream:75 - [STDERR_REDIRECT] 
2026-07-09 00:19:16,032 [ERROR] LogOutputStream:75 - [STDERR_REDIRECT] [Fatal Error] :1:1: Premature end of file.
2026-07-09 00:19:16,032 [ERROR] LogOutputStream:75 - [STDERR_REDIRECT] 
2026-07-09 00:19:17,041 [ERROR] LogOutputStream:75 - [STDERR_REDIRECT] [Fatal Error] :1:1: Premature end of file.
2026-07-09 00:19:17,041 [ERROR] LogOutputStream:75 - [STDERR_REDIRECT] 
2026-07-09 00:19:18,040 [ERROR] LogOutputStream:75 - [STDERR_REDIRECT] [Fatal Error] :1:1: Premature end of file.
2026-07-09 00:19:18,040 [ERROR] LogOutputStream:75 - [STDERR_REDIRECT] 
2026-07-09 00:19:19,043 [ERROR] LogOutputStream:75 - [STDERR_REDIRECT] [Fatal Error] :1:1: Premature end of file.
2026-07-09 00:19:19,044 [ERROR] LogOutputStream:75 - [STDERR_REDIRECT] 
2026-07-09 00:19:20,042 [ERROR] LogOutputStream:75 - [STDERR_REDIRECT] [Fatal Error] :1:1: Premature end of file.
2026-07-09 00:19:20,042 [ERROR] LogOutputStream:75 - [STDERR_REDIRECT] 
2026-07-09 00:19:21,045 [ERROR] LogOutputStream:75 - [STDERR_REDIRECT] [Fatal Error] :1:1: Premature end of file.
2026-07-09 00:19:21,045 [ERROR] LogOutputStream:75 - [STDERR_REDIRECT] 
2026-07-09 00:19:22,041 [ERROR] LogOutputStream:75 - [STDERR_REDIRECT] [Fatal Error] :1:1: Premature end of file.
2026-07-09 00:19:22,042 [ERROR] LogOutputStream:75 - [STDERR_REDIRECT] 
2026-07-09 00:19:23,075 [ERROR] LogOutputStream:75 - [STDERR_REDIRECT] [Fatal Error] :1:1: Premature end of file.
2026-07-09 00:19:23,076 [ERROR] LogOutputStream:75 - [STDERR_REDIRECT] 
2026-07-09 00:19:24,032 [ERROR] LogOutputStream:75 - [STDERR_REDIRECT] [Fatal Error] :1:1: Premature end of file.
2026-07-09 00:19:24,034 [ERROR] LogOutputStream:75 - [STDERR_REDIRECT] 
2026-07-09 00:19:25,046 [ERROR] LogOutputStream:75 - [STDERR_REDIRECT] [Fatal Error] :1:1: Premature end of file.
2026-07-09 00:19:25,046 [ERROR] LogOutputStream:75 - [STDERR_REDIRECT] 
2026-07-09 00:19:26,042 [ERROR] LogOutputStream:75 - [STDERR_REDIRECT] [Fatal Error] :1:1: Premature end of file.
2026-07-09 00:19:26,042 [ERROR] LogOutputStream:75 - [STDERR_REDIRECT] 
2026-07-09 00:19:27,063 [ERROR] LogOutputStream:75 - [STDERR_REDIRECT] [Fatal Error] :1:1: Premature end of file.
2026-07-09 00:19:27,064 [ERROR] LogOutputStream:75 - [STDERR_REDIRECT] 
2026-07-09 00:19:28,046 [ERROR] LogOutputStream:75 - [STDERR_REDIRECT] [Fatal Error] :1:1: Premature end of file.
2026-07-09 00:19:28,046 [ERROR] LogOutputStream:75 - [STDERR_REDIRECT] 
2026-07-09 00:19:29,041 [ERROR] LogOutputStream:75 - [STDERR_REDIRECT] [Fatal Error] :1:1: Premature end of file.
2026-07-09 00:19:29,042 [ERROR] LogOutputStream:75 - [STDERR_REDIRECT] 
2026-07-09 00:19:30,085 [ERROR] LogOutputStream:75 - [STDERR_REDIRECT] [Fatal Error] :1:1: Premature end of file.
2026-07-09 00:19:30,087 [ERROR] LogOutputStream:75 - [STDERR_REDIRECT] 
2026-07-09 00:19:31,041 [ERROR] LogOutputStream:75 - [STDERR_REDIRECT] [Fatal Error] :1:1: Premature end of file.
2026-07-09 00:19:31,042 [ERROR] LogOutputStream:75 - [STDERR_REDIRECT] 
2026-07-09 00:19:32,038 [ERROR] LogOutputStream:75 - [STDERR_REDIRECT] [Fatal Error] :1:1: Premature end of file.
2026-07-09 00:19:32,038 [ERROR] LogOutputStream:75 - [STDERR_REDIRECT] 
2026-07-09 00:19:33,044 [ERROR] LogOutputStream:75 - [STDERR_REDIRECT] [Fatal Error] :1:1: Premature end of file.
2026-07-09 00:19:33,044 [ERROR] LogOutputStream:75 - [STDERR_REDIRECT] 
2026-07-09 00:19:34,043 [ERROR] LogOutputStream:75 - [STDERR_REDIRECT] [Fatal Error] :1:1: Premature end of file.
2026-07-09 00:19:34,043 [ERROR] LogOutputStream:75 - [STDERR_REDIRECT] 
2026-07-09 00:19:35,033 [ERROR] LogOutputStream:75 - [STDERR_REDIRECT] [Fatal Error] :1:1: Premature end of file.
2026-07-09 00:19:35,034 [ERROR] LogOutputStream:75 - [STDERR_REDIRECT] 
2026-07-09 00:19:36,055 [ERROR] LogOutputStream:75 - [STDERR_REDIRECT] [Fatal Error] :1:1: Premature end of file.
2026-07-09 00:19:36,056 [ERROR] LogOutputStream:75 - [STDERR_REDIRECT] 
2026-07-09 00:19:37,042 [ERROR] LogOutputStream:75 - [STDERR_REDIRECT] [Fatal Error] :1:1: Premature end of file.
2026-07-09 00:19:37,042 [ERROR] LogOutputStream:75 - [STDERR_REDIRECT] 
2026-07-09 00:19:38,037 [ERROR] LogOutputStream:75 - [STDERR_REDIRECT] [Fatal Error] :1:1: Premature end of file.
2026-07-09 00:19:38,037 [ERROR] LogOutputStream:75 - [STDERR_REDIRECT] 
2026-07-09 00:19:39,045 [ERROR] LogOutputStream:75 - [STDERR_REDIRECT] [Fatal Error] :1:1: Premature end of file.
2026-07-09 00:19:39,048 [ERROR] LogOutputStream:75 - [STDERR_REDIRECT] 
2026-07-09 00:19:40,036 [ERROR] LogOutputStream:75 - [STDERR_REDIRECT] [Fatal Error] :1:1: Premature end of file.
2026-07-09 00:19:40,036 [ERROR] LogOutputStream:75 - [STDERR_REDIRECT] 
2026-07-09 00:19:41,044 [ERROR] LogOutputStream:75 - [STDERR_REDIRECT] [Fatal Error] :1:1: Premature end of file.
2026-07-09 00:19:41,044 [ERROR] LogOutputStream:75 - [STDERR_REDIRECT] 
2026-07-09 00:19:42,049 [ERROR] LogOutputStream:75 - [STDERR_REDIRECT] [Fatal Error] :1:1: Premature end of file.
2026-07-09 00:19:42,052 [ERROR] LogOutputStream:75 - [STDERR_REDIRECT] 
2026-07-09 00:19:43,044 [ERROR] LogOutputStream:75 - [STDERR_REDIRECT] [Fatal Error] :1:1: Premature end of file.
2026-07-09 00:19:43,047 [ERROR] LogOutputStream:75 - [STDERR_REDIRECT] 
2026-07-09 00:19:44,051 [ERROR] LogOutputStream:75 - [STDERR_REDIRECT] [Fatal Error] :1:1: Premature end of file.
2026-07-09 00:19:44,051 [ERROR] LogOutputStream:75 - [STDERR_REDIRECT] 
2026-07-09 00:19:45,042 [ERROR] LogOutputStream:75 - [STDERR_REDIRECT] [Fatal Error] :1:1: Premature end of file.
2026-07-09 00:19:45,042 [ERROR] LogOutputStream:75 - [STDERR_REDIRECT] 
2026-07-09 00:19:46,043 [ERROR] LogOutputStream:75 - [STDERR_REDIRECT] [Fatal Error] :1:1: Premature end of file.
2026-07-09 00:19:46,047 [ERROR] LogOutputStream:75 - [STDERR_REDIRECT] 
2026-07-09 00:19:47,045 [ERROR] LogOutputStream:75 - [STDERR_REDIRECT] [Fatal Error] :1:1: Premature end of file.
2026-07-09 00:19:47,047 [ERROR] LogOutputStream:75 - [STDERR_REDIRECT] 
2026-07-09 00:19:48,041 [ERROR] LogOutputStream:75 - [STDERR_REDIRECT] [Fatal Error] :1:1: Premature end of file.
2026-07-09 00:19:48,042 [ERROR] LogOutputStream:75 - [STDERR_REDIRECT] 
2026-07-09 00:19:49,049 [ERROR] LogOutputStream:75 - [STDERR_REDIRECT] [Fatal Error] :1:1: Premature end of file.
2026-07-09 00:19:49,049 [ERROR] LogOutputStream:75 - [STDERR_REDIRECT] 
2026-07-09 00:19:50,042 [ERROR] LogOutputStream:75 - [STDERR_REDIRECT] [Fatal Error] :1:1: Premature end of file.
2026-07-09 00:19:50,046 [ERROR] LogOutputStream:75 - [STDERR_REDIRECT] 
2026-07-09 00:19:51,046 [ERROR] LogOutputStream:75 - [STDERR_REDIRECT] [Fatal Error] :1:1: Premature end of file.
2026-07-09 00:19:51,046 [ERROR] LogOutputStream:75 - [STDERR_REDIRECT] 
2026-07-09 00:19:52,040 [ERROR] LogOutputStream:75 - [STDERR_REDIRECT] [Fatal Error] :1:1: Premature end of file.
2026-07-09 00:19:52,040 [ERROR] LogOutputStream:75 - [STDERR_REDIRECT] 
2026-07-09 00:19:53,029 [ERROR] LogOutputStream:75 - [STDERR_REDIRECT] [Fatal Error] :1:1: Premature end of file.
2026-07-09 00:19:53,029 [ERROR] LogOutputStream:75 - [STDERR_REDIRECT] 
2026-07-09 00:19:54,040 [ERROR] LogOutputStream:75 - [STDERR_REDIRECT] [Fatal Error] :1:1: Premature end of file.
2026-07-09 00:19:54,040 [ERROR] LogOutputStream:75 - [STDERR_REDIRECT] 
2026-07-09 00:19:55,038 [ERROR] LogOutputStream:75 - [STDERR_REDIRECT] [Fatal Error] :1:1: Premature end of file.
2026-07-09 00:19:55,039 [ERROR] LogOutputStream:75 - [STDERR_REDIRECT] 
2026-07-09 00:19:56,035 [ERROR] LogOutputStream:75 - [STDERR_REDIRECT] [Fatal Error] :1:1: Premature end of file.
2026-07-09 00:19:56,035 [ERROR] LogOutputStream:75 - [STDERR_REDIRECT] 
2026-07-09 00:19:57,047 [ERROR] LogOutputStream:75 - [STDERR_REDIRECT] [Fatal Error] :1:1: Premature end of file.
2026-07-09 00:19:57,047 [ERROR] LogOutputStream:75 - [STDERR_REDIRECT] 
2026-07-09 00:19:58,046 [ERROR] LogOutputStream:75 - [STDERR_REDIRECT] [Fatal Error] :1:1: Premature end of file.
2026-07-09 00:19:58,046 [ERROR] LogOutputStream:75 - [STDERR_REDIRECT] 
2026-07-09 00:19:59,044 [ERROR] LogOutputStream:75 - [STDERR_REDIRECT] [Fatal Error] :1:1: Premature end of file.
2026-07-09 00:19:59,045 [ERROR] LogOutputStream:75 - [STDERR_REDIRECT] 
2026-07-09 00:20:00,105 [ERROR] LogOutputStream:75 - [STDERR_REDIRECT] [Fatal Error] :1:1: Premature end of file.
2026-07-09 00:20:00,105 [ERROR] LogOutputStream:75 - [STDERR_REDIRECT] 
2026-07-09 00:20:01,035 [ERROR] LogOutputStream:75 - [STDERR_REDIRECT] [Fatal Error] :1:1: Premature end of file.
2026-07-09 00:20:01,035 [ERROR] LogOutputStream:75 - [STDERR_REDIRECT] 
2026-07-09 00:20:02,037 [ERROR] LogOutputStream:75 - [STDERR_REDIRECT] [Fatal Error] :1:1: Premature end of file.
2026-07-09 00:20:02,038 [ERROR] LogOutputStream:75 - [STDERR_REDIRECT] 
2026-07-09 00:20:03,039 [ERROR] LogOutputStream:75 - [STDERR_REDIRECT] [Fatal Error] :1:1: Premature end of file.
2026-07-09 00:20:03,042 [ERROR] LogOutputStream:75 - [STDERR_REDIRECT] 
2026-07-09 00:20:04,072 [ERROR] LogOutputStream:75 - [STDERR_REDIRECT] [Fatal Error] :1:1: Premature end of file.
2026-07-09 00:20:04,078 [ERROR] LogOutputStream:75 - [STDERR_REDIRECT] 
2026-07-09 00:20:05,133 [ERROR] LogOutputStream:75 - [STDERR_REDIRECT] [Fatal Error] :1:1: Premature end of file.
2026-07-09 00:20:05,133 [ERROR] LogOutputStream:75 - [STDERR_REDIRECT] 
2026-07-09 00:20:06,059 [ERROR] LogOutputStream:75 - [STDERR_REDIRECT] [Fatal Error] :1:1: Premature end of file.
2026-07-09 00:20:06,060 [ERROR] LogOutputStream:75 - [STDERR_REDIRECT] 
2026-07-09 00:20:07,064 [ERROR] LogOutputStream:75 - [STDERR_REDIRECT] [Fatal Error] :1:1: Premature end of file.
2026-07-09 00:20:07,065 [ERROR] LogOutputStream:75 - [STDERR_REDIRECT] 
2026-07-09 00:20:08,068 [ERROR] LogOutputStream:75 - [STDERR_REDIRECT] [Fatal Error] :1:1: Premature end of file.
2026-07-09 00:20:08,070 [ERROR] LogOutputStream:75 - [STDERR_REDIRECT] 
2026-07-09 00:20:09,065 [ERROR] LogOutputStream:75 - [STDERR_REDIRECT] [Fatal Error] :1:1: Premature end of file.
2026-07-09 00:20:09,066 [ERROR] LogOutputStream:75 - [STDERR_REDIRECT] 
2026-07-09 00:20:10,152 [ERROR] LogOutputStream:75 - [STDERR_REDIRECT] [Fatal Error] :1:1: Premature end of file.
2026-07-09 00:20:10,152 [ERROR] LogOutputStream:75 - [STDERR_REDIRECT] 
2026-07-09 00:20:11,080 [ERROR] LogOutputStream:75 - [STDERR_REDIRECT] [Fatal Error] :1:1: Premature end of file.
2026-07-09 00:20:11,080 [ERROR] LogOutputStream:75 - [STDERR_REDIRECT] 
2026-07-09 00:20:12,086 [ERROR] LogOutputStream:75 - [STDERR_REDIRECT] [Fatal Error] :1:1: Premature end of file.
2026-07-09 00:20:12,086 [ERROR] LogOutputStream:75 - [STDERR_REDIRECT] 
2026-07-09 00:20:13,048 [ERROR] LogOutputStream:75 - [STDERR_REDIRECT] [Fatal Error] :1:1: Premature end of file.
2026-07-09 00:20:13,049 [ERROR] LogOutputStream:75 - [STDERR_REDIRECT] 
2026-07-09 00:20:14,046 [ERROR] LogOutputStream:75 - [STDERR_REDIRECT] [Fatal Error] :1:1: Premature end of file.
2026-07-09 00:20:14,046 [ERROR] LogOutputStream:75 - [STDERR_REDIRECT] 
2026-07-09 00:20:15,519 [ERROR] LogOutputStream:75 - [STDERR_REDIRECT] [Fatal Error] :1:1: Premature end of file.
2026-07-09 00:20:15,519 [ERROR] LogOutputStream:75 - [STDERR_REDIRECT] 
2026-07-09 00:20:16,043 [ERROR] LogOutputStream:75 - [STDERR_REDIRECT] [Fatal Error] :1:1: Premature end of file.
2026-07-09 00:20:16,044 [ERROR] LogOutputStream:75 - [STDERR_REDIRECT] 
2026-07-09 00:20:17,057 [ERROR] LogOutputStream:75 - [STDERR_REDIRECT] [Fatal Error] :1:1: Premature end of file.
2026-07-09 00:20:17,057 [ERROR] LogOutputStream:75 - [STDERR_REDIRECT] 
2026-07-09 00:20:18,412 [ERROR] LogOutputStream:75 - [STDERR_REDIRECT] [Fatal Error] :1:1: Premature end of file.
2026-07-09 00:20:18,412 [ERROR] LogOutputStream:75 - [STDERR_REDIRECT] 
2026-07-09 00:20:19,295 [ERROR] LogOutputStream:75 - [STDERR_REDIRECT] [Fatal Error] :1:1: Premature end of file.
2026-07-09 00:20:19,295 [ERROR] LogOutputStream:75 - [STDERR_REDIRECT] 
2026-07-09 00:20:20,157 [ERROR] LogOutputStream:75 - [STDERR_REDIRECT] [Fatal Error] :1:1: Premature end of file.
2026-07-09 00:20:20,158 [ERROR] LogOutputStream:75 - [STDERR_REDIRECT] 
2026-07-09 00:20:21,110 [ERROR] LogOutputStream:75 - [STDERR_REDIRECT] [Fatal Error] :1:1: Premature end of file.
2026-07-09 00:20:21,110 [ERROR] LogOutputStream:75 - [STDERR_REDIRECT] 
2026-07-09 00:20:22,043 [ERROR] LogOutputStream:75 - [STDERR_REDIRECT] [Fatal Error] :1:1: Premature end of file.
2026-07-09 00:20:22,043 [ERROR] LogOutputStream:75 - [STDERR_REDIRECT] 
2026-07-09 00:20:23,045 [ERROR] LogOutputStream:75 - [STDERR_REDIRECT] [Fatal Error] :1:1: Premature end of file.
2026-07-09 00:20:23,045 [ERROR] LogOutputStream:75 - [STDERR_REDIRECT] 
2026-07-09 00:20:24,049 [ERROR] LogOutputStream:75 - [STDERR_REDIRECT] [Fatal Error] :1:1: Premature end of file.
2026-07-09 00:20:24,049 [ERROR] LogOutputStream:75 - [STDERR_REDIRECT] 
2026-07-09 00:20:25,047 [ERROR] LogOutputStream:75 - [STDERR_REDIRECT] [Fatal Error] :1:1: Premature end of file.
2026-07-09 00:20:25,048 [ERROR] LogOutputStream:75 - [STDERR_REDIRECT] 
2026-07-09 00:20:26,042 [ERROR] LogOutputStream:75 - [STDERR_REDIRECT] [Fatal Error] :1:1: Premature end of file.
2026-07-09 00:20:26,042 [ERROR] LogOutputStream:75 - [STDERR_REDIRECT] 
2026-07-09 00:20:27,046 [ERROR] LogOutputStream:75 - [STDERR_REDIRECT] [Fatal Error] :1:1: Premature end of file.
2026-07-09 00:20:27,046 [ERROR] LogOutputStream:75 - [STDERR_REDIRECT] 
2026-07-09 00:20:28,045 [ERROR] LogOutputStream:75 - [STDERR_REDIRECT] [Fatal Error] :1:1: Premature end of file.
2026-07-09 00:20:28,046 [ERROR] LogOutputStream:75 - [STDERR_REDIRECT] 
2026-07-09 00:20:29,055 [ERROR] LogOutputStream:75 - [STDERR_REDIRECT] [Fatal Error] :1:1: Premature end of file.
2026-07-09 00:20:29,055 [ERROR] LogOutputStream:75 - [STDERR_REDIRECT] 
2026-07-09 00:20:30,054 [ERROR] LogOutputStream:75 - [STDERR_REDIRECT] [Fatal Error] :1:1: Premature end of file.
2026-07-09 00:20:30,054 [ERROR] LogOutputStream:75 - [STDERR_REDIRECT] 
2026-07-09 00:20:31,041 [ERROR] LogOutputStream:75 - [STDERR_REDIRECT] [Fatal Error] :1:1: Premature end of file.
2026-07-09 00:20:31,042 [ERROR] LogOutputStream:75 - [STDERR_REDIRECT] 
2026-07-09 00:20:32,041 [ERROR] LogOutputStream:75 - [STDERR_REDIRECT] [Fatal Error] :1:1: Premature end of file.
2026-07-09 00:20:32,041 [ERROR] LogOutputStream:75 - [STDERR_REDIRECT] 
2026-07-09 00:20:33,060 [ERROR] LogOutputStream:75 - [STDERR_REDIRECT] [Fatal Error] :1:1: Premature end of file.
2026-07-09 00:20:33,060 [ERROR] LogOutputStream:75 - [STDERR_REDIRECT] 
2026-07-09 00:20:34,038 [ERROR] LogOutputStream:75 - [STDERR_REDIRECT] [Fatal Error] :1:1: Premature end of file.
2026-07-09 00:20:34,038 [ERROR] LogOutputStream:75 - [STDERR_REDIRECT] 
2026-07-09 00:20:35,056 [ERROR] LogOutputStream:75 - [STDERR_REDIRECT] [Fatal Error] :1:1: Premature end of file.
2026-07-09 00:20:35,057 [ERROR] LogOutputStream:75 - [STDERR_REDIRECT] 
2026-07-09 00:20:36,043 [ERROR] LogOutputStream:75 - [STDERR_REDIRECT] [Fatal Error] :1:1: Premature end of file.
2026-07-09 00:20:36,045 [ERROR] LogOutputStream:75 - [STDERR_REDIRECT] 
2026-07-09 00:20:37,059 [ERROR] LogOutputStream:75 - [STDERR_REDIRECT] [Fatal Error] :1:1: Premature end of file.
2026-07-09 00:20:37,059 [ERROR] LogOutputStream:75 - [STDERR_REDIRECT] 
2026-07-09 00:20:38,042 [ERROR] LogOutputStream:75 - [STDERR_REDIRECT] [Fatal Error] :1:1: Premature end of file.
2026-07-09 00:20:38,042 [ERROR] LogOutputStream:75 - [STDERR_REDIRECT] 
2026-07-09 00:20:39,037 [ERROR] LogOutputStream:75 - [STDERR_REDIRECT] [Fatal Error] :1:1: Premature end of file.
2026-07-09 00:20:39,037 [ERROR] LogOutputStream:75 - [STDERR_REDIRECT] 
2026-07-09 00:20:40,037 [ERROR] LogOutputStream:75 - [STDERR_REDIRECT] [Fatal Error] :1:1: Premature end of file.
2026-07-09 00:20:40,037 [ERROR] LogOutputStream:75 - [STDERR_REDIRECT] 
2026-07-09 00:20:41,027 [ERROR] LogOutputStream:75 - [STDERR_REDIRECT] [Fatal Error] :1:1: Premature end of file.
2026-07-09 00:20:41,027 [ERROR] LogOutputStream:75 - [STDERR_REDIRECT] 
2026-07-09 00:20:42,032 [ERROR] LogOutputStream:75 - [STDERR_REDIRECT] [Fatal Error] :1:1: Premature end of file.
2026-07-09 00:20:42,032 [ERROR] LogOutputStream:75 - [STDERR_REDIRECT] 
2026-07-09 00:20:43,027 [ERROR] LogOutputStream:75 - [STDERR_REDIRECT] [Fatal Error] :1:1: Premature end of file.
2026-07-09 00:20:43,027 [ERROR] LogOutputStream:75 - [STDERR_REDIRECT] 
2026-07-09 00:20:44,038 [ERROR] LogOutputStream:75 - [STDERR_REDIRECT] [Fatal Error] :1:1: Premature end of file.
2026-07-09 00:20:44,039 [ERROR] LogOutputStream:75 - [STDERR_REDIRECT] 
2026-07-09 00:20:45,041 [ERROR] LogOutputStream:75 - [STDERR_REDIRECT] [Fatal Error] :1:1: Premature end of file.
2026-07-09 00:20:45,041 [ERROR] LogOutputStream:75 - [STDERR_REDIRECT] 
2026-07-09 00:20:46,036 [ERROR] LogOutputStream:75 - [STDERR_REDIRECT] [Fatal Error] :1:1: Premature end of file.
2026-07-09 00:20:46,036 [ERROR] LogOutputStream:75 - [STDERR_REDIRECT] 
2026-07-09 00:20:47,034 [ERROR] LogOutputStream:75 - [STDERR_REDIRECT] [Fatal Error] :1:1: Premature end of file.
2026-07-09 00:20:47,034 [ERROR] LogOutputStream:75 - [STDERR_REDIRECT] 
2026-07-09 00:20:48,032 [ERROR] LogOutputStream:75 - [STDERR_REDIRECT] [Fatal Error] :1:1: Premature end of file.
2026-07-09 00:20:48,032 [ERROR] LogOutputStream:75 - [STDERR_REDIRECT] 
2026-07-09 00:20:49,030 [ERROR] LogOutputStream:75 - [STDERR_REDIRECT] [Fatal Error] :1:1: Premature end of file.
2026-07-09 00:20:49,031 [ERROR] LogOutputStream:75 - [STDERR_REDIRECT] 
2026-07-09 00:20:50,029 [ERROR] LogOutputStream:75 - [STDERR_REDIRECT] [Fatal Error] :1:1: Premature end of file.
2026-07-09 00:20:50,030 [ERROR] LogOutputStream:75 - [STDERR_REDIRECT] 
2026-07-09 00:20:51,031 [ERROR] LogOutputStream:75 - [STDERR_REDIRECT] [Fatal Error] :1:1: Premature end of file.
2026-07-09 00:20:51,032 [ERROR] LogOutputStream:75 - [STDERR_REDIRECT] 
2026-07-09 00:20:52,039 [ERROR] LogOutputStream:75 - [STDERR_REDIRECT] [Fatal Error] :1:1: Premature end of file.
2026-07-09 00:20:52,039 [ERROR] LogOutputStream:75 - [STDERR_REDIRECT] 
2026-07-09 00:20:53,041 [ERROR] LogOutputStream:75 - [STDERR_REDIRECT] [Fatal Error] :1:1: Premature end of file.
2026-07-09 00:20:53,041 [ERROR] LogOutputStream:75 - [STDERR_REDIRECT] 
2026-07-09 00:20:54,038 [ERROR] LogOutputStream:75 - [STDERR_REDIRECT] [Fatal Error] :1:1: Premature end of file.
2026-07-09 00:20:54,038 [ERROR] LogOutputStream:75 - [STDERR_REDIRECT] 
2026-07-09 00:20:55,035 [ERROR] LogOutputStream:75 - [STDERR_REDIRECT] [Fatal Error] :1:1: Premature end of file.
2026-07-09 00:20:55,035 [ERROR] LogOutputStream:75 - [STDERR_REDIRECT] 
2026-07-09 00:20:56,032 [ERROR] LogOutputStream:75 - [STDERR_REDIRECT] [Fatal Error] :1:1: Premature end of file.
2026-07-09 00:20:56,032 [ERROR] LogOutputStream:75 - [STDERR_REDIRECT] 
2026-07-09 00:20:57,050 [ERROR] LogOutputStream:75 - [STDERR_REDIRECT] [Fatal Error] :1:1: Premature end of file.
2026-07-09 00:20:57,051 [ERROR] LogOutputStream:75 - [STDERR_REDIRECT] 
2026-07-09 00:20:58,480 [ERROR] LogOutputStream:75 - [STDERR_REDIRECT] [Fatal Error] :1:1: Premature end of file.
2026-07-09 00:20:58,480 [ERROR] LogOutputStream:75 - [STDERR_REDIRECT] 
2026-07-09 00:20:59,034 [ERROR] LogOutputStream:75 - [STDERR_REDIRECT] [Fatal Error] :1:1: Premature end of file.
2026-07-09 00:20:59,034 [ERROR] LogOutputStream:75 - [STDERR_REDIRECT] 
2026-07-09 00:21:00,038 [ERROR] LogOutputStream:75 - [STDERR_REDIRECT] [Fatal Error] :1:1: Premature end of file.
2026-07-09 00:21:00,038 [ERROR] LogOutputStream:75 - [STDERR_REDIRECT] 
2026-07-09 00:21:01,034 [ERROR] LogOutputStream:75 - [STDERR_REDIRECT] [Fatal Error] :1:1: Premature end of file.
2026-07-09 00:21:01,034 [ERROR] LogOutputStream:75 - [STDERR_REDIRECT] 
2026-07-09 00:21:02,038 [ERROR] LogOutputStream:75 - [STDERR_REDIRECT] [Fatal Error] :1:1: Premature end of file.
2026-07-09 00:21:02,039 [ERROR] LogOutputStream:75 - [STDERR_REDIRECT] 
2026-07-09 00:21:03,039 [ERROR] LogOutputStream:75 - [STDERR_REDIRECT] [Fatal Error] :1:1: Premature end of file.
2026-07-09 00:21:03,042 [ERROR] LogOutputStream:75 - [STDERR_REDIRECT] 
2026-07-09 00:21:04,030 [ERROR] LogOutputStream:75 - [STDERR_REDIRECT] [Fatal Error] :1:1: Premature end of file.
2026-07-09 00:21:04,030 [ERROR] LogOutputStream:75 - [STDERR_REDIRECT] 
2026-07-09 00:21:05,043 [ERROR] LogOutputStream:75 - [STDERR_REDIRECT] [Fatal Error] :1:1: Premature end of file.
2026-07-09 00:21:05,044 [ERROR] LogOutputStream:75 - [STDERR_REDIRECT] 
2026-07-09 00:21:06,039 [ERROR] LogOutputStream:75 - [STDERR_REDIRECT] [Fatal Error] :1:1: Premature end of file.
2026-07-09 00:21:06,042 [ERROR] LogOutputStream:75 - [STDERR_REDIRECT] 
2026-07-09 00:21:07,039 [ERROR] LogOutputStream:75 - [STDERR_REDIRECT] [Fatal Error] :1:1: Premature end of file.
2026-07-09 00:21:07,039 [ERROR] LogOutputStream:75 - [STDERR_REDIRECT] 
2026-07-09 00:21:08,037 [ERROR] LogOutputStream:75 - [STDERR_REDIRECT] [Fatal Error] :1:1: Premature end of file.
2026-07-09 00:21:08,037 [ERROR] LogOutputStream:75 - [STDERR_REDIRECT] 
2026-07-09 00:21:09,044 [ERROR] LogOutputStream:75 - [STDERR_REDIRECT] [Fatal Error] :1:1: Premature end of file.
2026-07-09 00:21:09,044 [ERROR] LogOutputStream:75 - [STDERR_REDIRECT] 
2026-07-09 00:21:10,051 [ERROR] LogOutputStream:75 - [STDERR_REDIRECT] [Fatal Error] :1:1: Premature end of file.
2026-07-09 00:21:10,051 [ERROR] LogOutputStream:75 - [STDERR_REDIRECT] 
2026-07-09 00:21:11,031 [ERROR] LogOutputStream:75 - [STDERR_REDIRECT] [Fatal Error] :1:1: Premature end of file.
2026-07-09 00:21:11,032 [ERROR] LogOutputStream:75 - [STDERR_REDIRECT] 
2026-07-09 00:21:12,032 [ERROR] LogOutputStream:75 - [STDERR_REDIRECT] [Fatal Error] :1:1: Premature end of file.
2026-07-09 00:21:12,032 [ERROR] LogOutputStream:75 - [STDERR_REDIRECT] 
2026-07-09 00:21:13,036 [ERROR] LogOutputStream:75 - [STDERR_REDIRECT] [Fatal Error] :1:1: Premature end of file.
2026-07-09 00:21:13,042 [ERROR] LogOutputStream:75 - [STDERR_REDIRECT] 
2026-07-09 00:21:14,093 [ERROR] LogOutputStream:75 - [STDERR_REDIRECT] [Fatal Error] :1:1: Premature end of file.
2026-07-09 00:21:14,094 [ERROR] LogOutputStream:75 - [STDERR_REDIRECT] 
2026-07-09 00:21:15,032 [ERROR] LogOutputStream:75 - [STDERR_REDIRECT] [Fatal Error] :1:1: Premature end of file.
2026-07-09 00:21:15,032 [ERROR] LogOutputStream:75 - [STDERR_REDIRECT] 
2026-07-09 00:21:16,043 [ERROR] LogOutputStream:75 - [STDERR_REDIRECT] [Fatal Error] :1:1: Premature end of file.
2026-07-09 00:21:16,043 [ERROR] LogOutputStream:75 - [STDERR_REDIRECT] 
2026-07-09 00:21:17,048 [ERROR] LogOutputStream:75 - [STDERR_REDIRECT] [Fatal Error] :1:1: Premature end of file.
2026-07-09 00:21:17,048 [ERROR] LogOutputStream:75 - [STDERR_REDIRECT] 
2026-07-09 00:21:18,044 [ERROR] LogOutputStream:75 - [STDERR_REDIRECT] [Fatal Error] :1:1: Premature end of file.
2026-07-09 00:21:18,044 [ERROR] LogOutputStream:75 - [STDERR_REDIRECT] 
2026-07-09 00:21:19,035 [ERROR] LogOutputStream:75 - [STDERR_REDIRECT] [Fatal Error] :1:1: Premature end of file.
2026-07-09 00:21:19,035 [ERROR] LogOutputStream:75 - [STDERR_REDIRECT] 
2026-07-09 00:21:20,072 [ERROR] LogOutputStream:75 - [STDERR_REDIRECT] [Fatal Error] :1:1: Premature end of file.
2026-07-09 00:21:20,076 [ERROR] LogOutputStream:75 - [STDERR_REDIRECT] 
2026-07-09 00:21:21,048 [ERROR] LogOutputStream:75 - [STDERR_REDIRECT] [Fatal Error] :1:1: Premature end of file.
2026-07-09 00:21:21,048 [ERROR] LogOutputStream:75 - [STDERR_REDIRECT] 
2026-07-09 00:21:22,029 [ERROR] LogOutputStream:75 - [STDERR_REDIRECT] [Fatal Error] :1:1: Premature end of file.
2026-07-09 00:21:22,029 [ERROR] LogOutputStream:75 - [STDERR_REDIRECT] 
2026-07-09 00:21:23,064 [ERROR] LogOutputStream:75 - [STDERR_REDIRECT] [Fatal Error] :1:1: Premature end of file.
2026-07-09 00:21:23,064 [ERROR] LogOutputStream:75 - [STDERR_REDIRECT] 
2026-07-09 00:21:24,059 [ERROR] LogOutputStream:75 - [STDERR_REDIRECT] [Fatal Error] :1:1: Premature end of file.
2026-07-09 00:21:24,060 [ERROR] LogOutputStream:75 - [STDERR_REDIRECT] 
2026-07-09 00:21:25,064 [ERROR] LogOutputStream:75 - [STDERR_REDIRECT] [Fatal Error] :1:1: Premature end of file.
2026-07-09 00:21:25,064 [ERROR] LogOutputStream:75 - [STDERR_REDIRECT] 
2026-07-09 00:21:26,049 [ERROR] LogOutputStream:75 - [STDERR_REDIRECT] [Fatal Error] :1:1: Premature end of file.
2026-07-09 00:21:26,050 [ERROR] LogOutputStream:75 - [STDERR_REDIRECT] 
2026-07-09 00:21:27,063 [ERROR] LogOutputStream:75 - [STDERR_REDIRECT] [Fatal Error] :1:1: Premature end of file.
2026-07-09 00:21:27,065 [ERROR] LogOutputStream:75 - [STDERR_REDIRECT] 
2026-07-09 00:21:28,040 [ERROR] LogOutputStream:75 - [STDERR_REDIRECT] [Fatal Error] :1:1: Premature end of file.
2026-07-09 00:21:28,040 [ERROR] LogOutputStream:75 - [STDERR_REDIRECT] 
2026-07-09 00:21:29,045 [ERROR] LogOutputStream:75 - [STDERR_REDIRECT] [Fatal Error] :1:1: Premature end of file.
2026-07-09 00:21:29,045 [ERROR] LogOutputStream:75 - [STDERR_REDIRECT] 
2026-07-09 00:21:30,055 [ERROR] LogOutputStream:75 - [STDERR_REDIRECT] [Fatal Error] :1:1: Premature end of file.
2026-07-09 00:21:30,055 [ERROR] LogOutputStream:75 - [STDERR_REDIRECT] 
2026-07-09 00:21:31,029 [ERROR] LogOutputStream:75 - [STDERR_REDIRECT] [Fatal Error] :1:1: Premature end of file.
2026-07-09 00:21:31,029 [ERROR] LogOutputStream:75 - [STDERR_REDIRECT] 
2026-07-09 00:21:32,038 [ERROR] LogOutputStream:75 - [STDERR_REDIRECT] [Fatal Error] :1:1: Premature end of file.
2026-07-09 00:21:32,038 [ERROR] LogOutputStream:75 - [STDERR_REDIRECT] 
2026-07-09 00:21:33,034 [ERROR] LogOutputStream:75 - [STDERR_REDIRECT] [Fatal Error] :1:1: Premature end of file.
2026-07-09 00:21:33,035 [ERROR] LogOutputStream:75 - [STDERR_REDIRECT] 
2026-07-09 00:21:34,043 [ERROR] LogOutputStream:75 - [STDERR_REDIRECT] [Fatal Error] :1:1: Premature end of file.
2026-07-09 00:21:34,043 [ERROR] LogOutputStream:75 - [STDERR_REDIRECT] 
2026-07-09 00:21:35,038 [ERROR] LogOutputStream:75 - [STDERR_REDIRECT] [Fatal Error] :1:1: Premature end of file.
2026-07-09 00:21:35,038 [ERROR] LogOutputStream:75 - [STDERR_REDIRECT] 
2026-07-09 00:21:36,036 [ERROR] LogOutputStream:75 - [STDERR_REDIRECT] [Fatal Error] :1:1: Premature end of file.
2026-07-09 00:21:36,036 [ERROR] LogOutputStream:75 - [STDERR_REDIRECT] 
2026-07-09 00:21:37,059 [ERROR] LogOutputStream:75 - [STDERR_REDIRECT] [Fatal Error] :1:1: Premature end of file.
2026-07-09 00:21:37,059 [ERROR] LogOutputStream:75 - [STDERR_REDIRECT] 
2026-07-09 00:21:38,063 [ERROR] LogOutputStream:75 - [STDERR_REDIRECT] [Fatal Error] :1:1: Premature end of file.
2026-07-09 00:21:38,067 [ERROR] LogOutputStream:75 - [STDERR_REDIRECT] 
2026-07-09 00:21:39,049 [ERROR] LogOutputStream:75 - [STDERR_REDIRECT] [Fatal Error] :1:1: Premature end of file.
2026-07-09 00:21:39,050 [ERROR] LogOutputStream:75 - [STDERR_REDIRECT] 
2026-07-09 00:21:40,042 [ERROR] LogOutputStream:75 - [STDERR_REDIRECT] [Fatal Error] :1:1: Premature end of file.
2026-07-09 00:21:40,042 [ERROR] LogOutputStream:75 - [STDERR_REDIRECT] 
2026-07-09 00:21:41,053 [ERROR] LogOutputStream:75 - [STDERR_REDIRECT] [Fatal Error] :1:1: Premature end of file.
2026-07-09 00:21:41,053 [ERROR] LogOutputStream:75 - [STDERR_REDIRECT] 
2026-07-09 00:21:42,026 [ERROR] LogOutputStream:75 - [STDERR_REDIRECT] [Fatal Error] :1:1: Premature end of file.
2026-07-09 00:21:42,026 [ERROR] LogOutputStream:75 - [STDERR_REDIRECT] 
2026-07-09 00:21:43,041 [ERROR] LogOutputStream:75 - [STDERR_REDIRECT] [Fatal Error] :1:1: Premature end of file.
2026-07-09 00:21:43,042 [ERROR] LogOutputStream:75 - [STDERR_REDIRECT] 
2026-07-09 00:21:44,067 [ERROR] LogOutputStream:75 - [STDERR_REDIRECT] [Fatal Error] :1:1: Premature end of file.
2026-07-09 00:21:44,068 [ERROR] LogOutputStream:75 - [STDERR_REDIRECT] 
2026-07-09 00:21:45,045 [ERROR] LogOutputStream:75 - [STDERR_REDIRECT] [Fatal Error] :1:1: Premature end of file.
2026-07-09 00:21:45,045 [ERROR] LogOutputStream:75 - [STDERR_REDIRECT] 
2026-07-09 00:21:46,107 [ERROR] LogOutputStream:75 - [STDERR_REDIRECT] [Fatal Error] :1:1: Premature end of file.
2026-07-09 00:21:46,107 [ERROR] LogOutputStream:75 - [STDERR_REDIRECT] 
2026-07-09 00:21:47,038 [ERROR] LogOutputStream:75 - [STDERR_REDIRECT] [Fatal Error] :1:1: Premature end of file.
2026-07-09 00:21:47,039 [ERROR] LogOutputStream:75 - [STDERR_REDIRECT] 
2026-07-09 00:21:48,031 [ERROR] LogOutputStream:75 - [STDERR_REDIRECT] [Fatal Error] :1:1: Premature end of file.
2026-07-09 00:21:48,031 [ERROR] LogOutputStream:75 - [STDERR_REDIRECT] 
2026-07-09 00:21:49,040 [ERROR] LogOutputStream:75 - [STDERR_REDIRECT] [Fatal Error] :1:1: Premature end of file.
2026-07-09 00:21:49,040 [ERROR] LogOutputStream:75 - [STDERR_REDIRECT] 
2026-07-09 00:21:50,047 [ERROR] LogOutputStream:75 - [STDERR_REDIRECT] [Fatal Error] :1:1: Premature end of file.
2026-07-09 00:21:50,047 [ERROR] LogOutputStream:75 - [STDERR_REDIRECT] 
2026-07-09 00:21:51,049 [ERROR] LogOutputStream:75 - [STDERR_REDIRECT] [Fatal Error] :1:1: Premature end of file.
2026-07-09 00:21:51,049 [ERROR] LogOutputStream:75 - [STDERR_REDIRECT] 
2026-07-09 00:21:52,042 [ERROR] LogOutputStream:75 - [STDERR_REDIRECT] [Fatal Error] :1:1: Premature end of file.
2026-07-09 00:21:52,042 [ERROR] LogOutputStream:75 - [STDERR_REDIRECT] 
2026-07-09 00:21:53,042 [ERROR] LogOutputStream:75 - [STDERR_REDIRECT] [Fatal Error] :1:1: Premature end of file.
2026-07-09 00:21:53,042 [ERROR] LogOutputStream:75 - [STDERR_REDIRECT] 
2026-07-09 00:21:54,036 [ERROR] LogOutputStream:75 - [STDERR_REDIRECT] [Fatal Error] :1:1: Premature end of file.
2026-07-09 00:21:54,036 [ERROR] LogOutputStream:75 - [STDERR_REDIRECT] 
2026-07-09 00:21:55,040 [ERROR] LogOutputStream:75 - [STDERR_REDIRECT] [Fatal Error] :1:1: Premature end of file.
2026-07-09 00:21:55,040 [ERROR] LogOutputStream:75 - [STDERR_REDIRECT] 
2026-07-09 00:21:56,038 [ERROR] LogOutputStream:75 - [STDERR_REDIRECT] [Fatal Error] :1:1: Premature end of file.
2026-07-09 00:21:56,038 [ERROR] LogOutputStream:75 - [STDERR_REDIRECT] 
2026-07-09 00:21:57,313 [ERROR] LogOutputStream:75 - [STDERR_REDIRECT] [Fatal Error] :1:1: Premature end of file.
2026-07-09 00:21:57,314 [ERROR] LogOutputStream:75 - [STDERR_REDIRECT] 
2026-07-09 00:21:58,347 [ERROR] LogOutputStream:75 - [STDERR_REDIRECT] [Fatal Error] :1:1: Premature end of file.
2026-07-09 00:21:58,347 [ERROR] LogOutputStream:75 - [STDERR_REDIRECT] 
2026-07-09 00:21:59,183 [ERROR] LogOutputStream:75 - [STDERR_REDIRECT] [Fatal Error] :1:1: Premature end of file.
2026-07-09 00:21:59,184 [ERROR] LogOutputStream:75 - [STDERR_REDIRECT] 
2026-07-09 00:22:00,687 [ERROR] LogOutputStream:75 - [STDERR_REDIRECT] [Fatal Error] :1:1: Premature end of file.
2026-07-09 00:22:00,687 [ERROR] LogOutputStream:75 - [STDERR_REDIRECT] 
2026-07-09 00:22:01,155 [ERROR] LogOutputStream:75 - [STDERR_REDIRECT] [Fatal Error] :1:1: Premature end of file.
2026-07-09 00:22:01,155 [ERROR] LogOutputStream:75 - [STDERR_REDIRECT] 
2026-07-09 00:22:02,032 [ERROR] LogOutputStream:75 - [STDERR_REDIRECT] [Fatal Error] :1:1: Premature end of file.
2026-07-09 00:22:02,032 [ERROR] LogOutputStream:75 - [STDERR_REDIRECT] 
2026-07-09 00:22:03,079 [ERROR] LogOutputStream:75 - [STDERR_REDIRECT] [Fatal Error] :1:1: Premature end of file.
2026-07-09 00:22:03,081 [ERROR] LogOutputStream:75 - [STDERR_REDIRECT] 
2026-07-09 00:22:04,028 [ERROR] LogOutputStream:75 - [STDERR_REDIRECT] [Fatal Error] :1:1: Premature end of file.
2026-07-09 00:22:04,028 [ERROR] LogOutputStream:75 - [STDERR_REDIRECT] 
2026-07-09 00:22:05,046 [ERROR] LogOutputStream:75 - [STDERR_REDIRECT] [Fatal Error] :1:1: Premature end of file.
2026-07-09 00:22:05,047 [ERROR] LogOutputStream:75 - [STDERR_REDIRECT] 
2026-07-09 00:22:06,036 [ERROR] LogOutputStream:75 - [STDERR_REDIRECT] [Fatal Error] :1:1: Premature end of file.
2026-07-09 00:22:06,036 [ERROR] LogOutputStream:75 - [STDERR_REDIRECT] 
2026-07-09 00:22:07,029 [ERROR] LogOutputStream:75 - [STDERR_REDIRECT] [Fatal Error] :1:1: Premature end of file.
2026-07-09 00:22:07,029 [ERROR] LogOutputStream:75 - [STDERR_REDIRECT] 
2026-07-09 00:22:08,034 [ERROR] LogOutputStream:75 - [STDERR_REDIRECT] [Fatal Error] :1:1: Premature end of file.
2026-07-09 00:22:08,034 [ERROR] LogOutputStream:75 - [STDERR_REDIRECT] 
2026-07-09 00:22:09,037 [ERROR] LogOutputStream:75 - [STDERR_REDIRECT] [Fatal Error] :1:1: Premature end of file.
2026-07-09 00:22:09,038 [ERROR] LogOutputStream:75 - [STDERR_REDIRECT] 
2026-07-09 00:22:10,042 [ERROR] LogOutputStream:75 - [STDERR_REDIRECT] [Fatal Error] :1:1: Premature end of file.
2026-07-09 00:22:10,042 [ERROR] LogOutputStream:75 - [STDERR_REDIRECT] 
2026-07-09 00:22:11,032 [ERROR] LogOutputStream:75 - [STDERR_REDIRECT] [Fatal Error] :1:1: Premature end of file.
2026-07-09 00:22:11,032 [ERROR] LogOutputStream:75 - [STDERR_REDIRECT] 
2026-07-09 00:22:12,037 [ERROR] LogOutputStream:75 - [STDERR_REDIRECT] [Fatal Error] :1:1: Premature end of file.
2026-07-09 00:22:12,037 [ERROR] LogOutputStream:75 - [STDERR_REDIRECT] 
2026-07-09 00:22:13,039 [ERROR] LogOutputStream:75 - [STDERR_REDIRECT] [Fatal Error] :1:1: Premature end of file.
2026-07-09 00:22:13,040 [ERROR] LogOutputStream:75 - [STDERR_REDIRECT] 
2026-07-09 00:22:14,033 [ERROR] LogOutputStream:75 - [STDERR_REDIRECT] [Fatal Error] :1:1: Premature end of file.
2026-07-09 00:22:14,033 [ERROR] LogOutputStream:75 - [STDERR_REDIRECT] 
2026-07-09 00:22:15,037 [ERROR] LogOutputStream:75 - [STDERR_REDIRECT] [Fatal Error] :1:1: Premature end of file.
2026-07-09 00:22:15,037 [ERROR] LogOutputStream:75 - [STDERR_REDIRECT] 
2026-07-09 00:22:16,028 [ERROR] LogOutputStream:75 - [STDERR_REDIRECT] [Fatal Error] :1:1: Premature end of file.
2026-07-09 00:22:16,028 [ERROR] LogOutputStream:75 - [STDERR_REDIRECT] 
2026-07-09 00:22:17,029 [ERROR] LogOutputStream:75 - [STDERR_REDIRECT] [Fatal Error] :1:1: Premature end of file.
2026-07-09 00:22:17,030 [ERROR] LogOutputStream:75 - [STDERR_REDIRECT] 
2026-07-09 00:22:18,047 [ERROR] LogOutputStream:75 - [STDERR_REDIRECT] [Fatal Error] :1:1: Premature end of file.
2026-07-09 00:22:18,048 [ERROR] LogOutputStream:75 - [STDERR_REDIRECT] 
2026-07-09 00:22:19,045 [ERROR] LogOutputStream:75 - [STDERR_REDIRECT] [Fatal Error] :1:1: Premature end of file.
2026-07-09 00:22:19,045 [ERROR] LogOutputStream:75 - [STDERR_REDIRECT] 
2026-07-09 00:22:20,038 [ERROR] LogOutputStream:75 - [STDERR_REDIRECT] [Fatal Error] :1:1: Premature end of file.
2026-07-09 00:22:20,040 [ERROR] LogOutputStream:75 - [STDERR_REDIRECT] 
2026-07-09 00:22:21,030 [ERROR] LogOutputStream:75 - [STDERR_REDIRECT] [Fatal Error] :1:1: Premature end of file.
2026-07-09 00:22:21,030 [ERROR] LogOutputStream:75 - [STDERR_REDIRECT] 
2026-07-09 00:22:22,047 [ERROR] LogOutputStream:75 - [STDERR_REDIRECT] [Fatal Error] :1:1: Premature end of file.
2026-07-09 00:22:22,047 [ERROR] LogOutputStream:75 - [STDERR_REDIRECT] 
2026-07-09 00:22:23,035 [ERROR] LogOutputStream:75 - [STDERR_REDIRECT] [Fatal Error] :1:1: Premature end of file.
2026-07-09 00:22:23,035 [ERROR] LogOutputStream:75 - [STDERR_REDIRECT] 
2026-07-09 00:22:24,039 [ERROR] LogOutputStream:75 - [STDERR_REDIRECT] [Fatal Error] :1:1: Premature end of file.
2026-07-09 00:22:24,039 [ERROR] LogOutputStream:75 - [STDERR_REDIRECT] 
2026-07-09 00:22:25,041 [ERROR] LogOutputStream:75 - [STDERR_REDIRECT] [Fatal Error] :1:1: Premature end of file.
2026-07-09 00:22:25,041 [ERROR] LogOutputStream:75 - [STDERR_REDIRECT] 
2026-07-09 00:22:26,032 [ERROR] LogOutputStream:75 - [STDERR_REDIRECT] [Fatal Error] :1:1: Premature end of file.
2026-07-09 00:22:26,032 [ERROR] LogOutputStream:75 - [STDERR_REDIRECT] 
2026-07-09 00:22:27,050 [ERROR] LogOutputStream:75 - [STDERR_REDIRECT] [Fatal Error] :1:1: Premature end of file.
2026-07-09 00:22:27,050 [ERROR] LogOutputStream:75 - [STDERR_REDIRECT] 
2026-07-09 00:22:28,065 [ERROR] LogOutputStream:75 - [STDERR_REDIRECT] [Fatal Error] :1:1: Premature end of file.
2026-07-09 00:22:28,065 [ERROR] LogOutputStream:75 - [STDERR_REDIRECT] 
2026-07-09 00:22:29,040 [ERROR] LogOutputStream:75 - [STDERR_REDIRECT] [Fatal Error] :1:1: Premature end of file.
2026-07-09 00:22:29,040 [ERROR] LogOutputStream:75 - [STDERR_REDIRECT] 
2026-07-09 00:22:30,041 [ERROR] LogOutputStream:75 - [STDERR_REDIRECT] [Fatal Error] :1:1: Premature end of file.
2026-07-09 00:22:30,041 [ERROR] LogOutputStream:75 - [STDERR_REDIRECT] 
2026-07-09 00:22:31,046 [ERROR] LogOutputStream:75 - [STDERR_REDIRECT] [Fatal Error] :1:1: Premature end of file.
2026-07-09 00:22:31,046 [ERROR] LogOutputStream:75 - [STDERR_REDIRECT] 
2026-07-09 00:22:32,038 [ERROR] LogOutputStream:75 - [STDERR_REDIRECT] [Fatal Error] :1:1: Premature end of file.
2026-07-09 00:22:32,038 [ERROR] LogOutputStream:75 - [STDERR_REDIRECT] 
2026-07-09 00:22:33,028 [ERROR] LogOutputStream:75 - [STDERR_REDIRECT] [Fatal Error] :1:1: Premature end of file.
2026-07-09 00:22:33,029 [ERROR] LogOutputStream:75 - [STDERR_REDIRECT] 
2026-07-09 00:22:34,039 [ERROR] LogOutputStream:75 - [STDERR_REDIRECT] [Fatal Error] :1:1: Premature end of file.
2026-07-09 00:22:34,040 [ERROR] LogOutputStream:75 - [STDERR_REDIRECT] 
2026-07-09 00:22:35,039 [ERROR] LogOutputStream:75 - [STDERR_REDIRECT] [Fatal Error] :1:1: Premature end of file.
2026-07-09 00:22:35,039 [ERROR] LogOutputStream:75 - [STDERR_REDIRECT] 
2026-07-09 00:22:36,048 [ERROR] LogOutputStream:75 - [STDERR_REDIRECT] [Fatal Error] :1:1: Premature end of file.
2026-07-09 00:22:36,053 [ERROR] LogOutputStream:75 - [STDERR_REDIRECT] 
2026-07-09 00:22:37,879 [ERROR] LogOutputStream:75 - [STDERR_REDIRECT] [Fatal Error] :1:1: Premature end of file.
2026-07-09 00:22:37,880 [ERROR] LogOutputStream:75 - [STDERR_REDIRECT] 
2026-07-09 00:22:38,044 [ERROR] LogOutputStream:75 - [STDERR_REDIRECT] [Fatal Error] :1:1: Premature end of file.
2026-07-09 00:22:38,045 [ERROR] LogOutputStream:75 - [STDERR_REDIRECT] 
2026-07-09 00:22:39,032 [ERROR] LogOutputStream:75 - [STDERR_REDIRECT] [Fatal Error] :1:1: Premature end of file.
2026-07-09 00:22:39,032 [ERROR] LogOutputStream:75 - [STDERR_REDIRECT] 
2026-07-09 00:22:40,045 [ERROR] LogOutputStream:75 - [STDERR_REDIRECT] [Fatal Error] :1:1: Premature end of file.
2026-07-09 00:22:40,045 [ERROR] LogOutputStream:75 - [STDERR_REDIRECT] 
2026-07-09 00:22:41,025 [ERROR] LogOutputStream:75 - [STDERR_REDIRECT] [Fatal Error] :1:1: Premature end of file.
2026-07-09 00:22:41,025 [ERROR] LogOutputStream:75 - [STDERR_REDIRECT] 
2026-07-09 00:22:42,620 [ERROR] LogOutputStream:75 - [STDERR_REDIRECT] [Fatal Error] :1:1: Premature end of file.
2026-07-09 00:22:42,620 [ERROR] LogOutputStream:75 - [STDERR_REDIRECT] 
2026-07-09 00:22:43,628 [ERROR] LogOutputStream:75 - [STDERR_REDIRECT] [Fatal Error] :1:1: Premature end of file.
2026-07-09 00:22:43,628 [ERROR] LogOutputStream:75 - [STDERR_REDIRECT] 
2026-07-09 00:22:44,134 [ERROR] LogOutputStream:75 - [STDERR_REDIRECT] [Fatal Error] :1:1: Premature end of file.
2026-07-09 00:22:44,134 [ERROR] LogOutputStream:75 - [STDERR_REDIRECT] 
2026-07-09 00:22:45,033 [ERROR] LogOutputStream:75 - [STDERR_REDIRECT] [Fatal Error] :1:1: Premature end of file.
2026-07-09 00:22:45,033 [ERROR] LogOutputStream:75 - [STDERR_REDIRECT] 
2026-07-09 00:22:46,017 [ERROR] LogOutputStream:75 - [STDERR_REDIRECT] [Fatal Error] :1:1: Premature end of file.
2026-07-09 00:22:46,017 [ERROR] LogOutputStream:75 - [STDERR_REDIRECT] 
2026-07-09 00:22:47,021 [ERROR] LogOutputStream:75 - [STDERR_REDIRECT] [Fatal Error] :1:1: Premature end of file.
2026-07-09 00:22:47,021 [ERROR] LogOutputStream:75 - [STDERR_REDIRECT] 
2026-07-09 00:22:48,024 [ERROR] LogOutputStream:75 - [STDERR_REDIRECT] [Fatal Error] :1:1: Premature end of file.
2026-07-09 00:22:48,026 [ERROR] LogOutputStream:75 - [STDERR_REDIRECT] 
2026-07-09 00:22:49,030 [ERROR] LogOutputStream:75 - [STDERR_REDIRECT] [Fatal Error] :1:1: Premature end of file.
2026-07-09 00:22:49,031 [ERROR] LogOutputStream:75 - [STDERR_REDIRECT] 
2026-07-09 00:22:50,079 [ERROR] LogOutputStream:75 - [STDERR_REDIRECT] [Fatal Error] :1:1: Premature end of file.
2026-07-09 00:22:50,080 [ERROR] LogOutputStream:75 - [STDERR_REDIRECT] 
2026-07-09 00:22:51,051 [ERROR] LogOutputStream:75 - [STDERR_REDIRECT] [Fatal Error] :1:1: Premature end of file.
2026-07-09 00:22:51,052 [ERROR] LogOutputStream:75 - [STDERR_REDIRECT] 
2026-07-09 00:22:52,184 [ERROR] LogOutputStream:75 - [STDERR_REDIRECT] [Fatal Error] :1:1: Premature end of file.
2026-07-09 00:22:52,184 [ERROR] LogOutputStream:75 - [STDERR_REDIRECT] 
2026-07-09 00:22:53,037 [ERROR] LogOutputStream:75 - [STDERR_REDIRECT] [Fatal Error] :1:1: Premature end of file.
2026-07-09 00:22:53,038 [ERROR] LogOutputStream:75 - [STDERR_REDIRECT] 
2026-07-09 00:22:54,027 [ERROR] LogOutputStream:75 - [STDERR_REDIRECT] [Fatal Error] :1:1: Premature end of file.
2026-07-09 00:22:54,027 [ERROR] LogOutputStream:75 - [STDERR_REDIRECT] 
2026-07-09 00:22:55,020 [ERROR] LogOutputStream:75 - [STDERR_REDIRECT] [Fatal Error] :1:1: Premature end of file.
2026-07-09 00:22:55,020 [ERROR] LogOutputStream:75 - [STDERR_REDIRECT] 
2026-07-09 00:22:56,026 [ERROR] LogOutputStream:75 - [STDERR_REDIRECT] [Fatal Error] :1:1: Premature end of file.
2026-07-09 00:22:56,026 [ERROR] LogOutputStream:75 - [STDERR_REDIRECT] 
2026-07-09 00:22:57,025 [ERROR] LogOutputStream:75 - [STDERR_REDIRECT] [Fatal Error] :1:1: Premature end of file.
2026-07-09 00:22:57,025 [ERROR] LogOutputStream:75 - [STDERR_REDIRECT] 
2026-07-09 00:22:58,022 [ERROR] LogOutputStream:75 - [STDERR_REDIRECT] [Fatal Error] :1:1: Premature end of file.
2026-07-09 00:22:58,023 [ERROR] LogOutputStream:75 - [STDERR_REDIRECT] 
2026-07-09 00:22:59,026 [ERROR] LogOutputStream:75 - [STDERR_REDIRECT] [Fatal Error] :1:1: Premature end of file.
2026-07-09 00:22:59,026 [ERROR] LogOutputStream:75 - [STDERR_REDIRECT] 
2026-07-09 00:23:00,019 [ERROR] LogOutputStream:75 - [STDERR_REDIRECT] [Fatal Error] :1:1: Premature end of file.
2026-07-09 00:23:00,020 [ERROR] LogOutputStream:75 - [STDERR_REDIRECT] 
2026-07-09 00:23:01,023 [ERROR] LogOutputStream:75 - [STDERR_REDIRECT] [Fatal Error] :1:1: Premature end of file.
2026-07-09 00:23:01,024 [ERROR] LogOutputStream:75 - [STDERR_REDIRECT] 
2026-07-09 00:23:02,023 [ERROR] LogOutputStream:75 - [STDERR_REDIRECT] [Fatal Error] :1:1: Premature end of file.
2026-07-09 00:23:02,024 [ERROR] LogOutputStream:75 - [STDERR_REDIRECT] 
2026-07-09 00:23:03,028 [ERROR] LogOutputStream:75 - [STDERR_REDIRECT] [Fatal Error] :1:1: Premature end of file.
2026-07-09 00:23:03,029 [ERROR] LogOutputStream:75 - [STDERR_REDIRECT] 
2026-07-09 00:23:04,021 [ERROR] LogOutputStream:75 - [STDERR_REDIRECT] [Fatal Error] :1:1: Premature end of file.
2026-07-09 00:23:04,022 [ERROR] LogOutputStream:75 - [STDERR_REDIRECT] 
2026-07-09 00:23:05,018 [ERROR] LogOutputStream:75 - [STDERR_REDIRECT] [Fatal Error] :1:1: Premature end of file.
2026-07-09 00:23:05,019 [ERROR] LogOutputStream:75 - [STDERR_REDIRECT] 
2026-07-09 00:23:06,023 [ERROR] LogOutputStream:75 - [STDERR_REDIRECT] [Fatal Error] :1:1: Premature end of file.
2026-07-09 00:23:06,024 [ERROR] LogOutputStream:75 - [STDERR_REDIRECT] 
2026-07-09 00:26:14,350 [ERROR] LogOutputStream:75 - [STDERR_REDIRECT] [Fatal Error] :1:1: Premature end of file.
2026-07-09 00:26:14,350 [ERROR] LogOutputStream:75 - [STDERR_REDIRECT] 
2026-07-09 00:26:14,607 [ERROR] LogOutputStream:75 - [STDERR_REDIRECT] [Fatal Error] :1:1: Premature end of file.
2026-07-09 00:26:14,607 [ERROR] LogOutputStream:75 - [STDERR_REDIRECT] 
2026-07-09 00:26:14,764 [ERROR] LogOutputStream:75 - [STDERR_REDIRECT] [Fatal Error] :1:1: Premature end of file.
2026-07-09 00:26:14,764 [ERROR] LogOutputStream:75 - [STDERR_REDIRECT] 
2026-07-09 00:26:14,923 [ERROR] LogOutputStream:75 - [STDERR_REDIRECT] [Fatal Error] :1:1: Premature end of file.
2026-07-09 00:26:14,924 [ERROR] LogOutputStream:75 - [STDERR_REDIRECT] 
2026-07-09 00:26:16,217 [ERROR] LogOutputStream:75 - [STDERR_REDIRECT] [Fatal Error] :1:1: Premature end of file.
2026-07-09 00:26:16,220 [ERROR] LogOutputStream:75 - [STDERR_REDIRECT] 
2026-07-09 00:26:18,414 [ERROR] LogOutputStream:75 - [STDERR_REDIRECT] [Fatal Error] :1:1: Premature end of file.
2026-07-09 00:26:18,415 [ERROR] LogOutputStream:75 - [STDERR_REDIRECT] 
2026-07-09 00:26:19,641 [ERROR] LogOutputStream:75 - [STDERR_REDIRECT] [Fatal Error] :1:1: Premature end of file.
2026-07-09 00:26:19,642 [ERROR] LogOutputStream:75 - [STDERR_REDIRECT] 
2026-07-09 00:26:20,096 [ERROR] LogOutputStream:75 - [STDERR_REDIRECT] [Fatal Error] :1:1: Premature end of file.
2026-07-09 00:26:20,099 [ERROR] LogOutputStream:75 - [STDERR_REDIRECT] 
2026-07-09 00:26:20,392 [ERROR] LogOutputStream:75 - [STDERR_REDIRECT] [Fatal Error] :1:1: Premature end of file.
2026-07-09 00:26:20,392 [ERROR] LogOutputStream:75 - [STDERR_REDIRECT] 
2026-07-09 00:26:21,576 [ERROR] LogOutputStream:75 - [STDERR_REDIRECT] [Fatal Error] :1:1: Premature end of file.
2026-07-09 00:26:21,576 [ERROR] LogOutputStream:75 - [STDERR_REDIRECT] 
2026-07-09 00:26:28,038 [ERROR] LogOutputStream:75 - [STDERR_REDIRECT] [Fatal Error] :1:1: Premature end of file.
2026-07-09 00:26:28,039 [ERROR] LogOutputStream:75 - [STDERR_REDIRECT] 
2026-07-09 00:26:28,304 [ERROR] LogOutputStream:75 - [STDERR_REDIRECT] [Fatal Error] :1:1: Premature end of file.
2026-07-09 00:26:28,304 [ERROR] LogOutputStream:75 - [STDERR_REDIRECT] 
2026-07-09 00:26:28,515 [ERROR] LogOutputStream:75 - [STDERR_REDIRECT] [Fatal Error] :1:1: Premature end of file.
2026-07-09 00:26:28,515 [ERROR] LogOutputStream:75 - [STDERR_REDIRECT] 
2026-07-09 00:26:28,639 [ERROR] LogOutputStream:75 - [STDERR_REDIRECT] [Fatal Error] :1:1: Premature end of file.
2026-07-09 00:26:28,640 [ERROR] LogOutputStream:75 - [STDERR_REDIRECT] 
2026-07-09 00:26:28,773 [ERROR] LogOutputStream:75 - [STDERR_REDIRECT] [Fatal Error] :1:1: Premature end of file.
2026-07-09 00:26:28,773 [ERROR] LogOutputStream:75 - [STDERR_REDIRECT] 
2026-07-09 00:26:28,894 [ERROR] LogOutputStream:75 - [STDERR_REDIRECT] [Fatal Error] :1:1: Premature end of file.
2026-07-09 00:26:28,895 [ERROR] LogOutputStream:75 - [STDERR_REDIRECT] 
2026-07-09 00:26:29,005 [ERROR] LogOutputStream:75 - [STDERR_REDIRECT] [Fatal Error] :1:1: Premature end of file.
2026-07-09 00:26:29,005 [ERROR] LogOutputStream:75 - [STDERR_REDIRECT] 
2026-07-09 00:26:29,110 [ERROR] LogOutputStream:75 - [STDERR_REDIRECT] [Fatal Error] :1:1: Premature end of file.
2026-07-09 00:26:29,110 [ERROR] LogOutputStream:75 - [STDERR_REDIRECT] 
2026-07-09 00:26:29,202 [ERROR] LogOutputStream:75 - [STDERR_REDIRECT] [Fatal Error] :1:1: Premature end of file.
2026-07-09 00:26:29,202 [ERROR] LogOutputStream:75 - [STDERR_REDIRECT] 
2026-07-09 00:26:29,288 [ERROR] LogOutputStream:75 - [STDERR_REDIRECT] [Fatal Error] :1:1: Premature end of file.
2026-07-09 00:26:29,289 [ERROR] LogOutputStream:75 - [STDERR_REDIRECT] 
2026-07-09 00:26:29,351 [ERROR] LogOutputStream:75 - [STDERR_REDIRECT] [Fatal Error] :1:1: Premature end of file.
2026-07-09 00:26:29,351 [ERROR] LogOutputStream:75 - [STDERR_REDIRECT] 
2026-07-09 00:26:29,422 [ERROR] LogOutputStream:75 - [STDERR_REDIRECT] [Fatal Error] :1:1: Premature end of file.
2026-07-09 00:26:29,423 [ERROR] LogOutputStream:75 - [STDERR_REDIRECT] 
2026-07-09 00:26:29,485 [ERROR] LogOutputStream:75 - [STDERR_REDIRECT] [Fatal Error] :1:1: Premature end of file.
2026-07-09 00:26:29,486 [ERROR] LogOutputStream:75 - [STDERR_REDIRECT] 
2026-07-09 00:26:29,598 [ERROR] LogOutputStream:75 - [STDERR_REDIRECT] [Fatal Error] :1:1: Premature end of file.
2026-07-09 00:26:29,598 [ERROR] LogOutputStream:75 - [STDERR_REDIRECT] 
2026-07-09 00:26:30,009 [ERROR] LogOutputStream:75 - [STDERR_REDIRECT] [Fatal Error] :1:1: Premature end of file.
2026-07-09 00:26:30,009 [ERROR] LogOutputStream:75 - [STDERR_REDIRECT] 
2026-07-09 00:26:30,266 [ERROR] LogOutputStream:75 - [STDERR_REDIRECT] [Fatal Error] :1:1: Premature end of file.
2026-07-09 00:26:30,266 [ERROR] LogOutputStream:75 - [STDERR_REDIRECT] 
2026-07-09 00:26:30,426 [ERROR] LogOutputStream:75 - [STDERR_REDIRECT] [Fatal Error] :1:1: Premature end of file.
2026-07-09 00:26:30,426 [ERROR] LogOutputStream:75 - [STDERR_REDIRECT] 
2026-07-09 00:26:30,605 [ERROR] LogOutputStream:75 - [STDERR_REDIRECT] [Fatal Error] :1:1: Premature end of file.
2026-07-09 00:26:30,605 [ERROR] LogOutputStream:75 - [STDERR_REDIRECT] 
2026-07-09 00:26:30,726 [ERROR] LogOutputStream:75 - [STDERR_REDIRECT] [Fatal Error] :1:1: Premature end of file.
2026-07-09 00:26:30,727 [ERROR] LogOutputStream:75 - [STDERR_REDIRECT] 
2026-07-09 00:26:30,862 [ERROR] LogOutputStream:75 - [STDERR_REDIRECT] [Fatal Error] :1:1: Premature end of file.
2026-07-09 00:26:30,863 [ERROR] LogOutputStream:75 - [STDERR_REDIRECT] 
2026-07-09 00:26:30,954 [ERROR] LogOutputStream:75 - [STDERR_REDIRECT] [Fatal Error] :1:1: Premature end of file.
2026-07-09 00:26:30,955 [ERROR] LogOutputStream:75 - [STDERR_REDIRECT] 
2026-07-09 00:26:31,035 [ERROR] LogOutputStream:75 - [STDERR_REDIRECT] [Fatal Error] :1:1: Premature end of file.
2026-07-09 00:26:31,035 [ERROR] LogOutputStream:75 - [STDERR_REDIRECT] 
2026-07-09 00:26:31,140 [ERROR] LogOutputStream:75 - [STDERR_REDIRECT] [Fatal Error] :1:1: Premature end of file.
2026-07-09 00:26:31,140 [ERROR] LogOutputStream:75 - [STDERR_REDIRECT] 
2026-07-09 00:26:31,224 [ERROR] LogOutputStream:75 - [STDERR_REDIRECT] [Fatal Error] :1:1: Premature end of file.
2026-07-09 00:26:31,224 [ERROR] LogOutputStream:75 - [STDERR_REDIRECT] 
2026-07-09 00:26:31,302 [ERROR] LogOutputStream:75 - [STDERR_REDIRECT] [Fatal Error] :1:1: Premature end of file.
2026-07-09 00:26:31,302 [ERROR] LogOutputStream:75 - [STDERR_REDIRECT] 
2026-07-09 00:26:31,386 [ERROR] LogOutputStream:75 - [STDERR_REDIRECT] [Fatal Error] :1:1: Premature end of file.
2026-07-09 00:26:31,386 [ERROR] LogOutputStream:75 - [STDERR_REDIRECT] 
2026-07-09 00:26:31,475 [ERROR] LogOutputStream:75 - [STDERR_REDIRECT] [Fatal Error] :1:1: Premature end of file.
2026-07-09 00:26:31,475 [ERROR] LogOutputStream:75 - [STDERR_REDIRECT] 
2026-07-09 00:26:31,569 [ERROR] LogOutputStream:75 - [STDERR_REDIRECT] [Fatal Error] :1:1: Premature end of file.
2026-07-09 00:26:31,569 [ERROR] LogOutputStream:75 - [STDERR_REDIRECT] 
2026-07-09 00:26:31,646 [ERROR] LogOutputStream:75 - [STDERR_REDIRECT] [Fatal Error] :1:1: Premature end of file.
2026-07-09 00:26:31,647 [ERROR] LogOutputStream:75 - [STDERR_REDIRECT] 
2026-07-09 00:26:31,766 [ERROR] LogOutputStream:75 - [STDERR_REDIRECT] [Fatal Error] :1:1: Premature end of file.
2026-07-09 00:26:31,767 [ERROR] LogOutputStream:75 - [STDERR_REDIRECT] 
2026-07-09 00:26:31,890 [ERROR] LogOutputStream:75 - [STDERR_REDIRECT] [Fatal Error] :1:1: Premature end of file.
2026-07-09 00:26:31,890 [ERROR] LogOutputStream:75 - [STDERR_REDIRECT] 
2026-07-09 00:26:31,971 [ERROR] LogOutputStream:75 - [STDERR_REDIRECT] [Fatal Error] :1:1: Premature end of file.
2026-07-09 00:26:31,971 [ERROR] LogOutputStream:75 - [STDERR_REDIRECT] 
2026-07-09 00:26:32,065 [ERROR] LogOutputStream:75 - [STDERR_REDIRECT] [Fatal Error] :1:1: Premature end of file.
2026-07-09 00:26:32,065 [ERROR] LogOutputStream:75 - [STDERR_REDIRECT] 
2026-07-09 00:26:32,137 [ERROR] LogOutputStream:75 - [STDERR_REDIRECT] [Fatal Error] :1:1: Premature end of file.
2026-07-09 00:26:32,137 [ERROR] LogOutputStream:75 - [STDERR_REDIRECT] 
2026-07-09 00:26:32,204 [ERROR] LogOutputStream:75 - [STDERR_REDIRECT] [Fatal Error] :1:1: Premature end of file.
2026-07-09 00:26:32,204 [ERROR] LogOutputStream:75 - [STDERR_REDIRECT] 
2026-07-09 00:26:32,269 [ERROR] LogOutputStream:75 - [STDERR_REDIRECT] [Fatal Error] :1:1: Premature end of file.
2026-07-09 00:26:32,270 [ERROR] LogOutputStream:75 - [STDERR_REDIRECT] 
2026-07-09 00:26:32,342 [ERROR] LogOutputStream:75 - [STDERR_REDIRECT] [Fatal Error] :1:1: Premature end of file.
2026-07-09 00:26:32,342 [ERROR] LogOutputStream:75 - [STDERR_REDIRECT] 
2026-07-09 00:26:32,430 [ERROR] LogOutputStream:75 - [STDERR_REDIRECT] [Fatal Error] :1:1: Premature end of file.
2026-07-09 00:26:32,431 [ERROR] LogOutputStream:75 - [STDERR_REDIRECT] 
2026-07-09 00:26:32,511 [ERROR] LogOutputStream:75 - [STDERR_REDIRECT] [Fatal Error] :1:1: Premature end of file.
2026-07-09 00:26:32,511 [ERROR] LogOutputStream:75 - [STDERR_REDIRECT] 
2026-07-09 00:26:32,596 [ERROR] LogOutputStream:75 - [STDERR_REDIRECT] [Fatal Error] :1:1: Premature end of file.
2026-07-09 00:26:32,596 [ERROR] LogOutputStream:75 - [STDERR_REDIRECT] 
2026-07-09 00:26:32,665 [ERROR] LogOutputStream:75 - [STDERR_REDIRECT] [Fatal Error] :1:1: Premature end of file.
2026-07-09 00:26:32,665 [ERROR] LogOutputStream:75 - [STDERR_REDIRECT] 
2026-07-09 00:26:32,738 [ERROR] LogOutputStream:75 - [STDERR_REDIRECT] [Fatal Error] :1:1: Premature end of file.
2026-07-09 00:26:32,738 [ERROR] LogOutputStream:75 - [STDERR_REDIRECT] 
2026-07-09 00:26:32,808 [ERROR] LogOutputStream:75 - [STDERR_REDIRECT] [Fatal Error] :1:1: Premature end of file.
2026-07-09 00:26:32,809 [ERROR] LogOutputStream:75 - [STDERR_REDIRECT] 
2026-07-09 00:26:32,883 [ERROR] LogOutputStream:75 - [STDERR_REDIRECT] [Fatal Error] :1:1: Premature end of file.
2026-07-09 00:26:32,883 [ERROR] LogOutputStream:75 - [STDERR_REDIRECT] 
2026-07-09 00:26:32,953 [ERROR] LogOutputStream:75 - [STDERR_REDIRECT] [Fatal Error] :1:1: Premature end of file.
2026-07-09 00:26:32,953 [ERROR] LogOutputStream:75 - [STDERR_REDIRECT] 
2026-07-09 00:26:33,030 [ERROR] LogOutputStream:75 - [STDERR_REDIRECT] [Fatal Error] :1:1: Premature end of file.
2026-07-09 00:26:33,030 [ERROR] LogOutputStream:75 - [STDERR_REDIRECT] 
2026-07-09 00:26:33,105 [ERROR] LogOutputStream:75 - [STDERR_REDIRECT] [Fatal Error] :1:1: Premature end of file.
2026-07-09 00:26:33,105 [ERROR] LogOutputStream:75 - [STDERR_REDIRECT] 
2026-07-09 00:26:33,176 [ERROR] LogOutputStream:75 - [STDERR_REDIRECT] [Fatal Error] :1:1: Premature end of file.
2026-07-09 00:26:33,178 [ERROR] LogOutputStream:75 - [STDERR_REDIRECT] 
2026-07-09 00:26:33,233 [ERROR] LogOutputStream:75 - [STDERR_REDIRECT] [Fatal Error] :1:1: Premature end of file.
2026-07-09 00:26:33,233 [ERROR] LogOutputStream:75 - [STDERR_REDIRECT] 
2026-07-09 00:26:33,301 [ERROR] LogOutputStream:75 - [STDERR_REDIRECT] [Fatal Error] :1:1: Premature end of file.
2026-07-09 00:26:33,301 [ERROR] LogOutputStream:75 - [STDERR_REDIRECT] 
2026-07-09 00:26:33,366 [ERROR] LogOutputStream:75 - [STDERR_REDIRECT] [Fatal Error] :1:1: Premature end of file.
2026-07-09 00:26:33,366 [ERROR] LogOutputStream:75 - [STDERR_REDIRECT] 
2026-07-09 00:26:33,422 [ERROR] LogOutputStream:75 - [STDERR_REDIRECT] [Fatal Error] :1:1: Premature end of file.
2026-07-09 00:26:33,422 [ERROR] LogOutputStream:75 - [STDERR_REDIRECT] 
2026-07-09 00:26:33,472 [ERROR] LogOutputStream:75 - [STDERR_REDIRECT] [Fatal Error] :1:1: Premature end of file.
2026-07-09 00:26:33,472 [ERROR] LogOutputStream:75 - [STDERR_REDIRECT] 
2026-07-09 00:26:33,535 [ERROR] LogOutputStream:75 - [STDERR_REDIRECT] [Fatal Error] :1:1: Premature end of file.
2026-07-09 00:26:33,535 [ERROR] LogOutputStream:75 - [STDERR_REDIRECT] 
2026-07-09 00:26:33,590 [ERROR] LogOutputStream:75 - [STDERR_REDIRECT] [Fatal Error] :1:1: Premature end of file.
2026-07-09 00:26:33,590 [ERROR] LogOutputStream:75 - [STDERR_REDIRECT] 
2026-07-09 00:26:33,644 [ERROR] LogOutputStream:75 - [STDERR_REDIRECT] [Fatal Error] :1:1: Premature end of file.
2026-07-09 00:26:33,646 [ERROR] LogOutputStream:75 - [STDERR_REDIRECT] 
2026-07-09 00:26:33,697 [ERROR] LogOutputStream:75 - [STDERR_REDIRECT] [Fatal Error] :1:1: Premature end of file.
2026-07-09 00:26:33,697 [ERROR] LogOutputStream:75 - [STDERR_REDIRECT] 
2026-07-09 00:26:33,761 [ERROR] LogOutputStream:75 - [STDERR_REDIRECT] [Fatal Error] :1:1: Premature end of file.
2026-07-09 00:26:33,762 [ERROR] LogOutputStream:75 - [STDERR_REDIRECT] 
2026-07-09 00:26:33,812 [ERROR] LogOutputStream:75 - [STDERR_REDIRECT] [Fatal Error] :1:1: Premature end of file.
2026-07-09 00:26:33,813 [ERROR] LogOutputStream:75 - [STDERR_REDIRECT] 
2026-07-09 00:26:33,865 [ERROR] LogOutputStream:75 - [STDERR_REDIRECT] [Fatal Error] :1:1: Premature end of file.
2026-07-09 00:26:33,865 [ERROR] LogOutputStream:75 - [STDERR_REDIRECT] 
2026-07-09 00:26:33,911 [ERROR] LogOutputStream:75 - [STDERR_REDIRECT] [Fatal Error] :1:1: Premature end of file.
2026-07-09 00:26:33,912 [ERROR] LogOutputStream:75 - [STDERR_REDIRECT] 
2026-07-09 00:26:33,964 [ERROR] LogOutputStream:75 - [STDERR_REDIRECT] [Fatal Error] :1:1: Premature end of file.
2026-07-09 00:26:33,964 [ERROR] LogOutputStream:75 - [STDERR_REDIRECT] 
2026-07-09 00:26:34,015 [ERROR] LogOutputStream:75 - [STDERR_REDIRECT] [Fatal Error] :1:1: Premature end of file.
2026-07-09 00:26:34,015 [ERROR] LogOutputStream:75 - [STDERR_REDIRECT] 
2026-07-09 00:26:34,072 [ERROR] LogOutputStream:75 - [STDERR_REDIRECT] [Fatal Error] :1:1: Premature end of file.
2026-07-09 00:26:34,073 [ERROR] LogOutputStream:75 - [STDERR_REDIRECT] 
2026-07-09 00:26:34,135 [ERROR] LogOutputStream:75 - [STDERR_REDIRECT] [Fatal Error] :1:1: Premature end of file.
2026-07-09 00:26:34,135 [ERROR] LogOutputStream:75 - [STDERR_REDIRECT] 
2026-07-09 00:26:34,367 [ERROR] LogOutputStream:75 - [STDERR_REDIRECT] [Fatal Error] :1:1: Premature end of file.
2026-07-09 00:26:34,367 [ERROR] LogOutputStream:75 - [STDERR_REDIRECT] 
2026-07-09 00:26:34,431 [ERROR] LogOutputStream:75 - [STDERR_REDIRECT] [Fatal Error] :1:1: Premature end of file.
2026-07-09 00:26:34,431 [ERROR] LogOutputStream:75 - [STDERR_REDIRECT] 
2026-07-09 00:26:34,500 [ERROR] LogOutputStream:75 - [STDERR_REDIRECT] [Fatal Error] :1:1: Premature end of file.
2026-07-09 00:26:34,501 [ERROR] LogOutputStream:75 - [STDERR_REDIRECT] 
2026-07-09 00:26:34,557 [ERROR] LogOutputStream:75 - [STDERR_REDIRECT] [Fatal Error] :1:1: Premature end of file.
2026-07-09 00:26:34,558 [ERROR] LogOutputStream:75 - [STDERR_REDIRECT] 
2026-07-09 00:26:34,870 [ERROR] LogOutputStream:75 - [STDERR_REDIRECT] [Fatal Error] :1:1: Premature end of file.
2026-07-09 00:26:34,871 [ERROR] LogOutputStream:75 - [STDERR_REDIRECT] 
2026-07-09 00:26:34,932 [ERROR] LogOutputStream:75 - [STDERR_REDIRECT] [Fatal Error] :1:1: Premature end of file.
2026-07-09 00:26:34,932 [ERROR] LogOutputStream:75 - [STDERR_REDIRECT] 
2026-07-09 00:26:34,988 [ERROR] LogOutputStream:75 - [STDERR_REDIRECT] [Fatal Error] :1:1: Premature end of file.
2026-07-09 00:26:34,988 [ERROR] LogOutputStream:75 - [STDERR_REDIRECT] 
2026-07-09 00:26:35,040 [ERROR] LogOutputStream:75 - [STDERR_REDIRECT] [Fatal Error] :1:1: Premature end of file.
2026-07-09 00:26:35,040 [ERROR] LogOutputStream:75 - [STDERR_REDIRECT] 
2026-07-09 00:26:35,119 [ERROR] LogOutputStream:75 - [STDERR_REDIRECT] [Fatal Error] :1:1: Premature end of file.
2026-07-09 00:26:35,120 [ERROR] LogOutputStream:75 - [STDERR_REDIRECT] 
2026-07-09 00:26:35,196 [ERROR] LogOutputStream:75 - [STDERR_REDIRECT] [Fatal Error] :1:1: Premature end of file.
2026-07-09 00:26:35,196 [ERROR] LogOutputStream:75 - [STDERR_REDIRECT] 
2026-07-09 00:26:35,258 [ERROR] LogOutputStream:75 - [STDERR_REDIRECT] [Fatal Error] :1:1: Premature end of file.
2026-07-09 00:26:35,258 [ERROR] LogOutputStream:75 - [STDERR_REDIRECT] 
2026-07-09 00:26:35,329 [ERROR] LogOutputStream:75 - [STDERR_REDIRECT] [Fatal Error] :1:1: Premature end of file.
2026-07-09 00:26:35,330 [ERROR] LogOutputStream:75 - [STDERR_REDIRECT] 
2026-07-09 00:26:35,406 [ERROR] LogOutputStream:75 - [STDERR_REDIRECT] [Fatal Error] :1:1: Premature end of file.
2026-07-09 00:26:35,406 [ERROR] LogOutputStream:75 - [STDERR_REDIRECT] 
2026-07-09 00:26:35,482 [ERROR] LogOutputStream:75 - [STDERR_REDIRECT] [Fatal Error] :1:1: Premature end of file.
2026-07-09 00:26:35,482 [ERROR] LogOutputStream:75 - [STDERR_REDIRECT] 
2026-07-09 00:26:35,547 [ERROR] LogOutputStream:75 - [STDERR_REDIRECT] [Fatal Error] :1:1: Premature end of file.
2026-07-09 00:26:35,547 [ERROR] LogOutputStream:75 - [STDERR_REDIRECT] 
2026-07-09 00:26:35,624 [ERROR] LogOutputStream:75 - [STDERR_REDIRECT] [Fatal Error] :1:1: Premature end of file.
2026-07-09 00:26:35,624 [ERROR] LogOutputStream:75 - [STDERR_REDIRECT] 
2026-07-09 00:26:35,691 [ERROR] LogOutputStream:75 - [STDERR_REDIRECT] [Fatal Error] :1:1: Premature end of file.
2026-07-09 00:26:35,691 [ERROR] LogOutputStream:75 - [STDERR_REDIRECT] 
2026-07-09 00:26:35,749 [ERROR] LogOutputStream:75 - [STDERR_REDIRECT] [Fatal Error] :1:1: Premature end of file.
2026-07-09 00:26:35,749 [ERROR] LogOutputStream:75 - [STDERR_REDIRECT] 
2026-07-09 00:26:35,796 [ERROR] LogOutputStream:75 - [STDERR_REDIRECT] [Fatal Error] :1:1: Premature end of file.
2026-07-09 00:26:35,797 [ERROR] LogOutputStream:75 - [STDERR_REDIRECT] 
2026-07-09 00:26:35,840 [ERROR] LogOutputStream:75 - [STDERR_REDIRECT] [Fatal Error] :1:1: Premature end of file.
2026-07-09 00:26:35,840 [ERROR] LogOutputStream:75 - [STDERR_REDIRECT] 
2026-07-09 00:26:35,898 [ERROR] LogOutputStream:75 - [STDERR_REDIRECT] [Fatal Error] :1:1: Premature end of file.
2026-07-09 00:26:35,898 [ERROR] LogOutputStream:75 - [STDERR_REDIRECT] 
2026-07-09 00:26:35,940 [ERROR] LogOutputStream:75 - [STDERR_REDIRECT] [Fatal Error] :1:1: Premature end of file.
2026-07-09 00:26:35,940 [ERROR] LogOutputStream:75 - [STDERR_REDIRECT] 
2026-07-09 00:26:35,986 [ERROR] LogOutputStream:75 - [STDERR_REDIRECT] [Fatal Error] :1:1: Premature end of file.
2026-07-09 00:26:35,986 [ERROR] LogOutputStream:75 - [STDERR_REDIRECT] 
2026-07-09 00:26:36,029 [ERROR] LogOutputStream:75 - [STDERR_REDIRECT] [Fatal Error] :1:1: Premature end of file.
2026-07-09 00:26:36,029 [ERROR] LogOutputStream:75 - [STDERR_REDIRECT] 
2026-07-09 00:26:36,082 [ERROR] LogOutputStream:75 - [STDERR_REDIRECT] [Fatal Error] :1:1: Premature end of file.
2026-07-09 00:26:36,082 [ERROR] LogOutputStream:75 - [STDERR_REDIRECT] 
2026-07-09 00:26:36,133 [ERROR] LogOutputStream:75 - [STDERR_REDIRECT] [Fatal Error] :1:1: Premature end of file.
2026-07-09 00:26:36,133 [ERROR] LogOutputStream:75 - [STDERR_REDIRECT] 
2026-07-09 00:26:36,182 [ERROR] LogOutputStream:75 - [STDERR_REDIRECT] [Fatal Error] :1:1: Premature end of file.
2026-07-09 00:26:36,182 [ERROR] LogOutputStream:75 - [STDERR_REDIRECT] 
2026-07-09 00:26:36,241 [ERROR] LogOutputStream:75 - [STDERR_REDIRECT] [Fatal Error] :1:1: Premature end of file.
2026-07-09 00:26:36,241 [ERROR] LogOutputStream:75 - [STDERR_REDIRECT] 
2026-07-09 00:26:36,300 [ERROR] LogOutputStream:75 - [STDERR_REDIRECT] [Fatal Error] :1:1: Premature end of file.
2026-07-09 00:26:36,300 [ERROR] LogOutputStream:75 - [STDERR_REDIRECT] 
2026-07-09 00:26:36,366 [ERROR] LogOutputStream:75 - [STDERR_REDIRECT] [Fatal Error] :1:1: Premature end of file.
2026-07-09 00:26:36,367 [ERROR] LogOutputStream:75 - [STDERR_REDIRECT] 
2026-07-09 00:26:36,436 [ERROR] LogOutputStream:75 - [STDERR_REDIRECT] [Fatal Error] :1:1: Premature end of file.
2026-07-09 00:26:36,436 [ERROR] LogOutputStream:75 - [STDERR_REDIRECT] 
2026-07-09 00:26:36,492 [ERROR] LogOutputStream:75 - [STDERR_REDIRECT] [Fatal Error] :1:1: Premature end of file.
2026-07-09 00:26:36,492 [ERROR] LogOutputStream:75 - [STDERR_REDIRECT] 
2026-07-09 00:26:36,541 [ERROR] LogOutputStream:75 - [STDERR_REDIRECT] [Fatal Error] :1:1: Premature end of file.
2026-07-09 00:26:36,541 [ERROR] LogOutputStream:75 - [STDERR_REDIRECT] 
2026-07-09 00:26:36,591 [ERROR] LogOutputStream:75 - [STDERR_REDIRECT] [Fatal Error] :1:1: Premature end of file.
2026-07-09 00:26:36,592 [ERROR] LogOutputStream:75 - [STDERR_REDIRECT] 
2026-07-09 00:26:36,641 [ERROR] LogOutputStream:75 - [STDERR_REDIRECT] [Fatal Error] :1:1: Premature end of file.
2026-07-09 00:26:36,641 [ERROR] LogOutputStream:75 - [STDERR_REDIRECT] 
2026-07-09 00:26:36,692 [ERROR] LogOutputStream:75 - [STDERR_REDIRECT] [Fatal Error] :1:1: Premature end of file.
2026-07-09 00:26:36,694 [ERROR] LogOutputStream:75 - [STDERR_REDIRECT] 
2026-07-09 00:26:36,746 [ERROR] LogOutputStream:75 - [STDERR_REDIRECT] [Fatal Error] :1:1: Premature end of file.
2026-07-09 00:26:36,746 [ERROR] LogOutputStream:75 - [STDERR_REDIRECT] 
2026-07-09 00:26:36,794 [ERROR] LogOutputStream:75 - [STDERR_REDIRECT] [Fatal Error] :1:1: Premature end of file.
2026-07-09 00:26:36,795 [ERROR] LogOutputStream:75 - [STDERR_REDIRECT] 
2026-07-09 00:26:36,862 [ERROR] LogOutputStream:75 - [STDERR_REDIRECT] [Fatal Error] :1:1: Premature end of file.
2026-07-09 00:26:36,862 [ERROR] LogOutputStream:75 - [STDERR_REDIRECT] 
2026-07-09 00:26:36,916 [ERROR] LogOutputStream:75 - [STDERR_REDIRECT] [Fatal Error] :1:1: Premature end of file.
2026-07-09 00:26:36,916 [ERROR] LogOutputStream:75 - [STDERR_REDIRECT] 
2026-07-09 00:26:36,972 [ERROR] LogOutputStream:75 - [STDERR_REDIRECT] [Fatal Error] :1:1: Premature end of file.
2026-07-09 00:26:36,973 [ERROR] LogOutputStream:75 - [STDERR_REDIRECT] 
2026-07-09 00:26:37,032 [ERROR] LogOutputStream:75 - [STDERR_REDIRECT] [Fatal Error] :1:1: Premature end of file.
2026-07-09 00:26:37,032 [ERROR] LogOutputStream:75 - [STDERR_REDIRECT] 
2026-07-09 00:26:37,090 [ERROR] LogOutputStream:75 - [STDERR_REDIRECT] [Fatal Error] :1:1: Premature end of file.
2026-07-09 00:26:37,091 [ERROR] LogOutputStream:75 - [STDERR_REDIRECT] 
2026-07-09 00:26:37,153 [ERROR] LogOutputStream:75 - [STDERR_REDIRECT] [Fatal Error] :1:1: Premature end of file.
2026-07-09 00:26:37,154 [ERROR] LogOutputStream:75 - [STDERR_REDIRECT] 
2026-07-09 00:26:37,224 [ERROR] LogOutputStream:75 - [STDERR_REDIRECT] [Fatal Error] :1:1: Premature end of file.
2026-07-09 00:26:37,224 [ERROR] LogOutputStream:75 - [STDERR_REDIRECT] 
2026-07-09 00:26:37,289 [ERROR] LogOutputStream:75 - [STDERR_REDIRECT] [Fatal Error] :1:1: Premature end of file.
2026-07-09 00:26:37,289 [ERROR] LogOutputStream:75 - [STDERR_REDIRECT] 
2026-07-09 00:26:37,349 [ERROR] LogOutputStream:75 - [STDERR_REDIRECT] [Fatal Error] :1:1: Premature end of file.
2026-07-09 00:26:37,349 [ERROR] LogOutputStream:75 - [STDERR_REDIRECT] 
2026-07-09 00:26:37,405 [ERROR] LogOutputStream:75 - [STDERR_REDIRECT] [Fatal Error] :1:1: Premature end of file.
2026-07-09 00:26:37,405 [ERROR] LogOutputStream:75 - [STDERR_REDIRECT] 
2026-07-09 00:26:37,468 [ERROR] LogOutputStream:75 - [STDERR_REDIRECT] [Fatal Error] :1:1: Premature end of file.
2026-07-09 00:26:37,468 [ERROR] LogOutputStream:75 - [STDERR_REDIRECT] 
2026-07-09 00:26:37,516 [ERROR] LogOutputStream:75 - [STDERR_REDIRECT] [Fatal Error] :1:1: Premature end of file.
2026-07-09 00:26:37,516 [ERROR] LogOutputStream:75 - [STDERR_REDIRECT] 
2026-07-09 00:26:37,559 [ERROR] LogOutputStream:75 - [STDERR_REDIRECT] [Fatal Error] :1:1: Premature end of file.
2026-07-09 00:26:37,560 [ERROR] LogOutputStream:75 - [STDERR_REDIRECT] 
2026-07-09 00:26:37,603 [ERROR] LogOutputStream:75 - [STDERR_REDIRECT] [Fatal Error] :1:1: Premature end of file.
2026-07-09 00:26:37,603 [ERROR] LogOutputStream:75 - [STDERR_REDIRECT] 
2026-07-09 00:26:37,661 [ERROR] LogOutputStream:75 - [STDERR_REDIRECT] [Fatal Error] :1:1: Premature end of file.
2026-07-09 00:26:37,661 [ERROR] LogOutputStream:75 - [STDERR_REDIRECT] 
2026-07-09 00:26:37,713 [ERROR] LogOutputStream:75 - [STDERR_REDIRECT] [Fatal Error] :1:1: Premature end of file.
2026-07-09 00:26:37,714 [ERROR] LogOutputStream:75 - [STDERR_REDIRECT] 
2026-07-09 00:26:37,794 [ERROR] LogOutputStream:75 - [STDERR_REDIRECT] [Fatal Error] :1:1: Premature end of file.
2026-07-09 00:26:37,795 [ERROR] LogOutputStream:75 - [STDERR_REDIRECT] 
2026-07-09 00:26:37,869 [ERROR] LogOutputStream:75 - [STDERR_REDIRECT] [Fatal Error] :1:1: Premature end of file.
2026-07-09 00:26:37,869 [ERROR] LogOutputStream:75 - [STDERR_REDIRECT] 
2026-07-09 00:26:37,924 [ERROR] LogOutputStream:75 - [STDERR_REDIRECT] [Fatal Error] :1:1: Premature end of file.
2026-07-09 00:26:37,924 [ERROR] LogOutputStream:75 - [STDERR_REDIRECT] 
2026-07-09 00:26:37,969 [ERROR] LogOutputStream:75 - [STDERR_REDIRECT] [Fatal Error] :1:1: Premature end of file.
2026-07-09 00:26:37,969 [ERROR] LogOutputStream:75 - [STDERR_REDIRECT] 
2026-07-09 00:26:38,009 [ERROR] LogOutputStream:75 - [STDERR_REDIRECT] [Fatal Error] :1:1: Premature end of file.
2026-07-09 00:26:38,011 [ERROR] LogOutputStream:75 - [STDERR_REDIRECT] 
2026-07-09 00:26:38,060 [ERROR] LogOutputStream:75 - [STDERR_REDIRECT] [Fatal Error] :1:1: Premature end of file.
2026-07-09 00:26:38,061 [ERROR] LogOutputStream:75 - [STDERR_REDIRECT] 
2026-07-09 00:26:38,120 [ERROR] LogOutputStream:75 - [STDERR_REDIRECT] [Fatal Error] :1:1: Premature end of file.
2026-07-09 00:26:38,121 [ERROR] LogOutputStream:75 - [STDERR_REDIRECT] 
2026-07-09 00:26:38,210 [ERROR] LogOutputStream:75 - [STDERR_REDIRECT] [Fatal Error] :1:1: Premature end of file.
2026-07-09 00:26:38,211 [ERROR] LogOutputStream:75 - [STDERR_REDIRECT] 
2026-07-09 00:26:38,256 [ERROR] LogOutputStream:75 - [STDERR_REDIRECT] [Fatal Error] :1:1: Premature end of file.
2026-07-09 00:26:38,257 [ERROR] LogOutputStream:75 - [STDERR_REDIRECT] 
2026-07-09 00:26:38,305 [ERROR] LogOutputStream:75 - [STDERR_REDIRECT] [Fatal Error] :1:1: Premature end of file.
2026-07-09 00:26:38,306 [ERROR] LogOutputStream:75 - [STDERR_REDIRECT] 
2026-07-09 00:26:38,373 [ERROR] LogOutputStream:75 - [STDERR_REDIRECT] [Fatal Error] :1:1: Premature end of file.
2026-07-09 00:26:38,373 [ERROR] LogOutputStream:75 - [STDERR_REDIRECT] 
2026-07-09 00:26:38,424 [ERROR] LogOutputStream:75 - [STDERR_REDIRECT] [Fatal Error] :1:1: Premature end of file.
2026-07-09 00:26:38,424 [ERROR] LogOutputStream:75 - [STDERR_REDIRECT] 
2026-07-09 00:26:38,474 [ERROR] LogOutputStream:75 - [STDERR_REDIRECT] [Fatal Error] :1:1: Premature end of file.
2026-07-09 00:26:38,474 [ERROR] LogOutputStream:75 - [STDERR_REDIRECT] 
2026-07-09 00:26:38,533 [ERROR] LogOutputStream:75 - [STDERR_REDIRECT] [Fatal Error] :1:1: Premature end of file.
2026-07-09 00:26:38,533 [ERROR] LogOutputStream:75 - [STDERR_REDIRECT] 
2026-07-09 00:26:38,596 [ERROR] LogOutputStream:75 - [STDERR_REDIRECT] [Fatal Error] :1:1: Premature end of file.
2026-07-09 00:26:38,596 [ERROR] LogOutputStream:75 - [STDERR_REDIRECT] 
2026-07-09 00:26:38,643 [ERROR] LogOutputStream:75 - [STDERR_REDIRECT] [Fatal Error] :1:1: Premature end of file.
2026-07-09 00:26:38,645 [ERROR] LogOutputStream:75 - [STDERR_REDIRECT] 
2026-07-09 00:26:38,694 [ERROR] LogOutputStream:75 - [STDERR_REDIRECT] [Fatal Error] :1:1: Premature end of file.
2026-07-09 00:26:38,695 [ERROR] LogOutputStream:75 - [STDERR_REDIRECT] 
2026-07-09 00:26:38,747 [ERROR] LogOutputStream:75 - [STDERR_REDIRECT] [Fatal Error] :1:1: Premature end of file.
2026-07-09 00:26:38,747 [ERROR] LogOutputStream:75 - [STDERR_REDIRECT] 
2026-07-09 00:26:38,818 [ERROR] LogOutputStream:75 - [STDERR_REDIRECT] [Fatal Error] :1:1: Premature end of file.
2026-07-09 00:26:38,819 [ERROR] LogOutputStream:75 - [STDERR_REDIRECT] 
2026-07-09 00:26:38,918 [ERROR] LogOutputStream:75 - [STDERR_REDIRECT] [Fatal Error] :1:1: Premature end of file.
2026-07-09 00:26:38,918 [ERROR] LogOutputStream:75 - [STDERR_REDIRECT] 
2026-07-09 00:26:39,002 [ERROR] LogOutputStream:75 - [STDERR_REDIRECT] [Fatal Error] :1:1: Premature end of file.
2026-07-09 00:26:39,002 [ERROR] LogOutputStream:75 - [STDERR_REDIRECT] 
2026-07-09 00:26:39,061 [ERROR] LogOutputStream:75 - [STDERR_REDIRECT] [Fatal Error] :1:1: Premature end of file.
2026-07-09 00:26:39,061 [ERROR] LogOutputStream:75 - [STDERR_REDIRECT] 
2026-07-09 00:26:39,111 [ERROR] LogOutputStream:75 - [STDERR_REDIRECT] [Fatal Error] :1:1: Premature end of file.
2026-07-09 00:26:39,112 [ERROR] LogOutputStream:75 - [STDERR_REDIRECT] 
2026-07-09 00:26:39,181 [ERROR] LogOutputStream:75 - [STDERR_REDIRECT] [Fatal Error] :1:1: Premature end of file.
2026-07-09 00:26:39,181 [ERROR] LogOutputStream:75 - [STDERR_REDIRECT] 
2026-07-09 00:26:39,237 [ERROR] LogOutputStream:75 - [STDERR_REDIRECT] [Fatal Error] :1:1: Premature end of file.
2026-07-09 00:26:39,237 [ERROR] LogOutputStream:75 - [STDERR_REDIRECT] 
2026-07-09 00:26:39,293 [ERROR] LogOutputStream:75 - [STDERR_REDIRECT] [Fatal Error] :1:1: Premature end of file.
2026-07-09 00:26:39,294 [ERROR] LogOutputStream:75 - [STDERR_REDIRECT] 
2026-07-09 00:26:39,352 [ERROR] LogOutputStream:75 - [STDERR_REDIRECT] [Fatal Error] :1:1: Premature end of file.
2026-07-09 00:26:39,352 [ERROR] LogOutputStream:75 - [STDERR_REDIRECT] 
2026-07-09 00:26:39,404 [ERROR] LogOutputStream:75 - [STDERR_REDIRECT] [Fatal Error] :1:1: Premature end of file.
2026-07-09 00:26:39,404 [ERROR] LogOutputStream:75 - [STDERR_REDIRECT] 
2026-07-09 00:26:39,464 [ERROR] LogOutputStream:75 - [STDERR_REDIRECT] [Fatal Error] :1:1: Premature end of file.
2026-07-09 00:26:39,466 [ERROR] LogOutputStream:75 - [STDERR_REDIRECT] 
2026-07-09 00:26:39,523 [ERROR] LogOutputStream:75 - [STDERR_REDIRECT] [Fatal Error] :1:1: Premature end of file.
2026-07-09 00:26:39,523 [ERROR] LogOutputStream:75 - [STDERR_REDIRECT] 
2026-07-09 00:26:39,590 [ERROR] LogOutputStream:75 - [STDERR_REDIRECT] [Fatal Error] :1:1: Premature end of file.
2026-07-09 00:26:39,590 [ERROR] LogOutputStream:75 - [STDERR_REDIRECT] 
2026-07-09 00:26:39,661 [ERROR] LogOutputStream:75 - [STDERR_REDIRECT] [Fatal Error] :1:1: Premature end of file.
2026-07-09 00:26:39,661 [ERROR] LogOutputStream:75 - [STDERR_REDIRECT] 
2026-07-09 00:26:39,728 [ERROR] LogOutputStream:75 - [STDERR_REDIRECT] [Fatal Error] :1:1: Premature end of file.
2026-07-09 00:26:39,728 [ERROR] LogOutputStream:75 - [STDERR_REDIRECT] 
2026-07-09 00:26:39,796 [ERROR] LogOutputStream:75 - [STDERR_REDIRECT] [Fatal Error] :1:1: Premature end of file.
2026-07-09 00:26:39,796 [ERROR] LogOutputStream:75 - [STDERR_REDIRECT] 
2026-07-09 00:26:39,893 [ERROR] LogOutputStream:75 - [STDERR_REDIRECT] [Fatal Error] :1:1: Premature end of file.
2026-07-09 00:26:39,894 [ERROR] LogOutputStream:75 - [STDERR_REDIRECT] 
2026-07-09 00:26:40,012 [ERROR] LogOutputStream:75 - [STDERR_REDIRECT] [Fatal Error] :1:1: Premature end of file.
2026-07-09 00:26:40,013 [ERROR] LogOutputStream:75 - [STDERR_REDIRECT] 
2026-07-09 00:26:40,134 [ERROR] LogOutputStream:75 - [STDERR_REDIRECT] [Fatal Error] :1:1: Premature end of file.
2026-07-09 00:26:40,135 [ERROR] LogOutputStream:75 - [STDERR_REDIRECT] 
2026-07-09 00:26:40,196 [ERROR] LogOutputStream:75 - [STDERR_REDIRECT] [Fatal Error] :1:1: Premature end of file.
2026-07-09 00:26:40,196 [ERROR] LogOutputStream:75 - [STDERR_REDIRECT] 
2026-07-09 00:26:40,255 [ERROR] LogOutputStream:75 - [STDERR_REDIRECT] [Fatal Error] :1:1: Premature end of file.
2026-07-09 00:26:40,255 [ERROR] LogOutputStream:75 - [STDERR_REDIRECT] 
2026-07-09 00:26:40,313 [ERROR] LogOutputStream:75 - [STDERR_REDIRECT] [Fatal Error] :1:1: Premature end of file.
2026-07-09 00:26:40,314 [ERROR] LogOutputStream:75 - [STDERR_REDIRECT] 
2026-07-09 00:26:40,378 [ERROR] LogOutputStream:75 - [STDERR_REDIRECT] [Fatal Error] :1:1: Premature end of file.
2026-07-09 00:26:40,378 [ERROR] LogOutputStream:75 - [STDERR_REDIRECT] 
2026-07-09 00:26:40,445 [ERROR] LogOutputStream:75 - [STDERR_REDIRECT] [Fatal Error] :1:1: Premature end of file.
2026-07-09 00:26:40,445 [ERROR] LogOutputStream:75 - [STDERR_REDIRECT] 
2026-07-09 00:26:40,498 [ERROR] LogOutputStream:75 - [STDERR_REDIRECT] [Fatal Error] :1:1: Premature end of file.
2026-07-09 00:26:40,499 [ERROR] LogOutputStream:75 - [STDERR_REDIRECT] 
2026-07-09 00:26:40,556 [ERROR] LogOutputStream:75 - [STDERR_REDIRECT] [Fatal Error] :1:1: Premature end of file.
2026-07-09 00:26:40,557 [ERROR] LogOutputStream:75 - [STDERR_REDIRECT] 
2026-07-09 00:26:40,615 [ERROR] LogOutputStream:75 - [STDERR_REDIRECT] [Fatal Error] :1:1: Premature end of file.
2026-07-09 00:26:40,616 [ERROR] LogOutputStream:75 - [STDERR_REDIRECT] 
2026-07-09 00:26:40,676 [ERROR] LogOutputStream:75 - [STDERR_REDIRECT] [Fatal Error] :1:1: Premature end of file.
2026-07-09 00:26:40,677 [ERROR] LogOutputStream:75 - [STDERR_REDIRECT] 
2026-07-09 00:26:40,744 [ERROR] LogOutputStream:75 - [STDERR_REDIRECT] [Fatal Error] :1:1: Premature end of file.
2026-07-09 00:26:40,744 [ERROR] LogOutputStream:75 - [STDERR_REDIRECT] 
2026-07-09 00:26:40,802 [ERROR] LogOutputStream:75 - [STDERR_REDIRECT] [Fatal Error] :1:1: Premature end of file.
2026-07-09 00:26:40,802 [ERROR] LogOutputStream:75 - [STDERR_REDIRECT] 
2026-07-09 00:26:40,851 [ERROR] LogOutputStream:75 - [STDERR_REDIRECT] [Fatal Error] :1:1: Premature end of file.
2026-07-09 00:26:40,852 [ERROR] LogOutputStream:75 - [STDERR_REDIRECT] 
2026-07-09 00:26:40,904 [ERROR] LogOutputStream:75 - [STDERR_REDIRECT] [Fatal Error] :1:1: Premature end of file.
2026-07-09 00:26:40,905 [ERROR] LogOutputStream:75 - [STDERR_REDIRECT] 
2026-07-09 00:26:40,959 [ERROR] LogOutputStream:75 - [STDERR_REDIRECT] [Fatal Error] :1:1: Premature end of file.
2026-07-09 00:26:40,960 [ERROR] LogOutputStream:75 - [STDERR_REDIRECT] 
2026-07-09 00:26:41,012 [ERROR] LogOutputStream:75 - [STDERR_REDIRECT] [Fatal Error] :1:1: Premature end of file.
2026-07-09 00:26:41,012 [ERROR] LogOutputStream:75 - [STDERR_REDIRECT] 
2026-07-09 00:26:41,080 [ERROR] LogOutputStream:75 - [STDERR_REDIRECT] [Fatal Error] :1:1: Premature end of file.
2026-07-09 00:26:41,080 [ERROR] LogOutputStream:75 - [STDERR_REDIRECT] 
2026-07-09 00:26:41,132 [ERROR] LogOutputStream:75 - [STDERR_REDIRECT] [Fatal Error] :1:1: Premature end of file.
2026-07-09 00:26:41,133 [ERROR] LogOutputStream:75 - [STDERR_REDIRECT] 
2026-07-09 00:26:41,186 [ERROR] LogOutputStream:75 - [STDERR_REDIRECT] [Fatal Error] :1:1: Premature end of file.
2026-07-09 00:26:41,186 [ERROR] LogOutputStream:75 - [STDERR_REDIRECT] 
2026-07-09 00:26:41,239 [ERROR] LogOutputStream:75 - [STDERR_REDIRECT] [Fatal Error] :1:1: Premature end of file.
2026-07-09 00:26:41,240 [ERROR] LogOutputStream:75 - [STDERR_REDIRECT] 
2026-07-09 00:26:41,302 [ERROR] LogOutputStream:75 - [STDERR_REDIRECT] [Fatal Error] :1:1: Premature end of file.
2026-07-09 00:26:41,302 [ERROR] LogOutputStream:75 - [STDERR_REDIRECT] 
2026-07-09 00:26:41,380 [ERROR] LogOutputStream:75 - [STDERR_REDIRECT] [Fatal Error] :1:1: Premature end of file.
2026-07-09 00:26:41,380 [ERROR] LogOutputStream:75 - [STDERR_REDIRECT] 
2026-07-09 00:26:41,445 [ERROR] LogOutputStream:75 - [STDERR_REDIRECT] [Fatal Error] :1:1: Premature end of file.
2026-07-09 00:26:41,446 [ERROR] LogOutputStream:75 - [STDERR_REDIRECT] 
2026-07-09 00:26:41,508 [ERROR] LogOutputStream:75 - [STDERR_REDIRECT] [Fatal Error] :1:1: Premature end of file.
2026-07-09 00:26:41,509 [ERROR] LogOutputStream:75 - [STDERR_REDIRECT] 
2026-07-09 00:26:41,571 [ERROR] LogOutputStream:75 - [STDERR_REDIRECT] [Fatal Error] :1:1: Premature end of file.
2026-07-09 00:26:41,571 [ERROR] LogOutputStream:75 - [STDERR_REDIRECT] 
2026-07-09 00:26:41,642 [ERROR] LogOutputStream:75 - [STDERR_REDIRECT] [Fatal Error] :1:1: Premature end of file.
2026-07-09 00:26:41,642 [ERROR] LogOutputStream:75 - [STDERR_REDIRECT] 
2026-07-09 00:26:41,728 [ERROR] LogOutputStream:75 - [STDERR_REDIRECT] [Fatal Error] :1:1: Premature end of file.
2026-07-09 00:26:41,729 [ERROR] LogOutputStream:75 - [STDERR_REDIRECT] 
2026-07-09 00:26:41,816 [ERROR] LogOutputStream:75 - [STDERR_REDIRECT] [Fatal Error] :1:1: Premature end of file.
2026-07-09 00:26:41,816 [ERROR] LogOutputStream:75 - [STDERR_REDIRECT] 
2026-07-09 00:26:41,873 [ERROR] LogOutputStream:75 - [STDERR_REDIRECT] [Fatal Error] :1:1: Premature end of file.
2026-07-09 00:26:41,873 [ERROR] LogOutputStream:75 - [STDERR_REDIRECT] 
2026-07-09 00:26:41,934 [ERROR] LogOutputStream:75 - [STDERR_REDIRECT] [Fatal Error] :1:1: Premature end of file.
2026-07-09 00:26:41,934 [ERROR] LogOutputStream:75 - [STDERR_REDIRECT] 
2026-07-09 00:26:41,995 [ERROR] LogOutputStream:75 - [STDERR_REDIRECT] [Fatal Error] :1:1: Premature end of file.
2026-07-09 00:26:41,996 [ERROR] LogOutputStream:75 - [STDERR_REDIRECT] 
2026-07-09 00:26:42,037 [ERROR] LogOutputStream:75 - [STDERR_REDIRECT] [Fatal Error] :1:1: Premature end of file.
2026-07-09 00:26:42,037 [ERROR] LogOutputStream:75 - [STDERR_REDIRECT] 
2026-07-09 00:26:42,090 [ERROR] LogOutputStream:75 - [STDERR_REDIRECT] [Fatal Error] :1:1: Premature end of file.
2026-07-09 00:26:42,090 [ERROR] LogOutputStream:75 - [STDERR_REDIRECT] 
2026-07-09 00:26:42,149 [ERROR] LogOutputStream:75 - [STDERR_REDIRECT] [Fatal Error] :1:1: Premature end of file.
2026-07-09 00:26:42,149 [ERROR] LogOutputStream:75 - [STDERR_REDIRECT] 
2026-07-09 00:26:42,217 [ERROR] LogOutputStream:75 - [STDERR_REDIRECT] [Fatal Error] :1:1: Premature end of file.
2026-07-09 00:26:42,218 [ERROR] LogOutputStream:75 - [STDERR_REDIRECT] 
2026-07-09 00:26:42,272 [ERROR] LogOutputStream:75 - [STDERR_REDIRECT] [Fatal Error] :1:1: Premature end of file.
2026-07-09 00:26:42,272 [ERROR] LogOutputStream:75 - [STDERR_REDIRECT] 
2026-07-09 00:26:42,334 [ERROR] LogOutputStream:75 - [STDERR_REDIRECT] [Fatal Error] :1:1: Premature end of file.
2026-07-09 00:26:42,334 [ERROR] LogOutputStream:75 - [STDERR_REDIRECT] 
2026-07-09 00:26:42,401 [ERROR] LogOutputStream:75 - [STDERR_REDIRECT] [Fatal Error] :1:1: Premature end of file.
2026-07-09 00:26:42,401 [ERROR] LogOutputStream:75 - [STDERR_REDIRECT] 
2026-07-09 00:26:42,513 [ERROR] LogOutputStream:75 - [STDERR_REDIRECT] [Fatal Error] :1:1: Premature end of file.
2026-07-09 00:26:42,514 [ERROR] LogOutputStream:75 - [STDERR_REDIRECT] 
2026-07-09 00:26:42,567 [ERROR] LogOutputStream:75 - [STDERR_REDIRECT] [Fatal Error] :1:1: Premature end of file.
2026-07-09 00:26:42,568 [ERROR] LogOutputStream:75 - [STDERR_REDIRECT] 
2026-07-09 00:26:42,622 [ERROR] LogOutputStream:75 - [STDERR_REDIRECT] [Fatal Error] :1:1: Premature end of file.
2026-07-09 00:26:42,623 [ERROR] LogOutputStream:75 - [STDERR_REDIRECT] 
2026-07-09 00:26:42,678 [ERROR] LogOutputStream:75 - [STDERR_REDIRECT] [Fatal Error] :1:1: Premature end of file.
2026-07-09 00:26:42,678 [ERROR] LogOutputStream:75 - [STDERR_REDIRECT] 
2026-07-09 00:26:42,739 [ERROR] LogOutputStream:75 - [STDERR_REDIRECT] [Fatal Error] :1:1: Premature end of file.
2026-07-09 00:26:42,739 [ERROR] LogOutputStream:75 - [STDERR_REDIRECT] 
2026-07-09 00:26:42,816 [ERROR] LogOutputStream:75 - [STDERR_REDIRECT] [Fatal Error] :1:1: Premature end of file.
2026-07-09 00:26:42,816 [ERROR] LogOutputStream:75 - [STDERR_REDIRECT] 
2026-07-09 00:26:42,992 [ERROR] LogOutputStream:75 - [STDERR_REDIRECT] [Fatal Error] :1:1: Premature end of file.
2026-07-09 00:26:42,994 [ERROR] LogOutputStream:75 - [STDERR_REDIRECT] 
2026-07-09 00:26:43,057 [ERROR] LogOutputStream:75 - [STDERR_REDIRECT] [Fatal Error] :1:1: Premature end of file.
2026-07-09 00:26:43,057 [ERROR] LogOutputStream:75 - [STDERR_REDIRECT] 
2026-07-09 00:26:43,113 [ERROR] LogOutputStream:75 - [STDERR_REDIRECT] [Fatal Error] :1:1: Premature end of file.
2026-07-09 00:26:43,114 [ERROR] LogOutputStream:75 - [STDERR_REDIRECT] 
2026-07-09 00:26:43,166 [ERROR] LogOutputStream:75 - [STDERR_REDIRECT] [Fatal Error] :1:1: Premature end of file.
2026-07-09 00:26:43,167 [ERROR] LogOutputStream:75 - [STDERR_REDIRECT] 
2026-07-09 00:26:43,220 [ERROR] LogOutputStream:75 - [STDERR_REDIRECT] [Fatal Error] :1:1: Premature end of file.
2026-07-09 00:26:43,221 [ERROR] LogOutputStream:75 - [STDERR_REDIRECT] 
2026-07-09 00:26:43,278 [ERROR] LogOutputStream:75 - [STDERR_REDIRECT] [Fatal Error] :1:1: Premature end of file.
2026-07-09 00:26:43,278 [ERROR] LogOutputStream:75 - [STDERR_REDIRECT] 
2026-07-09 00:26:43,349 [ERROR] LogOutputStream:75 - [STDERR_REDIRECT] [Fatal Error] :1:1: Premature end of file.
2026-07-09 00:26:43,349 [ERROR] LogOutputStream:75 - [STDERR_REDIRECT] 
2026-07-09 00:26:43,405 [ERROR] LogOutputStream:75 - [STDERR_REDIRECT] [Fatal Error] :1:1: Premature end of file.
2026-07-09 00:26:43,405 [ERROR] LogOutputStream:75 - [STDERR_REDIRECT] 
2026-07-09 00:26:44,036 [ERROR] LogOutputStream:75 - [STDERR_REDIRECT] [Fatal Error] :1:1: Premature end of file.
2026-07-09 00:26:44,037 [ERROR] LogOutputStream:75 - [STDERR_REDIRECT] 
2026-07-09 00:26:45,015 [ERROR] LogOutputStream:75 - [STDERR_REDIRECT] [Fatal Error] :1:1: Premature end of file.
2026-07-09 00:26:45,015 [ERROR] LogOutputStream:75 - [STDERR_REDIRECT] 
2026-07-09 00:26:46,028 [ERROR] LogOutputStream:75 - [STDERR_REDIRECT] [Fatal Error] :1:1: Premature end of file.
2026-07-09 00:26:46,028 [ERROR] LogOutputStream:75 - [STDERR_REDIRECT] 
2026-07-09 00:26:47,021 [ERROR] LogOutputStream:75 - [STDERR_REDIRECT] [Fatal Error] :1:1: Premature end of file.
2026-07-09 00:26:47,021 [ERROR] LogOutputStream:75 - [STDERR_REDIRECT] 
2026-07-09 00:26:48,019 [ERROR] LogOutputStream:75 - [STDERR_REDIRECT] [Fatal Error] :1:1: Premature end of file.
2026-07-09 00:26:48,019 [ERROR] LogOutputStream:75 - [STDERR_REDIRECT] 
2026-07-09 00:26:49,009 [ERROR] LogOutputStream:75 - [STDERR_REDIRECT] [Fatal Error] :1:1: Premature end of file.
2026-07-09 00:26:49,010 [ERROR] LogOutputStream:75 - [STDERR_REDIRECT] 
2026-07-09 00:26:50,005 [ERROR] LogOutputStream:75 - [STDERR_REDIRECT] [Fatal Error] :1:1: Premature end of file.
2026-07-09 00:26:50,005 [ERROR] LogOutputStream:75 - [STDERR_REDIRECT] 
2026-07-09 00:26:51,018 [ERROR] LogOutputStream:75 - [STDERR_REDIRECT] [Fatal Error] :1:1: Premature end of file.
2026-07-09 00:26:51,019 [ERROR] LogOutputStream:75 - [STDERR_REDIRECT] 
2026-07-09 00:26:52,043 [ERROR] LogOutputStream:75 - [STDERR_REDIRECT] [Fatal Error] :1:1: Premature end of file.
2026-07-09 00:26:52,044 [ERROR] LogOutputStream:75 - [STDERR_REDIRECT] 
2026-07-09 00:26:53,018 [ERROR] LogOutputStream:75 - [STDERR_REDIRECT] [Fatal Error] :1:1: Premature end of file.
2026-07-09 00:26:53,019 [ERROR] LogOutputStream:75 - [STDERR_REDIRECT] 
2026-07-09 00:26:54,001 [ERROR] LogOutputStream:75 - [STDERR_REDIRECT] [Fatal Error] :1:1: Premature end of file.
2026-07-09 00:26:54,002 [ERROR] LogOutputStream:75 - [STDERR_REDIRECT] 
2026-07-09 00:26:55,010 [ERROR] LogOutputStream:75 - [STDERR_REDIRECT] [Fatal Error] :1:1: Premature end of file.
2026-07-09 00:26:55,010 [ERROR] LogOutputStream:75 - [STDERR_REDIRECT] 
2026-07-09 00:26:56,022 [ERROR] LogOutputStream:75 - [STDERR_REDIRECT] [Fatal Error] :1:1: Premature end of file.
2026-07-09 00:26:56,023 [ERROR] LogOutputStream:75 - [STDERR_REDIRECT] 
2026-07-09 00:26:57,008 [ERROR] LogOutputStream:75 - [STDERR_REDIRECT] [Fatal Error] :1:1: Premature end of file.
2026-07-09 00:26:57,008 [ERROR] LogOutputStream:75 - [STDERR_REDIRECT] 
2026-07-09 00:26:58,006 [ERROR] LogOutputStream:75 - [STDERR_REDIRECT] [Fatal Error] :1:1: Premature end of file.
2026-07-09 00:26:58,007 [ERROR] LogOutputStream:75 - [STDERR_REDIRECT] 
2026-07-09 00:26:59,002 [ERROR] LogOutputStream:75 - [STDERR_REDIRECT] [Fatal Error] :1:1: Premature end of file.
2026-07-09 00:26:59,002 [ERROR] LogOutputStream:75 - [STDERR_REDIRECT] 
2026-07-09 00:27:00,002 [ERROR] LogOutputStream:75 - [STDERR_REDIRECT] [Fatal Error] :1:1: Premature end of file.
2026-07-09 00:27:00,002 [ERROR] LogOutputStream:75 - [STDERR_REDIRECT] 
2026-07-09 00:27:01,014 [ERROR] LogOutputStream:75 - [STDERR_REDIRECT] [Fatal Error] :1:1: Premature end of file.
2026-07-09 00:27:01,014 [ERROR] LogOutputStream:75 - [STDERR_REDIRECT] 
2026-07-09 00:27:01,996 [ERROR] LogOutputStream:75 - [STDERR_REDIRECT] [Fatal Error] :1:1: Premature end of file.
2026-07-09 00:27:01,996 [ERROR] LogOutputStream:75 - [STDERR_REDIRECT] 
2026-07-09 00:27:03,002 [ERROR] LogOutputStream:75 - [STDERR_REDIRECT] [Fatal Error] :1:1: Premature end of file.
2026-07-09 00:27:03,004 [ERROR] LogOutputStream:75 - [STDERR_REDIRECT] 
2026-07-09 00:27:04,103 [ERROR] LogOutputStream:75 - [STDERR_REDIRECT] [Fatal Error] :1:1: Premature end of file.
2026-07-09 00:27:04,104 [ERROR] LogOutputStream:75 - [STDERR_REDIRECT] 
2026-07-09 00:27:05,074 [ERROR] LogOutputStream:75 - [STDERR_REDIRECT] [Fatal Error] :1:1: Premature end of file.
2026-07-09 00:27:05,074 [ERROR] LogOutputStream:75 - [STDERR_REDIRECT] 
2026-07-09 00:27:06,099 [ERROR] LogOutputStream:75 - [STDERR_REDIRECT] [Fatal Error] :1:1: Premature end of file.
2026-07-09 00:27:06,099 [ERROR] LogOutputStream:75 - [STDERR_REDIRECT] 
2026-07-09 00:27:07,220 [ERROR] LogOutputStream:75 - [STDERR_REDIRECT] [Fatal Error] :1:1: Premature end of file.
2026-07-09 00:27:07,224 [ERROR] LogOutputStream:75 - [STDERR_REDIRECT] 
2026-07-09 00:27:08,011 [ERROR] LogOutputStream:75 - [STDERR_REDIRECT] [Fatal Error] :1:1: Premature end of file.
2026-07-09 00:27:08,012 [ERROR] LogOutputStream:75 - [STDERR_REDIRECT] 
2026-07-09 00:27:09,005 [ERROR] LogOutputStream:75 - [STDERR_REDIRECT] [Fatal Error] :1:1: Premature end of file.
2026-07-09 00:27:09,005 [ERROR] LogOutputStream:75 - [STDERR_REDIRECT] 
2026-07-09 00:27:10,011 [ERROR] LogOutputStream:75 - [STDERR_REDIRECT] [Fatal Error] :1:1: Premature end of file.
2026-07-09 00:27:10,011 [ERROR] LogOutputStream:75 - [STDERR_REDIRECT] 
2026-07-09 00:27:11,008 [ERROR] LogOutputStream:75 - [STDERR_REDIRECT] [Fatal Error] :1:1: Premature end of file.
2026-07-09 00:27:11,008 [ERROR] LogOutputStream:75 - [STDERR_REDIRECT] 
2026-07-09 00:27:12,060 [ERROR] LogOutputStream:75 - [STDERR_REDIRECT] [Fatal Error] :1:1: Premature end of file.
2026-07-09 00:27:12,060 [ERROR] LogOutputStream:75 - [STDERR_REDIRECT] 
2026-07-09 00:27:13,030 [ERROR] LogOutputStream:75 - [STDERR_REDIRECT] [Fatal Error] :1:1: Premature end of file.
2026-07-09 00:27:13,030 [ERROR] LogOutputStream:75 - [STDERR_REDIRECT] 
2026-07-09 00:27:14,014 [ERROR] LogOutputStream:75 - [STDERR_REDIRECT] [Fatal Error] :1:1: Premature end of file.
2026-07-09 00:27:14,014 [ERROR] LogOutputStream:75 - [STDERR_REDIRECT] 
2026-07-09 00:27:15,023 [ERROR] LogOutputStream:75 - [STDERR_REDIRECT] [Fatal Error] :1:1: Premature end of file.
2026-07-09 00:27:15,023 [ERROR] LogOutputStream:75 - [STDERR_REDIRECT] 
2026-07-09 00:27:16,012 [ERROR] LogOutputStream:75 - [STDERR_REDIRECT] [Fatal Error] :1:1: Premature end of file.
2026-07-09 00:27:16,012 [ERROR] LogOutputStream:75 - [STDERR_REDIRECT] 
2026-07-09 00:27:17,076 [ERROR] LogOutputStream:75 - [STDERR_REDIRECT] [Fatal Error] :1:1: Premature end of file.
2026-07-09 00:27:17,076 [ERROR] LogOutputStream:75 - [STDERR_REDIRECT] 
2026-07-09 00:27:18,042 [ERROR] LogOutputStream:75 - [STDERR_REDIRECT] [Fatal Error] :1:1: Premature end of file.
2026-07-09 00:27:18,042 [ERROR] LogOutputStream:75 - [STDERR_REDIRECT] 
2026-07-09 00:27:19,022 [ERROR] LogOutputStream:75 - [STDERR_REDIRECT] [Fatal Error] :1:1: Premature end of file.
2026-07-09 00:27:19,022 [ERROR] LogOutputStream:75 - [STDERR_REDIRECT] 
2026-07-09 00:27:20,020 [ERROR] LogOutputStream:75 - [STDERR_REDIRECT] [Fatal Error] :1:1: Premature end of file.
2026-07-09 00:27:20,020 [ERROR] LogOutputStream:75 - [STDERR_REDIRECT] 
2026-07-09 00:27:21,026 [ERROR] LogOutputStream:75 - [STDERR_REDIRECT] [Fatal Error] :1:1: Premature end of file.
2026-07-09 00:27:21,026 [ERROR] LogOutputStream:75 - [STDERR_REDIRECT] 
2026-07-09 00:27:22,050 [ERROR] LogOutputStream:75 - [STDERR_REDIRECT] [Fatal Error] :1:1: Premature end of file.
2026-07-09 00:27:22,050 [ERROR] LogOutputStream:75 - [STDERR_REDIRECT] 
2026-07-09 00:27:23,019 [ERROR] LogOutputStream:75 - [STDERR_REDIRECT] [Fatal Error] :1:1: Premature end of file.
2026-07-09 00:27:23,020 [ERROR] LogOutputStream:75 - [STDERR_REDIRECT] 
2026-07-09 00:27:24,011 [ERROR] LogOutputStream:75 - [STDERR_REDIRECT] [Fatal Error] :1:1: Premature end of file.
2026-07-09 00:27:24,011 [ERROR] LogOutputStream:75 - [STDERR_REDIRECT] 
2026-07-09 00:27:25,011 [ERROR] LogOutputStream:75 - [STDERR_REDIRECT] [Fatal Error] :1:1: Premature end of file.
2026-07-09 00:27:25,012 [ERROR] LogOutputStream:75 - [STDERR_REDIRECT] 
2026-07-09 00:27:26,009 [ERROR] LogOutputStream:75 - [STDERR_REDIRECT] [Fatal Error] :1:1: Premature end of file.
2026-07-09 00:27:26,009 [ERROR] LogOutputStream:75 - [STDERR_REDIRECT] 
2026-07-09 00:27:27,018 [ERROR] LogOutputStream:75 - [STDERR_REDIRECT] [Fatal Error] :1:1: Premature end of file.
2026-07-09 00:27:27,018 [ERROR] LogOutputStream:75 - [STDERR_REDIRECT] 
2026-07-09 00:27:28,035 [ERROR] LogOutputStream:75 - [STDERR_REDIRECT] [Fatal Error] :1:1: Premature end of file.
2026-07-09 00:27:28,036 [ERROR] LogOutputStream:75 - [STDERR_REDIRECT] 
2026-07-09 00:27:29,017 [ERROR] LogOutputStream:75 - [STDERR_REDIRECT] [Fatal Error] :1:1: Premature end of file.
2026-07-09 00:27:29,017 [ERROR] LogOutputStream:75 - [STDERR_REDIRECT] 
2026-07-09 00:27:30,025 [ERROR] LogOutputStream:75 - [STDERR_REDIRECT] [Fatal Error] :1:1: Premature end of file.
2026-07-09 00:27:30,026 [ERROR] LogOutputStream:75 - [STDERR_REDIRECT] 
2026-07-09 00:27:31,021 [ERROR] LogOutputStream:75 - [STDERR_REDIRECT] [Fatal Error] :1:1: Premature end of file.
2026-07-09 00:27:31,021 [ERROR] LogOutputStream:75 - [STDERR_REDIRECT] 
2026-07-09 00:27:32,019 [ERROR] LogOutputStream:75 - [STDERR_REDIRECT] [Fatal Error] :1:1: Premature end of file.
2026-07-09 00:27:32,019 [ERROR] LogOutputStream:75 - [STDERR_REDIRECT] 
2026-07-09 00:27:33,015 [ERROR] LogOutputStream:75 - [STDERR_REDIRECT] [Fatal Error] :1:1: Premature end of file.
2026-07-09 00:27:33,016 [ERROR] LogOutputStream:75 - [STDERR_REDIRECT] 
2026-07-09 00:27:34,009 [ERROR] LogOutputStream:75 - [STDERR_REDIRECT] [Fatal Error] :1:1: Premature end of file.
2026-07-09 00:27:34,009 [ERROR] LogOutputStream:75 - [STDERR_REDIRECT] 
2026-07-09 00:27:35,013 [ERROR] LogOutputStream:75 - [STDERR_REDIRECT] [Fatal Error] :1:1: Premature end of file.
2026-07-09 00:27:35,013 [ERROR] LogOutputStream:75 - [STDERR_REDIRECT] 
2026-07-09 00:27:36,020 [ERROR] LogOutputStream:75 - [STDERR_REDIRECT] [Fatal Error] :1:1: Premature end of file.
2026-07-09 00:27:36,021 [ERROR] LogOutputStream:75 - [STDERR_REDIRECT] 
2026-07-09 00:27:37,018 [ERROR] LogOutputStream:75 - [STDERR_REDIRECT] [Fatal Error] :1:1: Premature end of file.
2026-07-09 00:27:37,018 [ERROR] LogOutputStream:75 - [STDERR_REDIRECT] 
2026-07-09 00:27:38,013 [ERROR] LogOutputStream:75 - [STDERR_REDIRECT] [Fatal Error] :1:1: Premature end of file.
2026-07-09 00:27:38,013 [ERROR] LogOutputStream:75 - [STDERR_REDIRECT] 
2026-07-09 00:27:39,013 [ERROR] LogOutputStream:75 - [STDERR_REDIRECT] [Fatal Error] :1:1: Premature end of file.
2026-07-09 00:27:39,013 [ERROR] LogOutputStream:75 - [STDERR_REDIRECT] 
2026-07-09 00:27:40,014 [ERROR] LogOutputStream:75 - [STDERR_REDIRECT] [Fatal Error] :1:1: Premature end of file.
2026-07-09 00:27:40,015 [ERROR] LogOutputStream:75 - [STDERR_REDIRECT] 
2026-07-09 00:27:41,019 [ERROR] LogOutputStream:75 - [STDERR_REDIRECT] [Fatal Error] :1:1: Premature end of file.
2026-07-09 00:27:41,019 [ERROR] LogOutputStream:75 - [STDERR_REDIRECT] 
2026-07-09 00:27:42,017 [ERROR] LogOutputStream:75 - [STDERR_REDIRECT] [Fatal Error] :1:1: Premature end of file.
2026-07-09 00:27:42,017 [ERROR] LogOutputStream:75 - [STDERR_REDIRECT] 
2026-07-09 00:27:43,012 [ERROR] LogOutputStream:75 - [STDERR_REDIRECT] [Fatal Error] :1:1: Premature end of file.
2026-07-09 00:27:43,012 [ERROR] LogOutputStream:75 - [STDERR_REDIRECT] 
2026-07-09 00:27:44,012 [ERROR] LogOutputStream:75 - [STDERR_REDIRECT] [Fatal Error] :1:1: Premature end of file.
2026-07-09 00:27:44,013 [ERROR] LogOutputStream:75 - [STDERR_REDIRECT] 
2026-07-09 00:27:45,020 [ERROR] LogOutputStream:75 - [STDERR_REDIRECT] [Fatal Error] :1:1: Premature end of file.
2026-07-09 00:27:45,020 [ERROR] LogOutputStream:75 - [STDERR_REDIRECT] 
2026-07-09 00:27:46,007 [ERROR] LogOutputStream:75 - [STDERR_REDIRECT] [Fatal Error] :1:1: Premature end of file.
2026-07-09 00:27:46,007 [ERROR] LogOutputStream:75 - [STDERR_REDIRECT] 
2026-07-09 00:27:47,020 [ERROR] LogOutputStream:75 - [STDERR_REDIRECT] [Fatal Error] :1:1: Premature end of file.
2026-07-09 00:27:47,020 [ERROR] LogOutputStream:75 - [STDERR_REDIRECT] 
2026-07-09 00:27:48,009 [ERROR] LogOutputStream:75 - [STDERR_REDIRECT] [Fatal Error] :1:1: Premature end of file.
2026-07-09 00:27:48,010 [ERROR] LogOutputStream:75 - [STDERR_REDIRECT] 
2026-07-09 00:27:49,013 [ERROR] LogOutputStream:75 - [STDERR_REDIRECT] [Fatal Error] :1:1: Premature end of file.
2026-07-09 00:27:49,013 [ERROR] LogOutputStream:75 - [STDERR_REDIRECT] 
2026-07-09 00:27:50,013 [ERROR] LogOutputStream:75 - [STDERR_REDIRECT] [Fatal Error] :1:1: Premature end of file.
2026-07-09 00:27:50,013 [ERROR] LogOutputStream:75 - [STDERR_REDIRECT] 
2026-07-09 00:27:51,015 [ERROR] LogOutputStream:75 - [STDERR_REDIRECT] [Fatal Error] :1:1: Premature end of file.
2026-07-09 00:27:51,016 [ERROR] LogOutputStream:75 - [STDERR_REDIRECT] 
2026-07-09 00:27:52,004 [ERROR] LogOutputStream:75 - [STDERR_REDIRECT] [Fatal Error] :1:1: Premature end of file.
2026-07-09 00:27:52,004 [ERROR] LogOutputStream:75 - [STDERR_REDIRECT] 
2026-07-09 00:27:53,010 [ERROR] LogOutputStream:75 - [STDERR_REDIRECT] [Fatal Error] :1:1: Premature end of file.
2026-07-09 00:27:53,010 [ERROR] LogOutputStream:75 - [STDERR_REDIRECT] 
2026-07-09 00:27:54,016 [ERROR] LogOutputStream:75 - [STDERR_REDIRECT] [Fatal Error] :1:1: Premature end of file.
2026-07-09 00:27:54,016 [ERROR] LogOutputStream:75 - [STDERR_REDIRECT] 
2026-07-09 00:27:55,012 [ERROR] LogOutputStream:75 - [STDERR_REDIRECT] [Fatal Error] :1:1: Premature end of file.
2026-07-09 00:27:55,013 [ERROR] LogOutputStream:75 - [STDERR_REDIRECT] 
2026-07-09 00:27:56,008 [ERROR] LogOutputStream:75 - [STDERR_REDIRECT] [Fatal Error] :1:1: Premature end of file.
2026-07-09 00:27:56,009 [ERROR] LogOutputStream:75 - [STDERR_REDIRECT] 
2026-07-09 00:27:57,018 [ERROR] LogOutputStream:75 - [STDERR_REDIRECT] [Fatal Error] :1:1: Premature end of file.
2026-07-09 00:27:57,019 [ERROR] LogOutputStream:75 - [STDERR_REDIRECT] 
2026-07-09 00:27:58,019 [ERROR] LogOutputStream:75 - [STDERR_REDIRECT] [Fatal Error] :1:1: Premature end of file.
2026-07-09 00:27:58,019 [ERROR] LogOutputStream:75 - [STDERR_REDIRECT] 
2026-07-09 00:27:59,015 [ERROR] LogOutputStream:75 - [STDERR_REDIRECT] [Fatal Error] :1:1: Premature end of file.
2026-07-09 00:27:59,015 [ERROR] LogOutputStream:75 - [STDERR_REDIRECT] 
2026-07-09 00:28:00,013 [ERROR] LogOutputStream:75 - [STDERR_REDIRECT] [Fatal Error] :1:1: Premature end of file.
2026-07-09 00:28:00,013 [ERROR] LogOutputStream:75 - [STDERR_REDIRECT] 
2026-07-09 00:28:01,004 [ERROR] LogOutputStream:75 - [STDERR_REDIRECT] [Fatal Error] :1:1: Premature end of file.
2026-07-09 00:28:01,005 [ERROR] LogOutputStream:75 - [STDERR_REDIRECT] 
2026-07-09 00:28:02,018 [ERROR] LogOutputStream:75 - [STDERR_REDIRECT] [Fatal Error] :1:1: Premature end of file.
2026-07-09 00:28:02,019 [ERROR] LogOutputStream:75 - [STDERR_REDIRECT] 
2026-07-09 00:28:03,017 [ERROR] LogOutputStream:75 - [STDERR_REDIRECT] [Fatal Error] :1:1: Premature end of file.
2026-07-09 00:28:03,017 [ERROR] LogOutputStream:75 - [STDERR_REDIRECT] 
2026-07-09 00:28:04,007 [ERROR] LogOutputStream:75 - [STDERR_REDIRECT] [Fatal Error] :1:1: Premature end of file.
2026-07-09 00:28:04,007 [ERROR] LogOutputStream:75 - [STDERR_REDIRECT] 
2026-07-09 00:28:04,999 [ERROR] LogOutputStream:75 - [STDERR_REDIRECT] [Fatal Error] :1:1: Premature end of file.
2026-07-09 00:28:04,999 [ERROR] LogOutputStream:75 - [STDERR_REDIRECT] 
2026-07-09 00:28:06,016 [ERROR] LogOutputStream:75 - [STDERR_REDIRECT] [Fatal Error] :1:1: Premature end of file.
2026-07-09 00:28:06,017 [ERROR] LogOutputStream:75 - [STDERR_REDIRECT] 
2026-07-09 00:28:07,013 [ERROR] LogOutputStream:75 - [STDERR_REDIRECT] [Fatal Error] :1:1: Premature end of file.
2026-07-09 00:28:07,013 [ERROR] LogOutputStream:75 - [STDERR_REDIRECT] 
2026-07-09 00:28:08,006 [ERROR] LogOutputStream:75 - [STDERR_REDIRECT] [Fatal Error] :1:1: Premature end of file.
2026-07-09 00:28:08,006 [ERROR] LogOutputStream:75 - [STDERR_REDIRECT] 
2026-07-09 00:28:09,022 [ERROR] LogOutputStream:75 - [STDERR_REDIRECT] [Fatal Error] :1:1: Premature end of file.
2026-07-09 00:28:09,022 [ERROR] LogOutputStream:75 - [STDERR_REDIRECT] 
2026-07-09 00:28:10,012 [ERROR] LogOutputStream:75 - [STDERR_REDIRECT] [Fatal Error] :1:1: Premature end of file.
2026-07-09 00:28:10,012 [ERROR] LogOutputStream:75 - [STDERR_REDIRECT] 
2026-07-09 00:28:11,008 [ERROR] LogOutputStream:75 - [STDERR_REDIRECT] [Fatal Error] :1:1: Premature end of file.
2026-07-09 00:28:11,008 [ERROR] LogOutputStream:75 - [STDERR_REDIRECT] 
2026-07-09 00:28:12,007 [ERROR] LogOutputStream:75 - [STDERR_REDIRECT] [Fatal Error] :1:1: Premature end of file.
2026-07-09 00:28:12,007 [ERROR] LogOutputStream:75 - [STDERR_REDIRECT] 
2026-07-09 00:28:13,004 [ERROR] LogOutputStream:75 - [STDERR_REDIRECT] [Fatal Error] :1:1: Premature end of file.
2026-07-09 00:28:13,004 [ERROR] LogOutputStream:75 - [STDERR_REDIRECT] 
2026-07-09 00:28:14,020 [ERROR] LogOutputStream:75 - [STDERR_REDIRECT] [Fatal Error] :1:1: Premature end of file.
2026-07-09 00:28:14,020 [ERROR] LogOutputStream:75 - [STDERR_REDIRECT] 
2026-07-09 00:28:15,020 [ERROR] LogOutputStream:75 - [STDERR_REDIRECT] [Fatal Error] :1:1: Premature end of file.
2026-07-09 00:28:15,020 [ERROR] LogOutputStream:75 - [STDERR_REDIRECT] 
2026-07-09 00:28:16,019 [ERROR] LogOutputStream:75 - [STDERR_REDIRECT] [Fatal Error] :1:1: Premature end of file.
2026-07-09 00:28:16,019 [ERROR] LogOutputStream:75 - [STDERR_REDIRECT] 
2026-07-09 00:28:17,009 [ERROR] LogOutputStream:75 - [STDERR_REDIRECT] [Fatal Error] :1:1: Premature end of file.
2026-07-09 00:28:17,010 [ERROR] LogOutputStream:75 - [STDERR_REDIRECT] 
2026-07-09 00:28:18,019 [ERROR] LogOutputStream:75 - [STDERR_REDIRECT] [Fatal Error] :1:1: Premature end of file.
2026-07-09 00:28:18,019 [ERROR] LogOutputStream:75 - [STDERR_REDIRECT] 
2026-07-09 00:28:19,014 [ERROR] LogOutputStream:75 - [STDERR_REDIRECT] [Fatal Error] :1:1: Premature end of file.
2026-07-09 00:28:19,014 [ERROR] LogOutputStream:75 - [STDERR_REDIRECT] 
2026-07-09 00:28:20,006 [ERROR] LogOutputStream:75 - [STDERR_REDIRECT] [Fatal Error] :1:1: Premature end of file.
2026-07-09 00:28:20,007 [ERROR] LogOutputStream:75 - [STDERR_REDIRECT] 
2026-07-09 00:28:21,008 [ERROR] LogOutputStream:75 - [STDERR_REDIRECT] [Fatal Error] :1:1: Premature end of file.
2026-07-09 00:28:21,009 [ERROR] LogOutputStream:75 - [STDERR_REDIRECT] 
2026-07-09 00:28:22,021 [ERROR] LogOutputStream:75 - [STDERR_REDIRECT] [Fatal Error] :1:1: Premature end of file.
2026-07-09 00:28:22,022 [ERROR] LogOutputStream:75 - [STDERR_REDIRECT] 
2026-07-09 00:28:23,017 [ERROR] LogOutputStream:75 - [STDERR_REDIRECT] [Fatal Error] :1:1: Premature end of file.
2026-07-09 00:28:23,017 [ERROR] LogOutputStream:75 - [STDERR_REDIRECT] 
2026-07-09 00:28:24,011 [ERROR] LogOutputStream:75 - [STDERR_REDIRECT] [Fatal Error] :1:1: Premature end of file.
2026-07-09 00:28:24,011 [ERROR] LogOutputStream:75 - [STDERR_REDIRECT] 
2026-07-09 00:28:25,016 [ERROR] LogOutputStream:75 - [STDERR_REDIRECT] [Fatal Error] :1:1: Premature end of file.
2026-07-09 00:28:25,017 [ERROR] LogOutputStream:75 - [STDERR_REDIRECT] 
2026-07-09 00:28:26,017 [ERROR] LogOutputStream:75 - [STDERR_REDIRECT] [Fatal Error] :1:1: Premature end of file.
2026-07-09 00:28:26,017 [ERROR] LogOutputStream:75 - [STDERR_REDIRECT] 
2026-07-09 00:28:27,019 [ERROR] LogOutputStream:75 - [STDERR_REDIRECT] [Fatal Error] :1:1: Premature end of file.
2026-07-09 00:28:27,019 [ERROR] LogOutputStream:75 - [STDERR_REDIRECT] 
2026-07-09 00:28:28,011 [ERROR] LogOutputStream:75 - [STDERR_REDIRECT] [Fatal Error] :1:1: Premature end of file.
2026-07-09 00:28:28,011 [ERROR] LogOutputStream:75 - [STDERR_REDIRECT] 
2026-07-09 00:28:29,010 [ERROR] LogOutputStream:75 - [STDERR_REDIRECT] [Fatal Error] :1:1: Premature end of file.
2026-07-09 00:28:29,011 [ERROR] LogOutputStream:75 - [STDERR_REDIRECT] 
2026-07-09 00:28:30,010 [ERROR] LogOutputStream:75 - [STDERR_REDIRECT] [Fatal Error] :1:1: Premature end of file.
2026-07-09 00:28:30,010 [ERROR] LogOutputStream:75 - [STDERR_REDIRECT] 
2026-07-09 00:28:31,006 [ERROR] LogOutputStream:75 - [STDERR_REDIRECT] [Fatal Error] :1:1: Premature end of file.
2026-07-09 00:28:31,007 [ERROR] LogOutputStream:75 - [STDERR_REDIRECT] 
2026-07-09 00:28:32,018 [ERROR] LogOutputStream:75 - [STDERR_REDIRECT] [Fatal Error] :1:1: Premature end of file.
2026-07-09 00:28:32,018 [ERROR] LogOutputStream:75 - [STDERR_REDIRECT] 
2026-07-09 00:28:33,009 [ERROR] LogOutputStream:75 - [STDERR_REDIRECT] [Fatal Error] :1:1: Premature end of file.
2026-07-09 00:28:33,010 [ERROR] LogOutputStream:75 - [STDERR_REDIRECT] 
2026-07-09 00:28:34,009 [ERROR] LogOutputStream:75 - [STDERR_REDIRECT] [Fatal Error] :1:1: Premature end of file.
2026-07-09 00:28:34,009 [ERROR] LogOutputStream:75 - [STDERR_REDIRECT] 
2026-07-09 00:28:35,012 [ERROR] LogOutputStream:75 - [STDERR_REDIRECT] [Fatal Error] :1:1: Premature end of file.
2026-07-09 00:28:35,013 [ERROR] LogOutputStream:75 - [STDERR_REDIRECT] 
2026-07-09 00:28:36,014 [ERROR] LogOutputStream:75 - [STDERR_REDIRECT] [Fatal Error] :1:1: Premature end of file.
2026-07-09 00:28:36,014 [ERROR] LogOutputStream:75 - [STDERR_REDIRECT] 
2026-07-09 00:28:37,007 [ERROR] LogOutputStream:75 - [STDERR_REDIRECT] [Fatal Error] :1:1: Premature end of file.
2026-07-09 00:28:37,007 [ERROR] LogOutputStream:75 - [STDERR_REDIRECT] 
2026-07-09 00:28:38,020 [ERROR] LogOutputStream:75 - [STDERR_REDIRECT] [Fatal Error] :1:1: Premature end of file.
2026-07-09 00:28:38,020 [ERROR] LogOutputStream:75 - [STDERR_REDIRECT] 
2026-07-09 00:28:39,006 [ERROR] LogOutputStream:75 - [STDERR_REDIRECT] [Fatal Error] :1:1: Premature end of file.
2026-07-09 00:28:39,007 [ERROR] LogOutputStream:75 - [STDERR_REDIRECT] 
2026-07-09 00:28:40,014 [ERROR] LogOutputStream:75 - [STDERR_REDIRECT] [Fatal Error] :1:1: Premature end of file.
2026-07-09 00:28:40,014 [ERROR] LogOutputStream:75 - [STDERR_REDIRECT] 
2026-07-09 00:28:41,020 [ERROR] LogOutputStream:75 - [STDERR_REDIRECT] [Fatal Error] :1:1: Premature end of file.
2026-07-09 00:28:41,020 [ERROR] LogOutputStream:75 - [STDERR_REDIRECT] 
2026-07-09 00:28:42,012 [ERROR] LogOutputStream:75 - [STDERR_REDIRECT] [Fatal Error] :1:1: Premature end of file.
2026-07-09 00:28:42,013 [ERROR] LogOutputStream:75 - [STDERR_REDIRECT] 
2026-07-09 00:28:43,005 [ERROR] LogOutputStream:75 - [STDERR_REDIRECT] [Fatal Error] :1:1: Premature end of file.
2026-07-09 00:28:43,005 [ERROR] LogOutputStream:75 - [STDERR_REDIRECT] 
2026-07-09 00:28:44,007 [ERROR] LogOutputStream:75 - [STDERR_REDIRECT] [Fatal Error] :1:1: Premature end of file.
2026-07-09 00:28:44,007 [ERROR] LogOutputStream:75 - [STDERR_REDIRECT] 
2026-07-09 00:28:45,016 [ERROR] LogOutputStream:75 - [STDERR_REDIRECT] [Fatal Error] :1:1: Premature end of file.
2026-07-09 00:28:45,016 [ERROR] LogOutputStream:75 - [STDERR_REDIRECT] 
2026-07-09 00:28:46,022 [ERROR] LogOutputStream:75 - [STDERR_REDIRECT] [Fatal Error] :1:1: Premature end of file.
2026-07-09 00:28:46,022 [ERROR] LogOutputStream:75 - [STDERR_REDIRECT] 
2026-07-09 00:28:47,029 [ERROR] LogOutputStream:75 - [STDERR_REDIRECT] [Fatal Error] :1:1: Premature end of file.
2026-07-09 00:28:47,029 [ERROR] LogOutputStream:75 - [STDERR_REDIRECT] 
2026-07-09 00:28:48,015 [ERROR] LogOutputStream:75 - [STDERR_REDIRECT] [Fatal Error] :1:1: Premature end of file.
2026-07-09 00:28:48,015 [ERROR] LogOutputStream:75 - [STDERR_REDIRECT] 
2026-07-09 00:28:49,015 [ERROR] LogOutputStream:75 - [STDERR_REDIRECT] [Fatal Error] :1:1: Premature end of file.
2026-07-09 00:28:49,015 [ERROR] LogOutputStream:75 - [STDERR_REDIRECT] 
2026-07-09 00:28:50,020 [ERROR] LogOutputStream:75 - [STDERR_REDIRECT] [Fatal Error] :1:1: Premature end of file.
2026-07-09 00:28:50,020 [ERROR] LogOutputStream:75 - [STDERR_REDIRECT] 
2026-07-09 00:28:51,027 [ERROR] LogOutputStream:75 - [STDERR_REDIRECT] [Fatal Error] :1:1: Premature end of file.
2026-07-09 00:28:51,028 [ERROR] LogOutputStream:75 - [STDERR_REDIRECT] 
2026-07-09 00:28:52,019 [ERROR] LogOutputStream:75 - [STDERR_REDIRECT] [Fatal Error] :1:1: Premature end of file.
2026-07-09 00:28:52,019 [ERROR] LogOutputStream:75 - [STDERR_REDIRECT] 
2026-07-09 00:28:53,019 [ERROR] LogOutputStream:75 - [STDERR_REDIRECT] [Fatal Error] :1:1: Premature end of file.
2026-07-09 00:28:53,020 [ERROR] LogOutputStream:75 - [STDERR_REDIRECT] 
2026-07-09 00:28:54,025 [ERROR] LogOutputStream:75 - [STDERR_REDIRECT] [Fatal Error] :1:1: Premature end of file.
2026-07-09 00:28:54,026 [ERROR] LogOutputStream:75 - [STDERR_REDIRECT] 
2026-07-09 00:28:55,025 [ERROR] LogOutputStream:75 - [STDERR_REDIRECT] [Fatal Error] :1:1: Premature end of file.
2026-07-09 00:28:55,026 [ERROR] LogOutputStream:75 - [STDERR_REDIRECT] 
2026-07-09 00:28:56,015 [ERROR] LogOutputStream:75 - [STDERR_REDIRECT] [Fatal Error] :1:1: Premature end of file.
2026-07-09 00:28:56,016 [ERROR] LogOutputStream:75 - [STDERR_REDIRECT] 
2026-07-09 00:28:57,029 [ERROR] LogOutputStream:75 - [STDERR_REDIRECT] [Fatal Error] :1:1: Premature end of file.
2026-07-09 00:28:57,029 [ERROR] LogOutputStream:75 - [STDERR_REDIRECT] 
2026-07-09 00:28:58,014 [ERROR] LogOutputStream:75 - [STDERR_REDIRECT] [Fatal Error] :1:1: Premature end of file.
2026-07-09 00:28:58,014 [ERROR] LogOutputStream:75 - [STDERR_REDIRECT] 
2026-07-09 00:28:59,026 [ERROR] LogOutputStream:75 - [STDERR_REDIRECT] [Fatal Error] :1:1: Premature end of file.
2026-07-09 00:28:59,027 [ERROR] LogOutputStream:75 - [STDERR_REDIRECT] 
2026-07-09 00:29:00,019 [ERROR] LogOutputStream:75 - [STDERR_REDIRECT] [Fatal Error] :1:1: Premature end of file.
2026-07-09 00:29:00,019 [ERROR] LogOutputStream:75 - [STDERR_REDIRECT] 
2026-07-09 00:29:01,016 [ERROR] LogOutputStream:75 - [STDERR_REDIRECT] [Fatal Error] :1:1: Premature end of file.
2026-07-09 00:29:01,016 [ERROR] LogOutputStream:75 - [STDERR_REDIRECT] 
2026-07-09 00:29:02,017 [ERROR] LogOutputStream:75 - [STDERR_REDIRECT] [Fatal Error] :1:1: Premature end of file.
2026-07-09 00:29:02,018 [ERROR] LogOutputStream:75 - [STDERR_REDIRECT] 
2026-07-09 00:29:03,032 [ERROR] LogOutputStream:75 - [STDERR_REDIRECT] [Fatal Error] :1:1: Premature end of file.
2026-07-09 00:29:03,032 [ERROR] LogOutputStream:75 - [STDERR_REDIRECT] 
2026-07-09 00:29:04,018 [ERROR] LogOutputStream:75 - [STDERR_REDIRECT] [Fatal Error] :1:1: Premature end of file.
2026-07-09 00:29:04,018 [ERROR] LogOutputStream:75 - [STDERR_REDIRECT] 
2026-07-09 00:29:05,031 [ERROR] LogOutputStream:75 - [STDERR_REDIRECT] [Fatal Error] :1:1: Premature end of file.
2026-07-09 00:29:05,031 [ERROR] LogOutputStream:75 - [STDERR_REDIRECT] 
2026-07-09 00:29:06,029 [ERROR] LogOutputStream:75 - [STDERR_REDIRECT] [Fatal Error] :1:1: Premature end of file.
2026-07-09 00:29:06,029 [ERROR] LogOutputStream:75 - [STDERR_REDIRECT] 
2026-07-09 00:29:07,035 [ERROR] LogOutputStream:75 - [STDERR_REDIRECT] [Fatal Error] :1:1: Premature end of file.
2026-07-09 00:29:07,038 [ERROR] LogOutputStream:75 - [STDERR_REDIRECT] 
2026-07-09 00:29:08,017 [ERROR] LogOutputStream:75 - [STDERR_REDIRECT] [Fatal Error] :1:1: Premature end of file.
2026-07-09 00:29:08,017 [ERROR] LogOutputStream:75 - [STDERR_REDIRECT] 
2026-07-09 00:29:09,020 [ERROR] LogOutputStream:75 - [STDERR_REDIRECT] [Fatal Error] :1:1: Premature end of file.
2026-07-09 00:29:09,023 [ERROR] LogOutputStream:75 - [STDERR_REDIRECT] 
2026-07-09 00:29:10,025 [ERROR] LogOutputStream:75 - [STDERR_REDIRECT] [Fatal Error] :1:1: Premature end of file.
2026-07-09 00:29:10,025 [ERROR] LogOutputStream:75 - [STDERR_REDIRECT] 
2026-07-09 00:29:11,030 [ERROR] LogOutputStream:75 - [STDERR_REDIRECT] [Fatal Error] :1:1: Premature end of file.
2026-07-09 00:29:11,030 [ERROR] LogOutputStream:75 - [STDERR_REDIRECT] 
2026-07-09 00:29:12,012 [ERROR] LogOutputStream:75 - [STDERR_REDIRECT] [Fatal Error] :1:1: Premature end of file.
2026-07-09 00:29:12,012 [ERROR] LogOutputStream:75 - [STDERR_REDIRECT] 
2026-07-09 00:29:13,005 [ERROR] LogOutputStream:75 - [STDERR_REDIRECT] [Fatal Error] :1:1: Premature end of file.
2026-07-09 00:29:13,005 [ERROR] LogOutputStream:75 - [STDERR_REDIRECT] 
2026-07-09 00:29:14,023 [ERROR] LogOutputStream:75 - [STDERR_REDIRECT] [Fatal Error] :1:1: Premature end of file.
2026-07-09 00:29:14,024 [ERROR] LogOutputStream:75 - [STDERR_REDIRECT] 
2026-07-09 00:29:15,014 [ERROR] LogOutputStream:75 - [STDERR_REDIRECT] [Fatal Error] :1:1: Premature end of file.
2026-07-09 00:29:15,014 [ERROR] LogOutputStream:75 - [STDERR_REDIRECT] 
2026-07-09 00:29:16,011 [ERROR] LogOutputStream:75 - [STDERR_REDIRECT] [Fatal Error] :1:1: Premature end of file.
2026-07-09 00:29:16,012 [ERROR] LogOutputStream:75 - [STDERR_REDIRECT] 
2026-07-09 00:29:17,008 [ERROR] LogOutputStream:75 - [STDERR_REDIRECT] [Fatal Error] :1:1: Premature end of file.
2026-07-09 00:29:17,009 [ERROR] LogOutputStream:75 - [STDERR_REDIRECT] 
2026-07-09 00:29:18,013 [ERROR] LogOutputStream:75 - [STDERR_REDIRECT] [Fatal Error] :1:1: Premature end of file.
2026-07-09 00:29:18,013 [ERROR] LogOutputStream:75 - [STDERR_REDIRECT] 
2026-07-09 00:29:19,018 [ERROR] LogOutputStream:75 - [STDERR_REDIRECT] [Fatal Error] :1:1: Premature end of file.
2026-07-09 00:29:19,019 [ERROR] LogOutputStream:75 - [STDERR_REDIRECT] 
2026-07-09 00:29:20,011 [ERROR] LogOutputStream:75 - [STDERR_REDIRECT] [Fatal Error] :1:1: Premature end of file.
2026-07-09 00:29:20,011 [ERROR] LogOutputStream:75 - [STDERR_REDIRECT] 
2026-07-09 00:29:21,001 [ERROR] LogOutputStream:75 - [STDERR_REDIRECT] [Fatal Error] :1:1: Premature end of file.
2026-07-09 00:29:21,001 [ERROR] LogOutputStream:75 - [STDERR_REDIRECT] 
2026-07-09 00:29:22,003 [ERROR] LogOutputStream:75 - [STDERR_REDIRECT] [Fatal Error] :1:1: Premature end of file.
2026-07-09 00:29:22,004 [ERROR] LogOutputStream:75 - [STDERR_REDIRECT] 
2026-07-09 00:29:23,013 [ERROR] LogOutputStream:75 - [STDERR_REDIRECT] [Fatal Error] :1:1: Premature end of file.
2026-07-09 00:29:23,013 [ERROR] LogOutputStream:75 - [STDERR_REDIRECT] 
2026-07-09 00:29:24,013 [ERROR] LogOutputStream:75 - [STDERR_REDIRECT] [Fatal Error] :1:1: Premature end of file.
2026-07-09 00:29:24,013 [ERROR] LogOutputStream:75 - [STDERR_REDIRECT] 
2026-07-09 00:29:25,010 [ERROR] LogOutputStream:75 - [STDERR_REDIRECT] [Fatal Error] :1:1: Premature end of file.
2026-07-09 00:29:25,011 [ERROR] LogOutputStream:75 - [STDERR_REDIRECT] 
2026-07-09 00:29:26,017 [ERROR] LogOutputStream:75 - [STDERR_REDIRECT] [Fatal Error] :1:1: Premature end of file.
2026-07-09 00:29:26,018 [ERROR] LogOutputStream:75 - [STDERR_REDIRECT] 
2026-07-09 00:29:27,011 [ERROR] LogOutputStream:75 - [STDERR_REDIRECT] [Fatal Error] :1:1: Premature end of file.
2026-07-09 00:29:27,011 [ERROR] LogOutputStream:75 - [STDERR_REDIRECT] 
2026-07-09 00:29:28,005 [ERROR] LogOutputStream:75 - [STDERR_REDIRECT] [Fatal Error] :1:1: Premature end of file.
2026-07-09 00:29:28,005 [ERROR] LogOutputStream:75 - [STDERR_REDIRECT] 
2026-07-09 00:29:29,009 [ERROR] LogOutputStream:75 - [STDERR_REDIRECT] [Fatal Error] :1:1: Premature end of file.
2026-07-09 00:29:29,009 [ERROR] LogOutputStream:75 - [STDERR_REDIRECT] 
2026-07-09 00:29:30,006 [ERROR] LogOutputStream:75 - [STDERR_REDIRECT] [Fatal Error] :1:1: Premature end of file.
2026-07-09 00:29:30,007 [ERROR] LogOutputStream:75 - [STDERR_REDIRECT] 
2026-07-09 00:29:31,011 [ERROR] LogOutputStream:75 - [STDERR_REDIRECT] [Fatal Error] :1:1: Premature end of file.
2026-07-09 00:29:31,012 [ERROR] LogOutputStream:75 - [STDERR_REDIRECT] 
2026-07-09 00:29:32,014 [ERROR] LogOutputStream:75 - [STDERR_REDIRECT] [Fatal Error] :1:1: Premature end of file.
2026-07-09 00:29:32,014 [ERROR] LogOutputStream:75 - [STDERR_REDIRECT] 
2026-07-09 00:29:33,009 [ERROR] LogOutputStream:75 - [STDERR_REDIRECT] [Fatal Error] :1:1: Premature end of file.
2026-07-09 00:29:33,009 [ERROR] LogOutputStream:75 - [STDERR_REDIRECT] 
2026-07-09 00:29:34,007 [ERROR] LogOutputStream:75 - [STDERR_REDIRECT] [Fatal Error] :1:1: Premature end of file.
2026-07-09 00:29:34,008 [ERROR] LogOutputStream:75 - [STDERR_REDIRECT] 
2026-07-09 00:29:35,006 [ERROR] LogOutputStream:75 - [STDERR_REDIRECT] [Fatal Error] :1:1: Premature end of file.
2026-07-09 00:29:35,006 [ERROR] LogOutputStream:75 - [STDERR_REDIRECT] 
2026-07-09 00:29:36,008 [ERROR] LogOutputStream:75 - [STDERR_REDIRECT] [Fatal Error] :1:1: Premature end of file.
2026-07-09 00:29:36,008 [ERROR] LogOutputStream:75 - [STDERR_REDIRECT] 
2026-07-09 00:29:37,014 [ERROR] LogOutputStream:75 - [STDERR_REDIRECT] [Fatal Error] :1:1: Premature end of file.
2026-07-09 00:29:37,014 [ERROR] LogOutputStream:75 - [STDERR_REDIRECT] 
2026-07-09 00:29:38,002 [ERROR] LogOutputStream:75 - [STDERR_REDIRECT] [Fatal Error] :1:1: Premature end of file.
2026-07-09 00:29:38,002 [ERROR] LogOutputStream:75 - [STDERR_REDIRECT] 
2026-07-09 00:29:39,016 [ERROR] LogOutputStream:75 - [STDERR_REDIRECT] [Fatal Error] :1:1: Premature end of file.
2026-07-09 00:29:39,016 [ERROR] LogOutputStream:75 - [STDERR_REDIRECT] 
2026-07-09 00:29:40,025 [ERROR] LogOutputStream:75 - [STDERR_REDIRECT] [Fatal Error] :1:1: Premature end of file.
2026-07-09 00:29:40,025 [ERROR] LogOutputStream:75 - [STDERR_REDIRECT] 
2026-07-09 00:29:41,011 [ERROR] LogOutputStream:75 - [STDERR_REDIRECT] [Fatal Error] :1:1: Premature end of file.
2026-07-09 00:29:41,013 [ERROR] LogOutputStream:75 - [STDERR_REDIRECT] 
2026-07-09 00:29:42,011 [ERROR] LogOutputStream:75 - [STDERR_REDIRECT] [Fatal Error] :1:1: Premature end of file.
2026-07-09 00:29:42,012 [ERROR] LogOutputStream:75 - [STDERR_REDIRECT] 
2026-07-09 00:29:43,007 [ERROR] LogOutputStream:75 - [STDERR_REDIRECT] [Fatal Error] :1:1: Premature end of file.
2026-07-09 00:29:43,007 [ERROR] LogOutputStream:75 - [STDERR_REDIRECT] 
2026-07-09 00:29:44,005 [ERROR] LogOutputStream:75 - [STDERR_REDIRECT] [Fatal Error] :1:1: Premature end of file.
2026-07-09 00:29:44,005 [ERROR] LogOutputStream:75 - [STDERR_REDIRECT] 
2026-07-09 00:29:45,011 [ERROR] LogOutputStream:75 - [STDERR_REDIRECT] [Fatal Error] :1:1: Premature end of file.
2026-07-09 00:29:45,012 [ERROR] LogOutputStream:75 - [STDERR_REDIRECT] 
2026-07-09 00:29:46,009 [ERROR] LogOutputStream:75 - [STDERR_REDIRECT] [Fatal Error] :1:1: Premature end of file.
2026-07-09 00:29:46,010 [ERROR] LogOutputStream:75 - [STDERR_REDIRECT] 
2026-07-09 00:29:47,016 [ERROR] LogOutputStream:75 - [STDERR_REDIRECT] [Fatal Error] :1:1: Premature end of file.
2026-07-09 00:29:47,016 [ERROR] LogOutputStream:75 - [STDERR_REDIRECT] 
2026-07-09 00:29:48,003 [ERROR] LogOutputStream:75 - [STDERR_REDIRECT] [Fatal Error] :1:1: Premature end of file.
2026-07-09 00:29:48,004 [ERROR] LogOutputStream:75 - [STDERR_REDIRECT] 
2026-07-09 00:29:49,003 [ERROR] LogOutputStream:75 - [STDERR_REDIRECT] [Fatal Error] :1:1: Premature end of file.
2026-07-09 00:29:49,003 [ERROR] LogOutputStream:75 - [STDERR_REDIRECT] 
2026-07-09 00:29:50,004 [ERROR] LogOutputStream:75 - [STDERR_REDIRECT] [Fatal Error] :1:1: Premature end of file.
2026-07-09 00:29:50,004 [ERROR] LogOutputStream:75 - [STDERR_REDIRECT] 
2026-07-09 00:29:51,006 [ERROR] LogOutputStream:75 - [STDERR_REDIRECT] [Fatal Error] :1:1: Premature end of file.
2026-07-09 00:29:51,007 [ERROR] LogOutputStream:75 - [STDERR_REDIRECT] 
2026-07-09 00:29:52,004 [ERROR] LogOutputStream:75 - [STDERR_REDIRECT] [Fatal Error] :1:1: Premature end of file.
2026-07-09 00:29:52,005 [ERROR] LogOutputStream:75 - [STDERR_REDIRECT] 
2026-07-09 00:29:53,010 [ERROR] LogOutputStream:75 - [STDERR_REDIRECT] [Fatal Error] :1:1: Premature end of file.
2026-07-09 00:29:53,011 [ERROR] LogOutputStream:75 - [STDERR_REDIRECT] 
2026-07-09 00:29:54,014 [ERROR] LogOutputStream:75 - [STDERR_REDIRECT] [Fatal Error] :1:1: Premature end of file.
2026-07-09 00:29:54,015 [ERROR] LogOutputStream:75 - [STDERR_REDIRECT] 
2026-07-09 00:29:55,001 [ERROR] LogOutputStream:75 - [STDERR_REDIRECT] [Fatal Error] :1:1: Premature end of file.
2026-07-09 00:29:55,002 [ERROR] LogOutputStream:75 - [STDERR_REDIRECT] 
2026-07-09 00:29:56,003 [ERROR] LogOutputStream:75 - [STDERR_REDIRECT] [Fatal Error] :1:1: Premature end of file.
2026-07-09 00:29:56,003 [ERROR] LogOutputStream:75 - [STDERR_REDIRECT] 
2026-07-09 00:29:57,001 [ERROR] LogOutputStream:75 - [STDERR_REDIRECT] [Fatal Error] :1:1: Premature end of file.
2026-07-09 00:29:57,003 [ERROR] LogOutputStream:75 - [STDERR_REDIRECT] 
2026-07-09 00:29:58,001 [ERROR] LogOutputStream:75 - [STDERR_REDIRECT] [Fatal Error] :1:1: Premature end of file.
2026-07-09 00:29:58,001 [ERROR] LogOutputStream:75 - [STDERR_REDIRECT] 
2026-07-09 00:29:59,014 [ERROR] LogOutputStream:75 - [STDERR_REDIRECT] [Fatal Error] :1:1: Premature end of file.
2026-07-09 00:29:59,014 [ERROR] LogOutputStream:75 - [STDERR_REDIRECT] 
2026-07-09 00:30:00,029 [ERROR] LogOutputStream:75 - [STDERR_REDIRECT] [Fatal Error] :1:1: Premature end of file.
2026-07-09 00:30:00,029 [ERROR] LogOutputStream:75 - [STDERR_REDIRECT] 
2026-07-09 00:30:01,012 [ERROR] LogOutputStream:75 - [STDERR_REDIRECT] [Fatal Error] :1:1: Premature end of file.
2026-07-09 00:30:01,012 [ERROR] LogOutputStream:75 - [STDERR_REDIRECT] 
2026-07-09 00:30:02,010 [ERROR] LogOutputStream:75 - [STDERR_REDIRECT] [Fatal Error] :1:1: Premature end of file.
2026-07-09 00:30:02,010 [ERROR] LogOutputStream:75 - [STDERR_REDIRECT] 
2026-07-09 00:30:03,013 [ERROR] LogOutputStream:75 - [STDERR_REDIRECT] [Fatal Error] :1:1: Premature end of file.
2026-07-09 00:30:03,013 [ERROR] LogOutputStream:75 - [STDERR_REDIRECT] 
2026-07-09 00:30:04,008 [ERROR] LogOutputStream:75 - [STDERR_REDIRECT] [Fatal Error] :1:1: Premature end of file.
2026-07-09 00:30:04,008 [ERROR] LogOutputStream:75 - [STDERR_REDIRECT] 
2026-07-09 00:30:05,000 [ERROR] LogOutputStream:75 - [STDERR_REDIRECT] [Fatal Error] :1:1: Premature end of file.
2026-07-09 00:30:05,001 [ERROR] LogOutputStream:75 - [STDERR_REDIRECT] 
2026-07-09 00:30:05,998 [ERROR] LogOutputStream:75 - [STDERR_REDIRECT] [Fatal Error] :1:1: Premature end of file.
2026-07-09 00:30:05,998 [ERROR] LogOutputStream:75 - [STDERR_REDIRECT] 
2026-07-09 00:30:06,999 [ERROR] LogOutputStream:75 - [STDERR_REDIRECT] [Fatal Error] :1:1: Premature end of file.
2026-07-09 00:30:06,999 [ERROR] LogOutputStream:75 - [STDERR_REDIRECT] 
2026-07-09 00:30:08,017 [ERROR] LogOutputStream:75 - [STDERR_REDIRECT] [Fatal Error] :1:1: Premature end of file.
2026-07-09 00:30:08,017 [ERROR] LogOutputStream:75 - [STDERR_REDIRECT] 
2026-07-09 00:30:09,008 [ERROR] LogOutputStream:75 - [STDERR_REDIRECT] [Fatal Error] :1:1: Premature end of file.
2026-07-09 00:30:09,008 [ERROR] LogOutputStream:75 - [STDERR_REDIRECT] 
2026-07-09 00:30:10,008 [ERROR] LogOutputStream:75 - [STDERR_REDIRECT] [Fatal Error] :1:1: Premature end of file.
2026-07-09 00:30:10,008 [ERROR] LogOutputStream:75 - [STDERR_REDIRECT] 
2026-07-09 00:30:11,006 [ERROR] LogOutputStream:75 - [STDERR_REDIRECT] [Fatal Error] :1:1: Premature end of file.
2026-07-09 00:30:11,006 [ERROR] LogOutputStream:75 - [STDERR_REDIRECT] 
2026-07-09 00:30:12,010 [ERROR] LogOutputStream:75 - [STDERR_REDIRECT] [Fatal Error] :1:1: Premature end of file.
2026-07-09 00:30:12,010 [ERROR] LogOutputStream:75 - [STDERR_REDIRECT] 
2026-07-09 00:30:13,005 [ERROR] LogOutputStream:75 - [STDERR_REDIRECT] [Fatal Error] :1:1: Premature end of file.
2026-07-09 00:30:13,006 [ERROR] LogOutputStream:75 - [STDERR_REDIRECT] 
2026-07-09 00:30:14,003 [ERROR] LogOutputStream:75 - [STDERR_REDIRECT] [Fatal Error] :1:1: Premature end of file.
2026-07-09 00:30:14,004 [ERROR] LogOutputStream:75 - [STDERR_REDIRECT] 
2026-07-09 00:30:15,013 [ERROR] LogOutputStream:75 - [STDERR_REDIRECT] [Fatal Error] :1:1: Premature end of file.
2026-07-09 00:30:15,014 [ERROR] LogOutputStream:75 - [STDERR_REDIRECT] 
2026-07-09 00:30:16,013 [ERROR] LogOutputStream:75 - [STDERR_REDIRECT] [Fatal Error] :1:1: Premature end of file.
2026-07-09 00:30:16,014 [ERROR] LogOutputStream:75 - [STDERR_REDIRECT] 
2026-07-09 00:30:17,010 [ERROR] LogOutputStream:75 - [STDERR_REDIRECT] [Fatal Error] :1:1: Premature end of file.
2026-07-09 00:30:17,011 [ERROR] LogOutputStream:75 - [STDERR_REDIRECT] 
2026-07-09 00:30:18,006 [ERROR] LogOutputStream:75 - [STDERR_REDIRECT] [Fatal Error] :1:1: Premature end of file.
2026-07-09 00:30:18,006 [ERROR] LogOutputStream:75 - [STDERR_REDIRECT] 
2026-07-09 00:30:19,033 [ERROR] LogOutputStream:75 - [STDERR_REDIRECT] [Fatal Error] :1:1: Premature end of file.
2026-07-09 00:30:19,036 [ERROR] LogOutputStream:75 - [STDERR_REDIRECT] 
2026-07-09 00:30:20,012 [ERROR] LogOutputStream:75 - [STDERR_REDIRECT] [Fatal Error] :1:1: Premature end of file.
2026-07-09 00:30:20,012 [ERROR] LogOutputStream:75 - [STDERR_REDIRECT] 
2026-07-09 00:30:21,005 [ERROR] LogOutputStream:75 - [STDERR_REDIRECT] [Fatal Error] :1:1: Premature end of file.
2026-07-09 00:30:21,005 [ERROR] LogOutputStream:75 - [STDERR_REDIRECT] 
2026-07-09 00:30:22,012 [ERROR] LogOutputStream:75 - [STDERR_REDIRECT] [Fatal Error] :1:1: Premature end of file.
2026-07-09 00:30:22,012 [ERROR] LogOutputStream:75 - [STDERR_REDIRECT] 
2026-07-09 00:30:23,012 [ERROR] LogOutputStream:75 - [STDERR_REDIRECT] [Fatal Error] :1:1: Premature end of file.
2026-07-09 00:30:23,012 [ERROR] LogOutputStream:75 - [STDERR_REDIRECT] 
2026-07-09 00:30:24,010 [ERROR] LogOutputStream:75 - [STDERR_REDIRECT] [Fatal Error] :1:1: Premature end of file.
2026-07-09 00:30:24,010 [ERROR] LogOutputStream:75 - [STDERR_REDIRECT] 
2026-07-09 00:30:25,007 [ERROR] LogOutputStream:75 - [STDERR_REDIRECT] [Fatal Error] :1:1: Premature end of file.
2026-07-09 00:30:25,008 [ERROR] LogOutputStream:75 - [STDERR_REDIRECT] 
2026-07-09 00:30:26,013 [ERROR] LogOutputStream:75 - [STDERR_REDIRECT] [Fatal Error] :1:1: Premature end of file.
2026-07-09 00:30:26,014 [ERROR] LogOutputStream:75 - [STDERR_REDIRECT] 
2026-07-09 00:30:27,018 [ERROR] LogOutputStream:75 - [STDERR_REDIRECT] [Fatal Error] :1:1: Premature end of file.
2026-07-09 00:30:27,019 [ERROR] LogOutputStream:75 - [STDERR_REDIRECT] 
2026-07-09 00:30:28,018 [ERROR] LogOutputStream:75 - [STDERR_REDIRECT] [Fatal Error] :1:1: Premature end of file.
2026-07-09 00:30:28,018 [ERROR] LogOutputStream:75 - [STDERR_REDIRECT] 
2026-07-09 00:30:29,016 [ERROR] LogOutputStream:75 - [STDERR_REDIRECT] [Fatal Error] :1:1: Premature end of file.
2026-07-09 00:30:29,016 [ERROR] LogOutputStream:75 - [STDERR_REDIRECT] 
2026-07-09 00:30:30,010 [ERROR] LogOutputStream:75 - [STDERR_REDIRECT] [Fatal Error] :1:1: Premature end of file.
2026-07-09 00:30:30,011 [ERROR] LogOutputStream:75 - [STDERR_REDIRECT] 
2026-07-09 00:30:31,012 [ERROR] LogOutputStream:75 - [STDERR_REDIRECT] [Fatal Error] :1:1: Premature end of file.
2026-07-09 00:30:31,012 [ERROR] LogOutputStream:75 - [STDERR_REDIRECT] 
2026-07-09 00:30:32,009 [ERROR] LogOutputStream:75 - [STDERR_REDIRECT] [Fatal Error] :1:1: Premature end of file.
2026-07-09 00:30:32,010 [ERROR] LogOutputStream:75 - [STDERR_REDIRECT] 
2026-07-09 00:30:33,006 [ERROR] LogOutputStream:75 - [STDERR_REDIRECT] [Fatal Error] :1:1: Premature end of file.
2026-07-09 00:30:33,006 [ERROR] LogOutputStream:75 - [STDERR_REDIRECT] 
2026-07-09 00:30:34,005 [ERROR] LogOutputStream:75 - [STDERR_REDIRECT] [Fatal Error] :1:1: Premature end of file.
2026-07-09 00:30:34,006 [ERROR] LogOutputStream:75 - [STDERR_REDIRECT] 
2026-07-09 00:30:35,017 [ERROR] LogOutputStream:75 - [STDERR_REDIRECT] [Fatal Error] :1:1: Premature end of file.
2026-07-09 00:30:35,017 [ERROR] LogOutputStream:75 - [STDERR_REDIRECT] 
2026-07-09 00:30:36,007 [ERROR] LogOutputStream:75 - [STDERR_REDIRECT] [Fatal Error] :1:1: Premature end of file.
2026-07-09 00:30:36,007 [ERROR] LogOutputStream:75 - [STDERR_REDIRECT] 
2026-07-09 00:30:37,004 [ERROR] LogOutputStream:75 - [STDERR_REDIRECT] [Fatal Error] :1:1: Premature end of file.
2026-07-09 00:30:37,004 [ERROR] LogOutputStream:75 - [STDERR_REDIRECT] 
2026-07-09 00:30:38,003 [ERROR] LogOutputStream:75 - [STDERR_REDIRECT] [Fatal Error] :1:1: Premature end of file.
2026-07-09 00:30:38,003 [ERROR] LogOutputStream:75 - [STDERR_REDIRECT] 
2026-07-09 00:30:39,019 [ERROR] LogOutputStream:75 - [STDERR_REDIRECT] [Fatal Error] :1:1: Premature end of file.
2026-07-09 00:30:39,019 [ERROR] LogOutputStream:75 - [STDERR_REDIRECT] 
2026-07-09 00:30:40,010 [ERROR] LogOutputStream:75 - [STDERR_REDIRECT] [Fatal Error] :1:1: Premature end of file.
2026-07-09 00:30:40,010 [ERROR] LogOutputStream:75 - [STDERR_REDIRECT] 
2026-07-09 00:30:41,009 [ERROR] LogOutputStream:75 - [STDERR_REDIRECT] [Fatal Error] :1:1: Premature end of file.
2026-07-09 00:30:41,009 [ERROR] LogOutputStream:75 - [STDERR_REDIRECT] 
2026-07-09 00:30:42,006 [ERROR] LogOutputStream:75 - [STDERR_REDIRECT] [Fatal Error] :1:1: Premature end of file.
2026-07-09 00:30:42,006 [ERROR] LogOutputStream:75 - [STDERR_REDIRECT] 
2026-07-09 00:30:43,020 [ERROR] LogOutputStream:75 - [STDERR_REDIRECT] [Fatal Error] :1:1: Premature end of file.
2026-07-09 00:30:43,021 [ERROR] LogOutputStream:75 - [STDERR_REDIRECT] 
2026-07-09 00:30:44,022 [ERROR] LogOutputStream:75 - [STDERR_REDIRECT] [Fatal Error] :1:1: Premature end of file.
2026-07-09 00:30:44,022 [ERROR] LogOutputStream:75 - [STDERR_REDIRECT] 
2026-07-09 00:30:45,006 [ERROR] LogOutputStream:75 - [STDERR_REDIRECT] [Fatal Error] :1:1: Premature end of file.
2026-07-09 00:30:45,006 [ERROR] LogOutputStream:75 - [STDERR_REDIRECT] 
2026-07-09 00:30:46,006 [ERROR] LogOutputStream:75 - [STDERR_REDIRECT] [Fatal Error] :1:1: Premature end of file.
2026-07-09 00:30:46,006 [ERROR] LogOutputStream:75 - [STDERR_REDIRECT] 
2026-07-09 00:30:47,016 [ERROR] LogOutputStream:75 - [STDERR_REDIRECT] [Fatal Error] :1:1: Premature end of file.
2026-07-09 00:30:47,017 [ERROR] LogOutputStream:75 - [STDERR_REDIRECT] 
2026-07-09 00:30:48,007 [ERROR] LogOutputStream:75 - [STDERR_REDIRECT] [Fatal Error] :1:1: Premature end of file.
2026-07-09 00:30:48,007 [ERROR] LogOutputStream:75 - [STDERR_REDIRECT] 
2026-07-09 00:30:49,011 [ERROR] LogOutputStream:75 - [STDERR_REDIRECT] [Fatal Error] :1:1: Premature end of file.
2026-07-09 00:30:49,012 [ERROR] LogOutputStream:75 - [STDERR_REDIRECT] 
2026-07-09 00:30:50,006 [ERROR] LogOutputStream:75 - [STDERR_REDIRECT] [Fatal Error] :1:1: Premature end of file.
2026-07-09 00:30:50,006 [ERROR] LogOutputStream:75 - [STDERR_REDIRECT] 
2026-07-09 00:30:51,003 [ERROR] LogOutputStream:75 - [STDERR_REDIRECT] [Fatal Error] :1:1: Premature end of file.
2026-07-09 00:30:51,003 [ERROR] LogOutputStream:75 - [STDERR_REDIRECT] 
2026-07-09 00:30:52,021 [ERROR] LogOutputStream:75 - [STDERR_REDIRECT] [Fatal Error] :1:1: Premature end of file.
2026-07-09 00:30:52,022 [ERROR] LogOutputStream:75 - [STDERR_REDIRECT] 
2026-07-09 00:30:53,005 [ERROR] LogOutputStream:75 - [STDERR_REDIRECT] [Fatal Error] :1:1: Premature end of file.
2026-07-09 00:30:53,005 [ERROR] LogOutputStream:75 - [STDERR_REDIRECT] 
2026-07-09 00:30:54,013 [ERROR] LogOutputStream:75 - [STDERR_REDIRECT] [Fatal Error] :1:1: Premature end of file.
2026-07-09 00:30:54,013 [ERROR] LogOutputStream:75 - [STDERR_REDIRECT] 
2026-07-09 00:30:55,007 [ERROR] LogOutputStream:75 - [STDERR_REDIRECT] [Fatal Error] :1:1: Premature end of file.
2026-07-09 00:30:55,007 [ERROR] LogOutputStream:75 - [STDERR_REDIRECT] 
2026-07-09 00:30:56,008 [ERROR] LogOutputStream:75 - [STDERR_REDIRECT] [Fatal Error] :1:1: Premature end of file.
2026-07-09 00:30:56,009 [ERROR] LogOutputStream:75 - [STDERR_REDIRECT] 
2026-07-09 00:30:57,003 [ERROR] LogOutputStream:75 - [STDERR_REDIRECT] [Fatal Error] :1:1: Premature end of file.
2026-07-09 00:30:57,004 [ERROR] LogOutputStream:75 - [STDERR_REDIRECT] 
2026-07-09 00:30:58,011 [ERROR] LogOutputStream:75 - [STDERR_REDIRECT] [Fatal Error] :1:1: Premature end of file.
2026-07-09 00:30:58,011 [ERROR] LogOutputStream:75 - [STDERR_REDIRECT] 
2026-07-09 00:30:59,004 [ERROR] LogOutputStream:75 - [STDERR_REDIRECT] [Fatal Error] :1:1: Premature end of file.
2026-07-09 00:30:59,004 [ERROR] LogOutputStream:75 - [STDERR_REDIRECT] 
2026-07-09 00:31:00,018 [ERROR] LogOutputStream:75 - [STDERR_REDIRECT] [Fatal Error] :1:1: Premature end of file.
2026-07-09 00:31:00,018 [ERROR] LogOutputStream:75 - [STDERR_REDIRECT] 
2026-07-09 00:31:01,015 [ERROR] LogOutputStream:75 - [STDERR_REDIRECT] [Fatal Error] :1:1: Premature end of file.
2026-07-09 00:31:01,015 [ERROR] LogOutputStream:75 - [STDERR_REDIRECT] 
2026-07-09 00:31:02,012 [ERROR] LogOutputStream:75 - [STDERR_REDIRECT] [Fatal Error] :1:1: Premature end of file.
2026-07-09 00:31:02,012 [ERROR] LogOutputStream:75 - [STDERR_REDIRECT] 
2026-07-09 00:31:03,012 [ERROR] LogOutputStream:75 - [STDERR_REDIRECT] [Fatal Error] :1:1: Premature end of file.
2026-07-09 00:31:03,012 [ERROR] LogOutputStream:75 - [STDERR_REDIRECT] 
2026-07-09 00:31:03,999 [ERROR] LogOutputStream:75 - [STDERR_REDIRECT] [Fatal Error] :1:1: Premature end of file.
2026-07-09 00:31:04,000 [ERROR] LogOutputStream:75 - [STDERR_REDIRECT] 
2026-07-09 00:31:05,001 [ERROR] LogOutputStream:75 - [STDERR_REDIRECT] [Fatal Error] :1:1: Premature end of file.
2026-07-09 00:31:05,002 [ERROR] LogOutputStream:75 - [STDERR_REDIRECT] 
2026-07-09 00:31:06,006 [ERROR] LogOutputStream:75 - [STDERR_REDIRECT] [Fatal Error] :1:1: Premature end of file.
2026-07-09 00:31:06,007 [ERROR] LogOutputStream:75 - [STDERR_REDIRECT] 
2026-07-09 00:31:07,015 [ERROR] LogOutputStream:75 - [STDERR_REDIRECT] [Fatal Error] :1:1: Premature end of file.
2026-07-09 00:31:07,015 [ERROR] LogOutputStream:75 - [STDERR_REDIRECT] 
2026-07-09 00:31:08,009 [ERROR] LogOutputStream:75 - [STDERR_REDIRECT] [Fatal Error] :1:1: Premature end of file.
2026-07-09 00:31:08,010 [ERROR] LogOutputStream:75 - [STDERR_REDIRECT] 
2026-07-09 00:31:09,013 [ERROR] LogOutputStream:75 - [STDERR_REDIRECT] [Fatal Error] :1:1: Premature end of file.
2026-07-09 00:31:09,013 [ERROR] LogOutputStream:75 - [STDERR_REDIRECT] 
2026-07-09 00:31:10,017 [ERROR] LogOutputStream:75 - [STDERR_REDIRECT] [Fatal Error] :1:1: Premature end of file.
2026-07-09 00:31:10,018 [ERROR] LogOutputStream:75 - [STDERR_REDIRECT] 
2026-07-09 00:31:11,016 [ERROR] LogOutputStream:75 - [STDERR_REDIRECT] [Fatal Error] :1:1: Premature end of file.
2026-07-09 00:31:11,017 [ERROR] LogOutputStream:75 - [STDERR_REDIRECT] 
2026-07-09 00:31:12,002 [ERROR] LogOutputStream:75 - [STDERR_REDIRECT] [Fatal Error] :1:1: Premature end of file.
2026-07-09 00:31:12,002 [ERROR] LogOutputStream:75 - [STDERR_REDIRECT] 
2026-07-09 00:31:13,005 [ERROR] LogOutputStream:75 - [STDERR_REDIRECT] [Fatal Error] :1:1: Premature end of file.
2026-07-09 00:31:13,005 [ERROR] LogOutputStream:75 - [STDERR_REDIRECT] 
2026-07-09 00:31:14,006 [ERROR] LogOutputStream:75 - [STDERR_REDIRECT] [Fatal Error] :1:1: Premature end of file.
2026-07-09 00:31:14,007 [ERROR] LogOutputStream:75 - [STDERR_REDIRECT] 
2026-07-09 00:31:15,020 [ERROR] LogOutputStream:75 - [STDERR_REDIRECT] [Fatal Error] :1:1: Premature end of file.
2026-07-09 00:31:15,021 [ERROR] LogOutputStream:75 - [STDERR_REDIRECT] 
2026-07-09 00:31:16,016 [ERROR] LogOutputStream:75 - [STDERR_REDIRECT] [Fatal Error] :1:1: Premature end of file.
2026-07-09 00:31:16,016 [ERROR] LogOutputStream:75 - [STDERR_REDIRECT] 
2026-07-09 00:31:17,022 [ERROR] LogOutputStream:75 - [STDERR_REDIRECT] [Fatal Error] :1:1: Premature end of file.
2026-07-09 00:31:17,023 [ERROR] LogOutputStream:75 - [STDERR_REDIRECT] 
2026-07-09 00:31:18,007 [ERROR] LogOutputStream:75 - [STDERR_REDIRECT] [Fatal Error] :1:1: Premature end of file.
2026-07-09 00:31:18,007 [ERROR] LogOutputStream:75 - [STDERR_REDIRECT] 
2026-07-09 00:31:19,022 [ERROR] LogOutputStream:75 - [STDERR_REDIRECT] [Fatal Error] :1:1: Premature end of file.
2026-07-09 00:31:19,023 [ERROR] LogOutputStream:75 - [STDERR_REDIRECT] 
2026-07-09 00:31:20,037 [ERROR] LogOutputStream:75 - [STDERR_REDIRECT] [Fatal Error] :1:1: Premature end of file.
2026-07-09 00:31:20,038 [ERROR] LogOutputStream:75 - [STDERR_REDIRECT] 
2026-07-09 00:31:21,016 [ERROR] LogOutputStream:75 - [STDERR_REDIRECT] [Fatal Error] :1:1: Premature end of file.
2026-07-09 00:31:21,019 [ERROR] LogOutputStream:75 - [STDERR_REDIRECT] 
2026-07-09 00:31:22,016 [ERROR] LogOutputStream:75 - [STDERR_REDIRECT] [Fatal Error] :1:1: Premature end of file.
2026-07-09 00:31:22,017 [ERROR] LogOutputStream:75 - [STDERR_REDIRECT] 
2026-07-09 00:31:23,026 [ERROR] LogOutputStream:75 - [STDERR_REDIRECT] [Fatal Error] :1:1: Premature end of file.
2026-07-09 00:31:23,027 [ERROR] LogOutputStream:75 - [STDERR_REDIRECT] 
2026-07-09 00:31:24,017 [ERROR] LogOutputStream:75 - [STDERR_REDIRECT] [Fatal Error] :1:1: Premature end of file.
2026-07-09 00:31:24,018 [ERROR] LogOutputStream:75 - [STDERR_REDIRECT] 
2026-07-09 00:31:25,020 [ERROR] LogOutputStream:75 - [STDERR_REDIRECT] [Fatal Error] :1:1: Premature end of file.
2026-07-09 00:31:25,020 [ERROR] LogOutputStream:75 - [STDERR_REDIRECT] 
2026-07-09 00:31:26,012 [ERROR] LogOutputStream:75 - [STDERR_REDIRECT] [Fatal Error] :1:1: Premature end of file.
2026-07-09 00:31:26,013 [ERROR] LogOutputStream:75 - [STDERR_REDIRECT] 
2026-07-09 00:31:27,040 [ERROR] LogOutputStream:75 - [STDERR_REDIRECT] [Fatal Error] :1:1: Premature end of file.
2026-07-09 00:31:27,040 [ERROR] LogOutputStream:75 - [STDERR_REDIRECT] 
2026-07-09 00:31:28,020 [ERROR] LogOutputStream:75 - [STDERR_REDIRECT] [Fatal Error] :1:1: Premature end of file.
2026-07-09 00:31:28,020 [ERROR] LogOutputStream:75 - [STDERR_REDIRECT] 
2026-07-09 00:31:29,065 [ERROR] LogOutputStream:75 - [STDERR_REDIRECT] [Fatal Error] :1:1: Premature end of file.
2026-07-09 00:31:29,067 [ERROR] LogOutputStream:75 - [STDERR_REDIRECT] 
2026-07-09 00:31:30,007 [ERROR] LogOutputStream:75 - [STDERR_REDIRECT] [Fatal Error] :1:1: Premature end of file.
2026-07-09 00:31:30,008 [ERROR] LogOutputStream:75 - [STDERR_REDIRECT] 
2026-07-09 00:31:31,007 [ERROR] LogOutputStream:75 - [STDERR_REDIRECT] [Fatal Error] :1:1: Premature end of file.
2026-07-09 00:31:31,008 [ERROR] LogOutputStream:75 - [STDERR_REDIRECT] 
2026-07-09 00:31:32,001 [ERROR] LogOutputStream:75 - [STDERR_REDIRECT] [Fatal Error] :1:1: Premature end of file.
2026-07-09 00:31:32,001 [ERROR] LogOutputStream:75 - [STDERR_REDIRECT] 
2026-07-09 00:31:33,023 [ERROR] LogOutputStream:75 - [STDERR_REDIRECT] [Fatal Error] :1:1: Premature end of file.
2026-07-09 00:31:33,023 [ERROR] LogOutputStream:75 - [STDERR_REDIRECT] 
2026-07-09 00:31:34,010 [ERROR] LogOutputStream:75 - [STDERR_REDIRECT] [Fatal Error] :1:1: Premature end of file.
2026-07-09 00:31:34,010 [ERROR] LogOutputStream:75 - [STDERR_REDIRECT] 
2026-07-09 00:31:35,012 [ERROR] LogOutputStream:75 - [STDERR_REDIRECT] [Fatal Error] :1:1: Premature end of file.
2026-07-09 00:31:35,013 [ERROR] LogOutputStream:75 - [STDERR_REDIRECT] 
2026-07-09 00:31:36,008 [ERROR] LogOutputStream:75 - [STDERR_REDIRECT] [Fatal Error] :1:1: Premature end of file.
2026-07-09 00:31:36,009 [ERROR] LogOutputStream:75 - [STDERR_REDIRECT] 
2026-07-09 00:31:37,006 [ERROR] LogOutputStream:75 - [STDERR_REDIRECT] [Fatal Error] :1:1: Premature end of file.
2026-07-09 00:31:37,006 [ERROR] LogOutputStream:75 - [STDERR_REDIRECT] 
2026-07-09 00:31:38,007 [ERROR] LogOutputStream:75 - [STDERR_REDIRECT] [Fatal Error] :1:1: Premature end of file.
2026-07-09 00:31:38,008 [ERROR] LogOutputStream:75 - [STDERR_REDIRECT] 
2026-07-09 00:31:39,004 [ERROR] LogOutputStream:75 - [STDERR_REDIRECT] [Fatal Error] :1:1: Premature end of file.
2026-07-09 00:31:39,004 [ERROR] LogOutputStream:75 - [STDERR_REDIRECT] 
2026-07-09 00:31:40,003 [ERROR] LogOutputStream:75 - [STDERR_REDIRECT] [Fatal Error] :1:1: Premature end of file.
2026-07-09 00:31:40,003 [ERROR] LogOutputStream:75 - [STDERR_REDIRECT] 
2026-07-09 00:31:41,014 [ERROR] LogOutputStream:75 - [STDERR_REDIRECT] [Fatal Error] :1:1: Premature end of file.
2026-07-09 00:31:41,015 [ERROR] LogOutputStream:75 - [STDERR_REDIRECT] 
2026-07-09 00:31:42,008 [ERROR] LogOutputStream:75 - [STDERR_REDIRECT] [Fatal Error] :1:1: Premature end of file.
2026-07-09 00:31:42,008 [ERROR] LogOutputStream:75 - [STDERR_REDIRECT] 
2026-07-09 00:31:43,008 [ERROR] LogOutputStream:75 - [STDERR_REDIRECT] [Fatal Error] :1:1: Premature end of file.
2026-07-09 00:31:43,008 [ERROR] LogOutputStream:75 - [STDERR_REDIRECT] 
2026-07-09 00:31:44,006 [ERROR] LogOutputStream:75 - [STDERR_REDIRECT] [Fatal Error] :1:1: Premature end of file.
2026-07-09 00:31:44,006 [ERROR] LogOutputStream:75 - [STDERR_REDIRECT] 
2026-07-09 00:31:45,008 [ERROR] LogOutputStream:75 - [STDERR_REDIRECT] [Fatal Error] :1:1: Premature end of file.
2026-07-09 00:31:45,008 [ERROR] LogOutputStream:75 - [STDERR_REDIRECT] 
2026-07-09 00:31:46,003 [ERROR] LogOutputStream:75 - [STDERR_REDIRECT] [Fatal Error] :1:1: Premature end of file.
2026-07-09 00:31:46,003 [ERROR] LogOutputStream:75 - [STDERR_REDIRECT] 
2026-07-09 00:31:47,007 [ERROR] LogOutputStream:75 - [STDERR_REDIRECT] [Fatal Error] :1:1: Premature end of file.
2026-07-09 00:31:47,007 [ERROR] LogOutputStream:75 - [STDERR_REDIRECT] 
2026-07-09 00:31:48,006 [ERROR] LogOutputStream:75 - [STDERR_REDIRECT] [Fatal Error] :1:1: Premature end of file.
2026-07-09 00:31:48,006 [ERROR] LogOutputStream:75 - [STDERR_REDIRECT] 
2026-07-09 00:31:49,008 [ERROR] LogOutputStream:75 - [STDERR_REDIRECT] [Fatal Error] :1:1: Premature end of file.
2026-07-09 00:31:49,008 [ERROR] LogOutputStream:75 - [STDERR_REDIRECT] 
2026-07-09 00:31:50,019 [ERROR] LogOutputStream:75 - [STDERR_REDIRECT] [Fatal Error] :1:1: Premature end of file.
2026-07-09 00:31:50,019 [ERROR] LogOutputStream:75 - [STDERR_REDIRECT] 
2026-07-09 00:31:51,017 [ERROR] LogOutputStream:75 - [STDERR_REDIRECT] [Fatal Error] :1:1: Premature end of file.
2026-07-09 00:31:51,017 [ERROR] LogOutputStream:75 - [STDERR_REDIRECT] 
2026-07-09 00:31:52,004 [ERROR] LogOutputStream:75 - [STDERR_REDIRECT] [Fatal Error] :1:1: Premature end of file.
2026-07-09 00:31:52,005 [ERROR] LogOutputStream:75 - [STDERR_REDIRECT] 
2026-07-09 00:31:53,005 [ERROR] LogOutputStream:75 - [STDERR_REDIRECT] [Fatal Error] :1:1: Premature end of file.
2026-07-09 00:31:53,006 [ERROR] LogOutputStream:75 - [STDERR_REDIRECT] 
2026-07-09 00:31:54,004 [ERROR] LogOutputStream:75 - [STDERR_REDIRECT] [Fatal Error] :1:1: Premature end of file.
2026-07-09 00:31:54,005 [ERROR] LogOutputStream:75 - [STDERR_REDIRECT] 
2026-07-09 00:31:55,003 [ERROR] LogOutputStream:75 - [STDERR_REDIRECT] [Fatal Error] :1:1: Premature end of file.
2026-07-09 00:31:55,003 [ERROR] LogOutputStream:75 - [STDERR_REDIRECT] 
2026-07-09 00:31:56,020 [ERROR] LogOutputStream:75 - [STDERR_REDIRECT] [Fatal Error] :1:1: Premature end of file.
2026-07-09 00:31:56,020 [ERROR] LogOutputStream:75 - [STDERR_REDIRECT] 
2026-07-09 00:31:57,005 [ERROR] LogOutputStream:75 - [STDERR_REDIRECT] [Fatal Error] :1:1: Premature end of file.
2026-07-09 00:31:57,005 [ERROR] LogOutputStream:75 - [STDERR_REDIRECT] 
2026-07-09 00:31:58,003 [ERROR] LogOutputStream:75 - [STDERR_REDIRECT] [Fatal Error] :1:1: Premature end of file.
2026-07-09 00:31:58,004 [ERROR] LogOutputStream:75 - [STDERR_REDIRECT] 
2026-07-09 00:31:59,015 [ERROR] LogOutputStream:75 - [STDERR_REDIRECT] [Fatal Error] :1:1: Premature end of file.
2026-07-09 00:31:59,015 [ERROR] LogOutputStream:75 - [STDERR_REDIRECT] 
2026-07-09 00:32:00,026 [ERROR] LogOutputStream:75 - [STDERR_REDIRECT] [Fatal Error] :1:1: Premature end of file.
2026-07-09 00:32:00,027 [ERROR] LogOutputStream:75 - [STDERR_REDIRECT] 
2026-07-09 00:32:01,034 [ERROR] LogOutputStream:75 - [STDERR_REDIRECT] [Fatal Error] :1:1: Premature end of file.
2026-07-09 00:32:01,034 [ERROR] LogOutputStream:75 - [STDERR_REDIRECT] 
2026-07-09 00:32:02,004 [ERROR] LogOutputStream:75 - [STDERR_REDIRECT] [Fatal Error] :1:1: Premature end of file.
2026-07-09 00:32:02,004 [ERROR] LogOutputStream:75 - [STDERR_REDIRECT] 
2026-07-09 00:32:03,004 [ERROR] LogOutputStream:75 - [STDERR_REDIRECT] [Fatal Error] :1:1: Premature end of file.
2026-07-09 00:32:03,004 [ERROR] LogOutputStream:75 - [STDERR_REDIRECT] 
2026-07-09 00:32:04,015 [ERROR] LogOutputStream:75 - [STDERR_REDIRECT] [Fatal Error] :1:1: Premature end of file.
2026-07-09 00:32:04,016 [ERROR] LogOutputStream:75 - [STDERR_REDIRECT] 
2026-07-09 00:32:05,013 [ERROR] LogOutputStream:75 - [STDERR_REDIRECT] [Fatal Error] :1:1: Premature end of file.
2026-07-09 00:32:05,013 [ERROR] LogOutputStream:75 - [STDERR_REDIRECT] 
2026-07-09 00:32:06,018 [ERROR] LogOutputStream:75 - [STDERR_REDIRECT] [Fatal Error] :1:1: Premature end of file.
2026-07-09 00:32:06,018 [ERROR] LogOutputStream:75 - [STDERR_REDIRECT] 
2026-07-09 00:32:07,018 [ERROR] LogOutputStream:75 - [STDERR_REDIRECT] [Fatal Error] :1:1: Premature end of file.
2026-07-09 00:32:07,018 [ERROR] LogOutputStream:75 - [STDERR_REDIRECT] 
2026-07-09 00:32:08,004 [ERROR] LogOutputStream:75 - [STDERR_REDIRECT] [Fatal Error] :1:1: Premature end of file.
2026-07-09 00:32:08,007 [ERROR] LogOutputStream:75 - [STDERR_REDIRECT] 
2026-07-09 00:32:09,002 [ERROR] LogOutputStream:75 - [STDERR_REDIRECT] [Fatal Error] :1:1: Premature end of file.
2026-07-09 00:32:09,002 [ERROR] LogOutputStream:75 - [STDERR_REDIRECT] 
2026-07-09 00:32:09,998 [ERROR] LogOutputStream:75 - [STDERR_REDIRECT] [Fatal Error] :1:1: Premature end of file.
2026-07-09 00:32:09,999 [ERROR] LogOutputStream:75 - [STDERR_REDIRECT] 
2026-07-09 00:32:11,012 [ERROR] LogOutputStream:75 - [STDERR_REDIRECT] [Fatal Error] :1:1: Premature end of file.
2026-07-09 00:32:11,012 [ERROR] LogOutputStream:75 - [STDERR_REDIRECT] 
2026-07-09 00:32:12,014 [ERROR] LogOutputStream:75 - [STDERR_REDIRECT] [Fatal Error] :1:1: Premature end of file.
2026-07-09 00:32:12,015 [ERROR] LogOutputStream:75 - [STDERR_REDIRECT] 
2026-07-09 00:32:13,015 [ERROR] LogOutputStream:75 - [STDERR_REDIRECT] [Fatal Error] :1:1: Premature end of file.
2026-07-09 00:32:13,016 [ERROR] LogOutputStream:75 - [STDERR_REDIRECT] 
2026-07-09 00:32:14,016 [ERROR] LogOutputStream:75 - [STDERR_REDIRECT] [Fatal Error] :1:1: Premature end of file.
2026-07-09 00:32:14,016 [ERROR] LogOutputStream:75 - [STDERR_REDIRECT] 
2026-07-09 00:32:15,015 [ERROR] LogOutputStream:75 - [STDERR_REDIRECT] [Fatal Error] :1:1: Premature end of file.
2026-07-09 00:32:15,015 [ERROR] LogOutputStream:75 - [STDERR_REDIRECT] 
2026-07-09 00:32:16,016 [ERROR] LogOutputStream:75 - [STDERR_REDIRECT] [Fatal Error] :1:1: Premature end of file.
2026-07-09 00:32:16,017 [ERROR] LogOutputStream:75 - [STDERR_REDIRECT] 
2026-07-09 00:32:17,005 [ERROR] LogOutputStream:75 - [STDERR_REDIRECT] [Fatal Error] :1:1: Premature end of file.
2026-07-09 00:32:17,006 [ERROR] LogOutputStream:75 - [STDERR_REDIRECT] 
2026-07-09 00:32:18,011 [ERROR] LogOutputStream:75 - [STDERR_REDIRECT] [Fatal Error] :1:1: Premature end of file.
2026-07-09 00:32:18,012 [ERROR] LogOutputStream:75 - [STDERR_REDIRECT] 
2026-07-09 00:32:19,004 [ERROR] LogOutputStream:75 - [STDERR_REDIRECT] [Fatal Error] :1:1: Premature end of file.
2026-07-09 00:32:19,004 [ERROR] LogOutputStream:75 - [STDERR_REDIRECT] 
2026-07-09 00:32:20,005 [ERROR] LogOutputStream:75 - [STDERR_REDIRECT] [Fatal Error] :1:1: Premature end of file.
2026-07-09 00:32:20,005 [ERROR] LogOutputStream:75 - [STDERR_REDIRECT] 
2026-07-09 00:32:21,009 [ERROR] LogOutputStream:75 - [STDERR_REDIRECT] [Fatal Error] :1:1: Premature end of file.
2026-07-09 00:32:21,010 [ERROR] LogOutputStream:75 - [STDERR_REDIRECT] 
2026-07-09 00:32:22,014 [ERROR] LogOutputStream:75 - [STDERR_REDIRECT] [Fatal Error] :1:1: Premature end of file.
2026-07-09 00:32:22,014 [ERROR] LogOutputStream:75 - [STDERR_REDIRECT] 
2026-07-09 00:32:23,021 [ERROR] LogOutputStream:75 - [STDERR_REDIRECT] [Fatal Error] :1:1: Premature end of file.
2026-07-09 00:32:23,021 [ERROR] LogOutputStream:75 - [STDERR_REDIRECT] 
2026-07-09 00:32:24,013 [ERROR] LogOutputStream:75 - [STDERR_REDIRECT] [Fatal Error] :1:1: Premature end of file.
2026-07-09 00:32:24,014 [ERROR] LogOutputStream:75 - [STDERR_REDIRECT] 
2026-07-09 00:32:25,009 [ERROR] LogOutputStream:75 - [STDERR_REDIRECT] [Fatal Error] :1:1: Premature end of file.
2026-07-09 00:32:25,009 [ERROR] LogOutputStream:75 - [STDERR_REDIRECT] 
2026-07-09 00:32:26,014 [ERROR] LogOutputStream:75 - [STDERR_REDIRECT] [Fatal Error] :1:1: Premature end of file.
2026-07-09 00:32:26,014 [ERROR] LogOutputStream:75 - [STDERR_REDIRECT] 
2026-07-09 00:32:27,009 [ERROR] LogOutputStream:75 - [STDERR_REDIRECT] [Fatal Error] :1:1: Premature end of file.
2026-07-09 00:32:27,010 [ERROR] LogOutputStream:75 - [STDERR_REDIRECT] 
2026-07-09 00:32:28,006 [ERROR] LogOutputStream:75 - [STDERR_REDIRECT] [Fatal Error] :1:1: Premature end of file.
2026-07-09 00:32:28,007 [ERROR] LogOutputStream:75 - [STDERR_REDIRECT] 
2026-07-09 00:32:29,003 [ERROR] LogOutputStream:75 - [STDERR_REDIRECT] [Fatal Error] :1:1: Premature end of file.
2026-07-09 00:32:29,004 [ERROR] LogOutputStream:75 - [STDERR_REDIRECT] 
2026-07-09 00:32:30,003 [ERROR] LogOutputStream:75 - [STDERR_REDIRECT] [Fatal Error] :1:1: Premature end of file.
2026-07-09 00:32:30,004 [ERROR] LogOutputStream:75 - [STDERR_REDIRECT] 
2026-07-09 00:32:31,011 [ERROR] LogOutputStream:75 - [STDERR_REDIRECT] [Fatal Error] :1:1: Premature end of file.
2026-07-09 00:32:31,012 [ERROR] LogOutputStream:75 - [STDERR_REDIRECT] 
2026-07-09 00:32:32,012 [ERROR] LogOutputStream:75 - [STDERR_REDIRECT] [Fatal Error] :1:1: Premature end of file.
2026-07-09 00:32:32,013 [ERROR] LogOutputStream:75 - [STDERR_REDIRECT] 
2026-07-09 00:32:33,011 [ERROR] LogOutputStream:75 - [STDERR_REDIRECT] [Fatal Error] :1:1: Premature end of file.
2026-07-09 00:32:33,011 [ERROR] LogOutputStream:75 - [STDERR_REDIRECT] 
2026-07-09 00:32:34,011 [ERROR] LogOutputStream:75 - [STDERR_REDIRECT] [Fatal Error] :1:1: Premature end of file.
2026-07-09 00:32:34,011 [ERROR] LogOutputStream:75 - [STDERR_REDIRECT] 
2026-07-09 00:32:35,018 [ERROR] LogOutputStream:75 - [STDERR_REDIRECT] [Fatal Error] :1:1: Premature end of file.
2026-07-09 00:32:35,018 [ERROR] LogOutputStream:75 - [STDERR_REDIRECT] 
2026-07-09 00:32:36,010 [ERROR] LogOutputStream:75 - [STDERR_REDIRECT] [Fatal Error] :1:1: Premature end of file.
2026-07-09 00:32:36,010 [ERROR] LogOutputStream:75 - [STDERR_REDIRECT] 
2026-07-09 00:32:37,009 [ERROR] LogOutputStream:75 - [STDERR_REDIRECT] [Fatal Error] :1:1: Premature end of file.
2026-07-09 00:32:37,009 [ERROR] LogOutputStream:75 - [STDERR_REDIRECT] 
2026-07-09 00:32:38,010 [ERROR] LogOutputStream:75 - [STDERR_REDIRECT] [Fatal Error] :1:1: Premature end of file.
2026-07-09 00:32:38,010 [ERROR] LogOutputStream:75 - [STDERR_REDIRECT] 
2026-07-09 00:32:39,010 [ERROR] LogOutputStream:75 - [STDERR_REDIRECT] [Fatal Error] :1:1: Premature end of file.
2026-07-09 00:32:39,010 [ERROR] LogOutputStream:75 - [STDERR_REDIRECT] 
2026-07-09 00:32:40,017 [ERROR] LogOutputStream:75 - [STDERR_REDIRECT] [Fatal Error] :1:1: Premature end of file.
2026-07-09 00:32:40,017 [ERROR] LogOutputStream:75 - [STDERR_REDIRECT] 
2026-07-09 00:32:41,011 [ERROR] LogOutputStream:75 - [STDERR_REDIRECT] [Fatal Error] :1:1: Premature end of file.
2026-07-09 00:32:41,011 [ERROR] LogOutputStream:75 - [STDERR_REDIRECT] 
2026-07-09 00:32:42,006 [ERROR] LogOutputStream:75 - [STDERR_REDIRECT] [Fatal Error] :1:1: Premature end of file.
2026-07-09 00:32:42,006 [ERROR] LogOutputStream:75 - [STDERR_REDIRECT] 
2026-07-09 00:32:43,008 [ERROR] LogOutputStream:75 - [STDERR_REDIRECT] [Fatal Error] :1:1: Premature end of file.
2026-07-09 00:32:43,008 [ERROR] LogOutputStream:75 - [STDERR_REDIRECT] 
2026-07-09 00:32:44,003 [ERROR] LogOutputStream:75 - [STDERR_REDIRECT] [Fatal Error] :1:1: Premature end of file.
2026-07-09 00:32:44,004 [ERROR] LogOutputStream:75 - [STDERR_REDIRECT] 
2026-07-09 00:32:45,005 [ERROR] LogOutputStream:75 - [STDERR_REDIRECT] [Fatal Error] :1:1: Premature end of file.
2026-07-09 00:32:45,005 [ERROR] LogOutputStream:75 - [STDERR_REDIRECT] 
2026-07-09 00:32:46,017 [ERROR] LogOutputStream:75 - [STDERR_REDIRECT] [Fatal Error] :1:1: Premature end of file.
2026-07-09 00:32:46,017 [ERROR] LogOutputStream:75 - [STDERR_REDIRECT] 
2026-07-09 00:32:47,014 [ERROR] LogOutputStream:75 - [STDERR_REDIRECT] [Fatal Error] :1:1: Premature end of file.
2026-07-09 00:32:47,014 [ERROR] LogOutputStream:75 - [STDERR_REDIRECT] 
2026-07-09 00:32:48,010 [ERROR] LogOutputStream:75 - [STDERR_REDIRECT] [Fatal Error] :1:1: Premature end of file.
2026-07-09 00:32:48,013 [ERROR] LogOutputStream:75 - [STDERR_REDIRECT] 
2026-07-09 00:32:49,007 [ERROR] LogOutputStream:75 - [STDERR_REDIRECT] [Fatal Error] :1:1: Premature end of file.
2026-07-09 00:32:49,007 [ERROR] LogOutputStream:75 - [STDERR_REDIRECT] 
2026-07-09 00:32:50,007 [ERROR] LogOutputStream:75 - [STDERR_REDIRECT] [Fatal Error] :1:1: Premature end of file.
2026-07-09 00:32:50,007 [ERROR] LogOutputStream:75 - [STDERR_REDIRECT] 
2026-07-09 00:32:51,007 [ERROR] LogOutputStream:75 - [STDERR_REDIRECT] [Fatal Error] :1:1: Premature end of file.
2026-07-09 00:32:51,007 [ERROR] LogOutputStream:75 - [STDERR_REDIRECT] 
2026-07-09 00:32:52,003 [ERROR] LogOutputStream:75 - [STDERR_REDIRECT] [Fatal Error] :1:1: Premature end of file.
2026-07-09 00:32:52,003 [ERROR] LogOutputStream:75 - [STDERR_REDIRECT] 
2026-07-09 00:32:53,006 [ERROR] LogOutputStream:75 - [STDERR_REDIRECT] [Fatal Error] :1:1: Premature end of file.
2026-07-09 00:32:53,006 [ERROR] LogOutputStream:75 - [STDERR_REDIRECT] 
2026-07-09 00:32:54,037 [ERROR] LogOutputStream:75 - [STDERR_REDIRECT] [Fatal Error] :1:1: Premature end of file.
2026-07-09 00:32:54,037 [ERROR] LogOutputStream:75 - [STDERR_REDIRECT] 
2026-07-09 00:32:55,016 [ERROR] LogOutputStream:75 - [STDERR_REDIRECT] [Fatal Error] :1:1: Premature end of file.
2026-07-09 00:32:55,016 [ERROR] LogOutputStream:75 - [STDERR_REDIRECT] 
2026-07-09 00:32:56,005 [ERROR] LogOutputStream:75 - [STDERR_REDIRECT] [Fatal Error] :1:1: Premature end of file.
2026-07-09 00:32:56,005 [ERROR] LogOutputStream:75 - [STDERR_REDIRECT] 
2026-07-09 00:32:57,010 [ERROR] LogOutputStream:75 - [STDERR_REDIRECT] [Fatal Error] :1:1: Premature end of file.
2026-07-09 00:32:57,011 [ERROR] LogOutputStream:75 - [STDERR_REDIRECT] 
2026-07-09 00:32:58,004 [ERROR] LogOutputStream:75 - [STDERR_REDIRECT] [Fatal Error] :1:1: Premature end of file.
2026-07-09 00:32:58,005 [ERROR] LogOutputStream:75 - [STDERR_REDIRECT] 
2026-07-09 00:32:59,015 [ERROR] LogOutputStream:75 - [STDERR_REDIRECT] [Fatal Error] :1:1: Premature end of file.
2026-07-09 00:32:59,015 [ERROR] LogOutputStream:75 - [STDERR_REDIRECT] 
2026-07-09 00:33:00,022 [ERROR] LogOutputStream:75 - [STDERR_REDIRECT] [Fatal Error] :1:1: Premature end of file.
2026-07-09 00:33:00,023 [ERROR] LogOutputStream:75 - [STDERR_REDIRECT] 
2026-07-09 00:33:01,020 [ERROR] LogOutputStream:75 - [STDERR_REDIRECT] [Fatal Error] :1:1: Premature end of file.
2026-07-09 00:33:01,020 [ERROR] LogOutputStream:75 - [STDERR_REDIRECT] 
2026-07-09 00:33:02,013 [ERROR] LogOutputStream:75 - [STDERR_REDIRECT] [Fatal Error] :1:1: Premature end of file.
2026-07-09 00:33:02,013 [ERROR] LogOutputStream:75 - [STDERR_REDIRECT] 
2026-07-09 00:33:03,012 [ERROR] LogOutputStream:75 - [STDERR_REDIRECT] [Fatal Error] :1:1: Premature end of file.
2026-07-09 00:33:03,012 [ERROR] LogOutputStream:75 - [STDERR_REDIRECT] 
2026-07-09 00:33:04,005 [ERROR] LogOutputStream:75 - [STDERR_REDIRECT] [Fatal Error] :1:1: Premature end of file.
2026-07-09 00:33:04,006 [ERROR] LogOutputStream:75 - [STDERR_REDIRECT] 
2026-07-09 00:33:05,011 [ERROR] LogOutputStream:75 - [STDERR_REDIRECT] [Fatal Error] :1:1: Premature end of file.
2026-07-09 00:33:05,012 [ERROR] LogOutputStream:75 - [STDERR_REDIRECT] 
2026-07-09 00:33:06,001 [ERROR] LogOutputStream:75 - [STDERR_REDIRECT] [Fatal Error] :1:1: Premature end of file.
2026-07-09 00:33:06,002 [ERROR] LogOutputStream:75 - [STDERR_REDIRECT] 
2026-07-09 00:33:07,002 [ERROR] LogOutputStream:75 - [STDERR_REDIRECT] [Fatal Error] :1:1: Premature end of file.
2026-07-09 00:33:07,003 [ERROR] LogOutputStream:75 - [STDERR_REDIRECT] 
2026-07-09 00:33:08,015 [ERROR] LogOutputStream:75 - [STDERR_REDIRECT] [Fatal Error] :1:1: Premature end of file.
2026-07-09 00:33:08,015 [ERROR] LogOutputStream:75 - [STDERR_REDIRECT] 
2026-07-09 00:33:09,002 [ERROR] LogOutputStream:75 - [STDERR_REDIRECT] [Fatal Error] :1:1: Premature end of file.
2026-07-09 00:33:09,003 [ERROR] LogOutputStream:75 - [STDERR_REDIRECT] 
2026-07-09 00:33:10,016 [ERROR] LogOutputStream:75 - [STDERR_REDIRECT] [Fatal Error] :1:1: Premature end of file.
2026-07-09 00:33:10,016 [ERROR] LogOutputStream:75 - [STDERR_REDIRECT] 
2026-07-09 00:33:11,023 [ERROR] LogOutputStream:75 - [STDERR_REDIRECT] [Fatal Error] :1:1: Premature end of file.
2026-07-09 00:33:11,024 [ERROR] LogOutputStream:75 - [STDERR_REDIRECT] 
2026-07-09 00:33:12,041 [ERROR] LogOutputStream:75 - [STDERR_REDIRECT] [Fatal Error] :1:1: Premature end of file.
2026-07-09 00:33:12,042 [ERROR] LogOutputStream:75 - [STDERR_REDIRECT] 
2026-07-09 00:33:13,024 [ERROR] LogOutputStream:75 - [STDERR_REDIRECT] [Fatal Error] :1:1: Premature end of file.
2026-07-09 00:33:13,024 [ERROR] LogOutputStream:75 - [STDERR_REDIRECT] 
2026-07-09 00:33:14,040 [ERROR] LogOutputStream:75 - [STDERR_REDIRECT] [Fatal Error] :1:1: Premature end of file.
2026-07-09 00:33:14,040 [ERROR] LogOutputStream:75 - [STDERR_REDIRECT] 
2026-07-09 00:33:15,023 [ERROR] LogOutputStream:75 - [STDERR_REDIRECT] [Fatal Error] :1:1: Premature end of file.
2026-07-09 00:33:15,024 [ERROR] LogOutputStream:75 - [STDERR_REDIRECT] 
2026-07-09 00:33:16,011 [ERROR] LogOutputStream:75 - [STDERR_REDIRECT] [Fatal Error] :1:1: Premature end of file.
2026-07-09 00:33:16,011 [ERROR] LogOutputStream:75 - [STDERR_REDIRECT] 
2026-07-09 00:33:17,016 [ERROR] LogOutputStream:75 - [STDERR_REDIRECT] [Fatal Error] :1:1: Premature end of file.
2026-07-09 00:33:17,016 [ERROR] LogOutputStream:75 - [STDERR_REDIRECT] 
2026-07-09 00:33:18,012 [ERROR] LogOutputStream:75 - [STDERR_REDIRECT] [Fatal Error] :1:1: Premature end of file.
2026-07-09 00:33:18,012 [ERROR] LogOutputStream:75 - [STDERR_REDIRECT] 
2026-07-09 00:33:19,008 [ERROR] LogOutputStream:75 - [STDERR_REDIRECT] [Fatal Error] :1:1: Premature end of file.
2026-07-09 00:33:19,009 [ERROR] LogOutputStream:75 - [STDERR_REDIRECT] 
2026-07-09 00:33:20,022 [ERROR] LogOutputStream:75 - [STDERR_REDIRECT] [Fatal Error] :1:1: Premature end of file.
2026-07-09 00:33:20,022 [ERROR] LogOutputStream:75 - [STDERR_REDIRECT] 
2026-07-09 00:33:21,015 [ERROR] LogOutputStream:75 - [STDERR_REDIRECT] [Fatal Error] :1:1: Premature end of file.
2026-07-09 00:33:21,016 [ERROR] LogOutputStream:75 - [STDERR_REDIRECT] 
2026-07-09 00:33:22,022 [ERROR] LogOutputStream:75 - [STDERR_REDIRECT] [Fatal Error] :1:1: Premature end of file.
2026-07-09 00:33:22,022 [ERROR] LogOutputStream:75 - [STDERR_REDIRECT] 
2026-07-09 00:33:23,049 [ERROR] LogOutputStream:75 - [STDERR_REDIRECT] [Fatal Error] :1:1: Premature end of file.
2026-07-09 00:33:23,050 [ERROR] LogOutputStream:75 - [STDERR_REDIRECT] 
2026-07-09 00:33:24,007 [ERROR] LogOutputStream:75 - [STDERR_REDIRECT] [Fatal Error] :1:1: Premature end of file.
2026-07-09 00:33:24,007 [ERROR] LogOutputStream:75 - [STDERR_REDIRECT] 
2026-07-09 00:33:25,021 [ERROR] LogOutputStream:75 - [STDERR_REDIRECT] [Fatal Error] :1:1: Premature end of file.
2026-07-09 00:33:25,021 [ERROR] LogOutputStream:75 - [STDERR_REDIRECT] 
2026-07-09 00:33:26,014 [ERROR] LogOutputStream:75 - [STDERR_REDIRECT] [Fatal Error] :1:1: Premature end of file.
2026-07-09 00:33:26,014 [ERROR] LogOutputStream:75 - [STDERR_REDIRECT] 
2026-07-09 00:33:27,032 [ERROR] LogOutputStream:75 - [STDERR_REDIRECT] [Fatal Error] :1:1: Premature end of file.
2026-07-09 00:33:27,033 [ERROR] LogOutputStream:75 - [STDERR_REDIRECT] 
2026-07-09 00:33:28,027 [ERROR] LogOutputStream:75 - [STDERR_REDIRECT] [Fatal Error] :1:1: Premature end of file.
2026-07-09 00:33:28,027 [ERROR] LogOutputStream:75 - [STDERR_REDIRECT] 
2026-07-09 00:33:29,020 [ERROR] LogOutputStream:75 - [STDERR_REDIRECT] [Fatal Error] :1:1: Premature end of file.
2026-07-09 00:33:29,020 [ERROR] LogOutputStream:75 - [STDERR_REDIRECT] 
2026-07-09 00:33:30,012 [ERROR] LogOutputStream:75 - [STDERR_REDIRECT] [Fatal Error] :1:1: Premature end of file.
2026-07-09 00:33:30,013 [ERROR] LogOutputStream:75 - [STDERR_REDIRECT] 
2026-07-09 00:33:31,013 [ERROR] LogOutputStream:75 - [STDERR_REDIRECT] [Fatal Error] :1:1: Premature end of file.
2026-07-09 00:33:31,013 [ERROR] LogOutputStream:75 - [STDERR_REDIRECT] 
2026-07-09 00:33:32,011 [ERROR] LogOutputStream:75 - [STDERR_REDIRECT] [Fatal Error] :1:1: Premature end of file.
2026-07-09 00:33:32,012 [ERROR] LogOutputStream:75 - [STDERR_REDIRECT] 
2026-07-09 00:33:33,011 [ERROR] LogOutputStream:75 - [STDERR_REDIRECT] [Fatal Error] :1:1: Premature end of file.
2026-07-09 00:33:33,011 [ERROR] LogOutputStream:75 - [STDERR_REDIRECT] 
2026-07-09 00:33:34,019 [ERROR] LogOutputStream:75 - [STDERR_REDIRECT] [Fatal Error] :1:1: Premature end of file.
2026-07-09 00:33:34,019 [ERROR] LogOutputStream:75 - [STDERR_REDIRECT] 
2026-07-09 00:33:35,005 [ERROR] LogOutputStream:75 - [STDERR_REDIRECT] [Fatal Error] :1:1: Premature end of file.
2026-07-09 00:33:35,005 [ERROR] LogOutputStream:75 - [STDERR_REDIRECT] 
2026-07-09 00:33:36,011 [ERROR] LogOutputStream:75 - [STDERR_REDIRECT] [Fatal Error] :1:1: Premature end of file.
2026-07-09 00:33:36,011 [ERROR] LogOutputStream:75 - [STDERR_REDIRECT] 
2026-07-09 00:33:37,018 [ERROR] LogOutputStream:75 - [STDERR_REDIRECT] [Fatal Error] :1:1: Premature end of file.
2026-07-09 00:33:37,018 [ERROR] LogOutputStream:75 - [STDERR_REDIRECT] 
2026-07-09 00:33:38,017 [ERROR] LogOutputStream:75 - [STDERR_REDIRECT] [Fatal Error] :1:1: Premature end of file.
2026-07-09 00:33:38,018 [ERROR] LogOutputStream:75 - [STDERR_REDIRECT] 
2026-07-09 00:33:39,015 [ERROR] LogOutputStream:75 - [STDERR_REDIRECT] [Fatal Error] :1:1: Premature end of file.
2026-07-09 00:33:39,016 [ERROR] LogOutputStream:75 - [STDERR_REDIRECT] 
2026-07-09 00:33:40,017 [ERROR] LogOutputStream:75 - [STDERR_REDIRECT] [Fatal Error] :1:1: Premature end of file.
2026-07-09 00:33:40,017 [ERROR] LogOutputStream:75 - [STDERR_REDIRECT] 
2026-07-09 00:33:41,016 [ERROR] LogOutputStream:75 - [STDERR_REDIRECT] [Fatal Error] :1:1: Premature end of file.
2026-07-09 00:33:41,017 [ERROR] LogOutputStream:75 - [STDERR_REDIRECT] 
2026-07-09 00:33:42,018 [ERROR] LogOutputStream:75 - [STDERR_REDIRECT] [Fatal Error] :1:1: Premature end of file.
2026-07-09 00:33:42,019 [ERROR] LogOutputStream:75 - [STDERR_REDIRECT] 
2026-07-09 00:33:43,016 [ERROR] LogOutputStream:75 - [STDERR_REDIRECT] [Fatal Error] :1:1: Premature end of file.
2026-07-09 00:33:43,016 [ERROR] LogOutputStream:75 - [STDERR_REDIRECT] 
2026-07-09 00:33:44,009 [ERROR] LogOutputStream:75 - [STDERR_REDIRECT] [Fatal Error] :1:1: Premature end of file.
2026-07-09 00:33:44,010 [ERROR] LogOutputStream:75 - [STDERR_REDIRECT] 
2026-07-09 00:33:45,010 [ERROR] LogOutputStream:75 - [STDERR_REDIRECT] [Fatal Error] :1:1: Premature end of file.
2026-07-09 00:33:45,010 [ERROR] LogOutputStream:75 - [STDERR_REDIRECT] 
2026-07-09 00:33:46,009 [ERROR] LogOutputStream:75 - [STDERR_REDIRECT] [Fatal Error] :1:1: Premature end of file.
2026-07-09 00:33:46,009 [ERROR] LogOutputStream:75 - [STDERR_REDIRECT] 
2026-07-09 00:33:47,012 [ERROR] LogOutputStream:75 - [STDERR_REDIRECT] [Fatal Error] :1:1: Premature end of file.
2026-07-09 00:33:47,013 [ERROR] LogOutputStream:75 - [STDERR_REDIRECT] 
2026-07-09 00:33:48,003 [ERROR] LogOutputStream:75 - [STDERR_REDIRECT] [Fatal Error] :1:1: Premature end of file.
2026-07-09 00:33:48,003 [ERROR] LogOutputStream:75 - [STDERR_REDIRECT] 
2026-07-09 00:33:49,008 [ERROR] LogOutputStream:75 - [STDERR_REDIRECT] [Fatal Error] :1:1: Premature end of file.
2026-07-09 00:33:49,008 [ERROR] LogOutputStream:75 - [STDERR_REDIRECT] 
2026-07-09 00:33:50,005 [ERROR] LogOutputStream:75 - [STDERR_REDIRECT] [Fatal Error] :1:1: Premature end of file.
2026-07-09 00:33:50,005 [ERROR] LogOutputStream:75 - [STDERR_REDIRECT] 
2026-07-09 00:33:51,013 [ERROR] LogOutputStream:75 - [STDERR_REDIRECT] [Fatal Error] :1:1: Premature end of file.
2026-07-09 00:33:51,014 [ERROR] LogOutputStream:75 - [STDERR_REDIRECT] 
2026-07-09 00:33:52,006 [ERROR] LogOutputStream:75 - [STDERR_REDIRECT] [Fatal Error] :1:1: Premature end of file.
2026-07-09 00:33:52,006 [ERROR] LogOutputStream:75 - [STDERR_REDIRECT] 
2026-07-09 00:33:53,023 [ERROR] LogOutputStream:75 - [STDERR_REDIRECT] [Fatal Error] :1:1: Premature end of file.
2026-07-09 00:33:53,023 [ERROR] LogOutputStream:75 - [STDERR_REDIRECT] 
2026-07-09 00:33:54,010 [ERROR] LogOutputStream:75 - [STDERR_REDIRECT] [Fatal Error] :1:1: Premature end of file.
2026-07-09 00:33:54,011 [ERROR] LogOutputStream:75 - [STDERR_REDIRECT] 
2026-07-09 00:33:55,010 [ERROR] LogOutputStream:75 - [STDERR_REDIRECT] [Fatal Error] :1:1: Premature end of file.
2026-07-09 00:33:55,011 [ERROR] LogOutputStream:75 - [STDERR_REDIRECT] 
2026-07-09 00:33:56,001 [ERROR] LogOutputStream:75 - [STDERR_REDIRECT] [Fatal Error] :1:1: Premature end of file.
2026-07-09 00:33:56,002 [ERROR] LogOutputStream:75 - [STDERR_REDIRECT] 
2026-07-09 00:33:57,006 [ERROR] LogOutputStream:75 - [STDERR_REDIRECT] [Fatal Error] :1:1: Premature end of file.
2026-07-09 00:33:57,006 [ERROR] LogOutputStream:75 - [STDERR_REDIRECT] 
2026-07-09 00:33:58,005 [ERROR] LogOutputStream:75 - [STDERR_REDIRECT] [Fatal Error] :1:1: Premature end of file.
2026-07-09 00:33:58,005 [ERROR] LogOutputStream:75 - [STDERR_REDIRECT] 
2026-07-09 00:33:59,005 [ERROR] LogOutputStream:75 - [STDERR_REDIRECT] [Fatal Error] :1:1: Premature end of file.
2026-07-09 00:33:59,006 [ERROR] LogOutputStream:75 - [STDERR_REDIRECT] 
2026-07-09 00:34:00,016 [ERROR] LogOutputStream:75 - [STDERR_REDIRECT] [Fatal Error] :1:1: Premature end of file.
2026-07-09 00:34:00,016 [ERROR] LogOutputStream:75 - [STDERR_REDIRECT] 
2026-07-09 00:34:01,021 [ERROR] LogOutputStream:75 - [STDERR_REDIRECT] [Fatal Error] :1:1: Premature end of file.
2026-07-09 00:34:01,022 [ERROR] LogOutputStream:75 - [STDERR_REDIRECT] 
2026-07-09 00:34:02,013 [ERROR] LogOutputStream:75 - [STDERR_REDIRECT] [Fatal Error] :1:1: Premature end of file.
2026-07-09 00:34:02,014 [ERROR] LogOutputStream:75 - [STDERR_REDIRECT] 
2026-07-09 00:34:03,006 [ERROR] LogOutputStream:75 - [STDERR_REDIRECT] [Fatal Error] :1:1: Premature end of file.
2026-07-09 00:34:03,006 [ERROR] LogOutputStream:75 - [STDERR_REDIRECT] 
2026-07-09 00:34:04,012 [ERROR] LogOutputStream:75 - [STDERR_REDIRECT] [Fatal Error] :1:1: Premature end of file.
2026-07-09 00:34:04,013 [ERROR] LogOutputStream:75 - [STDERR_REDIRECT] 
2026-07-09 00:34:05,016 [ERROR] LogOutputStream:75 - [STDERR_REDIRECT] [Fatal Error] :1:1: Premature end of file.
2026-07-09 00:34:05,016 [ERROR] LogOutputStream:75 - [STDERR_REDIRECT] 
2026-07-09 00:34:06,010 [ERROR] LogOutputStream:75 - [STDERR_REDIRECT] [Fatal Error] :1:1: Premature end of file.
2026-07-09 00:34:06,010 [ERROR] LogOutputStream:75 - [STDERR_REDIRECT] 
2026-07-09 00:34:07,003 [ERROR] LogOutputStream:75 - [STDERR_REDIRECT] [Fatal Error] :1:1: Premature end of file.
2026-07-09 00:34:07,003 [ERROR] LogOutputStream:75 - [STDERR_REDIRECT] 
2026-07-09 00:34:08,006 [ERROR] LogOutputStream:75 - [STDERR_REDIRECT] [Fatal Error] :1:1: Premature end of file.
2026-07-09 00:34:08,006 [ERROR] LogOutputStream:75 - [STDERR_REDIRECT] 
2026-07-09 00:34:09,009 [ERROR] LogOutputStream:75 - [STDERR_REDIRECT] [Fatal Error] :1:1: Premature end of file.
2026-07-09 00:34:09,009 [ERROR] LogOutputStream:75 - [STDERR_REDIRECT] 
2026-07-09 00:34:10,020 [ERROR] LogOutputStream:75 - [STDERR_REDIRECT] [Fatal Error] :1:1: Premature end of file.
2026-07-09 00:34:10,021 [ERROR] LogOutputStream:75 - [STDERR_REDIRECT] 
2026-07-09 00:34:11,004 [ERROR] LogOutputStream:75 - [STDERR_REDIRECT] [Fatal Error] :1:1: Premature end of file.
2026-07-09 00:34:11,004 [ERROR] LogOutputStream:75 - [STDERR_REDIRECT] 
2026-07-09 00:34:12,006 [ERROR] LogOutputStream:75 - [STDERR_REDIRECT] [Fatal Error] :1:1: Premature end of file.
2026-07-09 00:34:12,006 [ERROR] LogOutputStream:75 - [STDERR_REDIRECT] 
2026-07-09 00:34:16,351 [ERROR] LogOutputStream:75 - [STDERR_REDIRECT] [Fatal Error] :1:1: Premature end of file.
2026-07-09 00:34:16,352 [ERROR] LogOutputStream:75 - [STDERR_REDIRECT] 
2026-07-09 00:34:16,522 [ERROR] LogOutputStream:75 - [STDERR_REDIRECT] [Fatal Error] :1:1: Premature end of file.
2026-07-09 00:34:16,523 [ERROR] LogOutputStream:75 - [STDERR_REDIRECT] 
2026-07-09 00:34:16,649 [ERROR] LogOutputStream:75 - [STDERR_REDIRECT] [Fatal Error] :1:1: Premature end of file.
2026-07-09 00:34:16,650 [ERROR] LogOutputStream:75 - [STDERR_REDIRECT] 
2026-07-09 00:34:16,860 [ERROR] LogOutputStream:75 - [STDERR_REDIRECT] [Fatal Error] :1:1: Premature end of file.
2026-07-09 00:34:16,860 [ERROR] LogOutputStream:75 - [STDERR_REDIRECT] 
2026-07-09 00:34:17,082 [ERROR] LogOutputStream:75 - [STDERR_REDIRECT] [Fatal Error] :1:1: Premature end of file.
2026-07-09 00:34:17,083 [ERROR] LogOutputStream:75 - [STDERR_REDIRECT] 
2026-07-09 00:34:18,081 [ERROR] LogOutputStream:75 - [STDERR_REDIRECT] [Fatal Error] :1:1: Premature end of file.
2026-07-09 00:34:18,082 [ERROR] LogOutputStream:75 - [STDERR_REDIRECT] 
2026-07-09 00:34:19,178 [ERROR] LogOutputStream:75 - [STDERR_REDIRECT] [Fatal Error] :1:1: Premature end of file.
2026-07-09 00:34:19,179 [ERROR] LogOutputStream:75 - [STDERR_REDIRECT] 
2026-07-09 00:34:20,042 [ERROR] LogOutputStream:75 - [STDERR_REDIRECT] [Fatal Error] :1:1: Premature end of file.
2026-07-09 00:34:20,042 [ERROR] LogOutputStream:75 - [STDERR_REDIRECT] 
2026-07-09 00:34:21,016 [ERROR] LogOutputStream:75 - [STDERR_REDIRECT] [Fatal Error] :1:1: Premature end of file.
2026-07-09 00:34:21,017 [ERROR] LogOutputStream:75 - [STDERR_REDIRECT] 
2026-07-09 00:34:22,020 [ERROR] LogOutputStream:75 - [STDERR_REDIRECT] [Fatal Error] :1:1: Premature end of file.
2026-07-09 00:34:22,021 [ERROR] LogOutputStream:75 - [STDERR_REDIRECT] 
2026-07-09 00:34:23,098 [ERROR] LogOutputStream:75 - [STDERR_REDIRECT] [Fatal Error] :1:1: Premature end of file.
2026-07-09 00:34:23,098 [ERROR] LogOutputStream:75 - [STDERR_REDIRECT] 
2026-07-09 00:34:24,013 [ERROR] LogOutputStream:75 - [STDERR_REDIRECT] [Fatal Error] :1:1: Premature end of file.
2026-07-09 00:34:24,013 [ERROR] LogOutputStream:75 - [STDERR_REDIRECT] 
2026-07-09 00:34:25,020 [ERROR] LogOutputStream:75 - [STDERR_REDIRECT] [Fatal Error] :1:1: Premature end of file.
2026-07-09 00:34:25,020 [ERROR] LogOutputStream:75 - [STDERR_REDIRECT] 
2026-07-09 00:34:26,016 [ERROR] LogOutputStream:75 - [STDERR_REDIRECT] [Fatal Error] :1:1: Premature end of file.
2026-07-09 00:34:26,016 [ERROR] LogOutputStream:75 - [STDERR_REDIRECT] 
2026-07-09 00:34:27,017 [ERROR] LogOutputStream:75 - [STDERR_REDIRECT] [Fatal Error] :1:1: Premature end of file.
2026-07-09 00:34:27,017 [ERROR] LogOutputStream:75 - [STDERR_REDIRECT] 
2026-07-09 00:34:28,023 [ERROR] LogOutputStream:75 - [STDERR_REDIRECT] [Fatal Error] :1:1: Premature end of file.
2026-07-09 00:34:28,023 [ERROR] LogOutputStream:75 - [STDERR_REDIRECT] 
2026-07-09 00:34:29,026 [ERROR] LogOutputStream:75 - [STDERR_REDIRECT] [Fatal Error] :1:1: Premature end of file.
2026-07-09 00:34:29,026 [ERROR] LogOutputStream:75 - [STDERR_REDIRECT] 
2026-07-09 00:34:30,033 [ERROR] LogOutputStream:75 - [STDERR_REDIRECT] [Fatal Error] :1:1: Premature end of file.
2026-07-09 00:34:30,033 [ERROR] LogOutputStream:75 - [STDERR_REDIRECT] 
2026-07-09 00:34:31,026 [ERROR] LogOutputStream:75 - [STDERR_REDIRECT] [Fatal Error] :1:1: Premature end of file.
2026-07-09 00:34:31,027 [ERROR] LogOutputStream:75 - [STDERR_REDIRECT] 
2026-07-09 00:34:32,022 [ERROR] LogOutputStream:75 - [STDERR_REDIRECT] [Fatal Error] :1:1: Premature end of file.
2026-07-09 00:34:32,022 [ERROR] LogOutputStream:75 - [STDERR_REDIRECT] 
2026-07-09 00:34:33,010 [ERROR] LogOutputStream:75 - [STDERR_REDIRECT] [Fatal Error] :1:1: Premature end of file.
2026-07-09 00:34:33,010 [ERROR] LogOutputStream:75 - [STDERR_REDIRECT] 
2026-07-09 00:34:34,018 [ERROR] LogOutputStream:75 - [STDERR_REDIRECT] [Fatal Error] :1:1: Premature end of file.
2026-07-09 00:34:34,020 [ERROR] LogOutputStream:75 - [STDERR_REDIRECT] 
2026-07-09 00:34:35,022 [ERROR] LogOutputStream:75 - [STDERR_REDIRECT] [Fatal Error] :1:1: Premature end of file.
2026-07-09 00:34:35,022 [ERROR] LogOutputStream:75 - [STDERR_REDIRECT] 
2026-07-09 00:34:36,026 [ERROR] LogOutputStream:75 - [STDERR_REDIRECT] [Fatal Error] :1:1: Premature end of file.
2026-07-09 00:34:36,027 [ERROR] LogOutputStream:75 - [STDERR_REDIRECT] 
2026-07-09 00:34:37,018 [ERROR] LogOutputStream:75 - [STDERR_REDIRECT] [Fatal Error] :1:1: Premature end of file.
2026-07-09 00:34:37,018 [ERROR] LogOutputStream:75 - [STDERR_REDIRECT] 
2026-07-09 00:34:38,017 [ERROR] LogOutputStream:75 - [STDERR_REDIRECT] [Fatal Error] :1:1: Premature end of file.
2026-07-09 00:34:38,017 [ERROR] LogOutputStream:75 - [STDERR_REDIRECT] 
2026-07-09 00:34:39,013 [ERROR] LogOutputStream:75 - [STDERR_REDIRECT] [Fatal Error] :1:1: Premature end of file.
2026-07-09 00:34:39,013 [ERROR] LogOutputStream:75 - [STDERR_REDIRECT] 
2026-07-09 00:34:40,003 [ERROR] LogOutputStream:75 - [STDERR_REDIRECT] [Fatal Error] :1:1: Premature end of file.
2026-07-09 00:34:40,004 [ERROR] LogOutputStream:75 - [STDERR_REDIRECT] 
2026-07-09 00:34:41,024 [ERROR] LogOutputStream:75 - [STDERR_REDIRECT] [Fatal Error] :1:1: Premature end of file.
2026-07-09 00:34:41,025 [ERROR] LogOutputStream:75 - [STDERR_REDIRECT] 
2026-07-09 00:34:42,015 [ERROR] LogOutputStream:75 - [STDERR_REDIRECT] [Fatal Error] :1:1: Premature end of file.
2026-07-09 00:34:42,015 [ERROR] LogOutputStream:75 - [STDERR_REDIRECT] 
2026-07-09 00:34:43,007 [ERROR] LogOutputStream:75 - [STDERR_REDIRECT] [Fatal Error] :1:1: Premature end of file.
2026-07-09 00:34:43,007 [ERROR] LogOutputStream:75 - [STDERR_REDIRECT] 
2026-07-09 00:34:44,020 [ERROR] LogOutputStream:75 - [STDERR_REDIRECT] [Fatal Error] :1:1: Premature end of file.
2026-07-09 00:34:44,020 [ERROR] LogOutputStream:75 - [STDERR_REDIRECT] 
2026-07-09 00:34:45,005 [ERROR] LogOutputStream:75 - [STDERR_REDIRECT] [Fatal Error] :1:1: Premature end of file.
2026-07-09 00:34:45,007 [ERROR] LogOutputStream:75 - [STDERR_REDIRECT] 
2026-07-09 00:34:46,013 [ERROR] LogOutputStream:75 - [STDERR_REDIRECT] [Fatal Error] :1:1: Premature end of file.
2026-07-09 00:34:46,014 [ERROR] LogOutputStream:75 - [STDERR_REDIRECT] 
2026-07-09 00:34:47,010 [ERROR] LogOutputStream:75 - [STDERR_REDIRECT] [Fatal Error] :1:1: Premature end of file.
2026-07-09 00:34:47,011 [ERROR] LogOutputStream:75 - [STDERR_REDIRECT] 
2026-07-09 00:34:48,016 [ERROR] LogOutputStream:75 - [STDERR_REDIRECT] [Fatal Error] :1:1: Premature end of file.
2026-07-09 00:34:48,016 [ERROR] LogOutputStream:75 - [STDERR_REDIRECT] 
2026-07-09 00:34:49,007 [ERROR] LogOutputStream:75 - [STDERR_REDIRECT] [Fatal Error] :1:1: Premature end of file.
2026-07-09 00:34:49,007 [ERROR] LogOutputStream:75 - [STDERR_REDIRECT] 
2026-07-09 00:34:50,007 [ERROR] LogOutputStream:75 - [STDERR_REDIRECT] [Fatal Error] :1:1: Premature end of file.
2026-07-09 00:34:50,008 [ERROR] LogOutputStream:75 - [STDERR_REDIRECT] 
2026-07-09 00:34:51,019 [ERROR] LogOutputStream:75 - [STDERR_REDIRECT] [Fatal Error] :1:1: Premature end of file.
2026-07-09 00:34:51,019 [ERROR] LogOutputStream:75 - [STDERR_REDIRECT] 
2026-07-09 00:34:52,014 [ERROR] LogOutputStream:75 - [STDERR_REDIRECT] [Fatal Error] :1:1: Premature end of file.
2026-07-09 00:34:52,014 [ERROR] LogOutputStream:75 - [STDERR_REDIRECT] 
2026-07-09 00:34:53,019 [ERROR] LogOutputStream:75 - [STDERR_REDIRECT] [Fatal Error] :1:1: Premature end of file.
2026-07-09 00:34:53,019 [ERROR] LogOutputStream:75 - [STDERR_REDIRECT] 
2026-07-09 00:34:54,009 [ERROR] LogOutputStream:75 - [STDERR_REDIRECT] [Fatal Error] :1:1: Premature end of file.
2026-07-09 00:34:54,010 [ERROR] LogOutputStream:75 - [STDERR_REDIRECT] 
2026-07-09 00:34:55,015 [ERROR] LogOutputStream:75 - [STDERR_REDIRECT] [Fatal Error] :1:1: Premature end of file.
2026-07-09 00:34:55,015 [ERROR] LogOutputStream:75 - [STDERR_REDIRECT] 
2026-07-09 00:34:56,005 [ERROR] LogOutputStream:75 - [STDERR_REDIRECT] [Fatal Error] :1:1: Premature end of file.
2026-07-09 00:34:56,005 [ERROR] LogOutputStream:75 - [STDERR_REDIRECT] 
2026-07-09 00:34:57,002 [ERROR] LogOutputStream:75 - [STDERR_REDIRECT] [Fatal Error] :1:1: Premature end of file.
2026-07-09 00:34:57,002 [ERROR] LogOutputStream:75 - [STDERR_REDIRECT] 
2026-07-09 00:34:58,009 [ERROR] LogOutputStream:75 - [STDERR_REDIRECT] [Fatal Error] :1:1: Premature end of file.
2026-07-09 00:34:58,009 [ERROR] LogOutputStream:75 - [STDERR_REDIRECT] 
2026-07-09 00:34:59,012 [ERROR] LogOutputStream:75 - [STDERR_REDIRECT] [Fatal Error] :1:1: Premature end of file.
2026-07-09 00:34:59,012 [ERROR] LogOutputStream:75 - [STDERR_REDIRECT] 
2026-07-09 00:35:00,014 [ERROR] LogOutputStream:75 - [STDERR_REDIRECT] [Fatal Error] :1:1: Premature end of file.
2026-07-09 00:35:00,015 [ERROR] LogOutputStream:75 - [STDERR_REDIRECT] 
2026-07-09 00:35:01,015 [ERROR] LogOutputStream:75 - [STDERR_REDIRECT] [Fatal Error] :1:1: Premature end of file.
2026-07-09 00:35:01,015 [ERROR] LogOutputStream:75 - [STDERR_REDIRECT] 
2026-07-09 00:35:02,000 [ERROR] LogOutputStream:75 - [STDERR_REDIRECT] [Fatal Error] :1:1: Premature end of file.
2026-07-09 00:35:02,001 [ERROR] LogOutputStream:75 - [STDERR_REDIRECT] 
2026-07-09 00:35:03,009 [ERROR] LogOutputStream:75 - [STDERR_REDIRECT] [Fatal Error] :1:1: Premature end of file.
2026-07-09 00:35:03,009 [ERROR] LogOutputStream:75 - [STDERR_REDIRECT] 
2026-07-09 00:35:04,008 [ERROR] LogOutputStream:75 - [STDERR_REDIRECT] [Fatal Error] :1:1: Premature end of file.
2026-07-09 00:35:04,008 [ERROR] LogOutputStream:75 - [STDERR_REDIRECT] 
2026-07-09 00:35:05,014 [ERROR] LogOutputStream:75 - [STDERR_REDIRECT] [Fatal Error] :1:1: Premature end of file.
2026-07-09 00:35:05,014 [ERROR] LogOutputStream:75 - [STDERR_REDIRECT] 
2026-07-09 00:35:06,001 [ERROR] LogOutputStream:75 - [STDERR_REDIRECT] [Fatal Error] :1:1: Premature end of file.
2026-07-09 00:35:06,001 [ERROR] LogOutputStream:75 - [STDERR_REDIRECT] 
2026-07-09 00:35:07,002 [ERROR] LogOutputStream:75 - [STDERR_REDIRECT] [Fatal Error] :1:1: Premature end of file.
2026-07-09 00:35:07,002 [ERROR] LogOutputStream:75 - [STDERR_REDIRECT] 
2026-07-09 00:35:08,014 [ERROR] LogOutputStream:75 - [STDERR_REDIRECT] [Fatal Error] :1:1: Premature end of file.
2026-07-09 00:35:08,014 [ERROR] LogOutputStream:75 - [STDERR_REDIRECT] 
2026-07-09 00:35:09,011 [ERROR] LogOutputStream:75 - [STDERR_REDIRECT] [Fatal Error] :1:1: Premature end of file.
2026-07-09 00:35:09,011 [ERROR] LogOutputStream:75 - [STDERR_REDIRECT] 
2026-07-09 00:35:10,017 [ERROR] LogOutputStream:75 - [STDERR_REDIRECT] [Fatal Error] :1:1: Premature end of file.
2026-07-09 00:35:10,017 [ERROR] LogOutputStream:75 - [STDERR_REDIRECT] 
2026-07-09 00:35:11,008 [ERROR] LogOutputStream:75 - [STDERR_REDIRECT] [Fatal Error] :1:1: Premature end of file.
2026-07-09 00:35:11,010 [ERROR] LogOutputStream:75 - [STDERR_REDIRECT] 
2026-07-09 00:35:12,011 [ERROR] LogOutputStream:75 - [STDERR_REDIRECT] [Fatal Error] :1:1: Premature end of file.
2026-07-09 00:35:12,011 [ERROR] LogOutputStream:75 - [STDERR_REDIRECT] 
2026-07-09 00:35:13,015 [ERROR] LogOutputStream:75 - [STDERR_REDIRECT] [Fatal Error] :1:1: Premature end of file.
2026-07-09 00:35:13,016 [ERROR] LogOutputStream:75 - [STDERR_REDIRECT] 
2026-07-09 00:35:14,020 [ERROR] LogOutputStream:75 - [STDERR_REDIRECT] [Fatal Error] :1:1: Premature end of file.
2026-07-09 00:35:14,020 [ERROR] LogOutputStream:75 - [STDERR_REDIRECT] 
2026-07-09 00:35:15,016 [ERROR] LogOutputStream:75 - [STDERR_REDIRECT] [Fatal Error] :1:1: Premature end of file.
2026-07-09 00:35:15,016 [ERROR] LogOutputStream:75 - [STDERR_REDIRECT] 
2026-07-09 00:35:16,007 [ERROR] LogOutputStream:75 - [STDERR_REDIRECT] [Fatal Error] :1:1: Premature end of file.
2026-07-09 00:35:16,007 [ERROR] LogOutputStream:75 - [STDERR_REDIRECT] 
2026-07-09 00:35:17,016 [ERROR] LogOutputStream:75 - [STDERR_REDIRECT] [Fatal Error] :1:1: Premature end of file.
2026-07-09 00:35:17,016 [ERROR] LogOutputStream:75 - [STDERR_REDIRECT] 
2026-07-09 00:35:18,007 [ERROR] LogOutputStream:75 - [STDERR_REDIRECT] [Fatal Error] :1:1: Premature end of file.
2026-07-09 00:35:18,007 [ERROR] LogOutputStream:75 - [STDERR_REDIRECT] 
2026-07-09 00:35:19,009 [ERROR] LogOutputStream:75 - [STDERR_REDIRECT] [Fatal Error] :1:1: Premature end of file.
2026-07-09 00:35:19,010 [ERROR] LogOutputStream:75 - [STDERR_REDIRECT] 
2026-07-09 00:35:20,001 [ERROR] LogOutputStream:75 - [STDERR_REDIRECT] [Fatal Error] :1:1: Premature end of file.
2026-07-09 00:35:20,002 [ERROR] LogOutputStream:75 - [STDERR_REDIRECT] 
2026-07-09 00:35:21,015 [ERROR] LogOutputStream:75 - [STDERR_REDIRECT] [Fatal Error] :1:1: Premature end of file.
2026-07-09 00:35:21,016 [ERROR] LogOutputStream:75 - [STDERR_REDIRECT] 
2026-07-09 00:35:22,001 [ERROR] LogOutputStream:75 - [STDERR_REDIRECT] [Fatal Error] :1:1: Premature end of file.
2026-07-09 00:35:22,002 [ERROR] LogOutputStream:75 - [STDERR_REDIRECT] 
2026-07-09 00:35:23,012 [ERROR] LogOutputStream:75 - [STDERR_REDIRECT] [Fatal Error] :1:1: Premature end of file.
2026-07-09 00:35:23,012 [ERROR] LogOutputStream:75 - [STDERR_REDIRECT] 
2026-07-09 00:35:24,007 [ERROR] LogOutputStream:75 - [STDERR_REDIRECT] [Fatal Error] :1:1: Premature end of file.
2026-07-09 00:35:24,007 [ERROR] LogOutputStream:75 - [STDERR_REDIRECT] 
2026-07-09 00:35:25,009 [ERROR] LogOutputStream:75 - [STDERR_REDIRECT] [Fatal Error] :1:1: Premature end of file.
2026-07-09 00:35:25,009 [ERROR] LogOutputStream:75 - [STDERR_REDIRECT] 
2026-07-09 00:35:26,001 [ERROR] LogOutputStream:75 - [STDERR_REDIRECT] [Fatal Error] :1:1: Premature end of file.
2026-07-09 00:35:26,002 [ERROR] LogOutputStream:75 - [STDERR_REDIRECT] 
2026-07-09 00:35:27,006 [ERROR] LogOutputStream:75 - [STDERR_REDIRECT] [Fatal Error] :1:1: Premature end of file.
2026-07-09 00:35:27,007 [ERROR] LogOutputStream:75 - [STDERR_REDIRECT] 
2026-07-09 00:35:28,005 [ERROR] LogOutputStream:75 - [STDERR_REDIRECT] [Fatal Error] :1:1: Premature end of file.
2026-07-09 00:35:28,005 [ERROR] LogOutputStream:75 - [STDERR_REDIRECT] 
2026-07-09 00:35:29,000 [ERROR] LogOutputStream:75 - [STDERR_REDIRECT] [Fatal Error] :1:1: Premature end of file.
2026-07-09 00:35:29,000 [ERROR] LogOutputStream:75 - [STDERR_REDIRECT] 
2026-07-09 00:35:30,003 [ERROR] LogOutputStream:75 - [STDERR_REDIRECT] [Fatal Error] :1:1: Premature end of file.
2026-07-09 00:35:30,003 [ERROR] LogOutputStream:75 - [STDERR_REDIRECT] 
2026-07-09 00:35:31,003 [ERROR] LogOutputStream:75 - [STDERR_REDIRECT] [Fatal Error] :1:1: Premature end of file.
2026-07-09 00:35:31,003 [ERROR] LogOutputStream:75 - [STDERR_REDIRECT] 
2026-07-09 00:35:32,010 [ERROR] LogOutputStream:75 - [STDERR_REDIRECT] [Fatal Error] :1:1: Premature end of file.
2026-07-09 00:35:32,010 [ERROR] LogOutputStream:75 - [STDERR_REDIRECT] 
2026-07-09 00:35:33,009 [ERROR] LogOutputStream:75 - [STDERR_REDIRECT] [Fatal Error] :1:1: Premature end of file.
2026-07-09 00:35:33,010 [ERROR] LogOutputStream:75 - [STDERR_REDIRECT] 
2026-07-09 00:35:34,007 [ERROR] LogOutputStream:75 - [STDERR_REDIRECT] [Fatal Error] :1:1: Premature end of file.
2026-07-09 00:35:34,007 [ERROR] LogOutputStream:75 - [STDERR_REDIRECT] 
2026-07-09 00:35:35,002 [ERROR] LogOutputStream:75 - [STDERR_REDIRECT] [Fatal Error] :1:1: Premature end of file.
2026-07-09 00:35:35,002 [ERROR] LogOutputStream:75 - [STDERR_REDIRECT] 
2026-07-09 00:35:36,005 [ERROR] LogOutputStream:75 - [STDERR_REDIRECT] [Fatal Error] :1:1: Premature end of file.
2026-07-09 00:35:36,005 [ERROR] LogOutputStream:75 - [STDERR_REDIRECT] 
2026-07-09 00:35:37,000 [ERROR] LogOutputStream:75 - [STDERR_REDIRECT] [Fatal Error] :1:1: Premature end of file.
2026-07-09 00:35:37,001 [ERROR] LogOutputStream:75 - [STDERR_REDIRECT] 
2026-07-09 00:35:38,029 [ERROR] LogOutputStream:75 - [STDERR_REDIRECT] [Fatal Error] :1:1: Premature end of file.
2026-07-09 00:35:38,030 [ERROR] LogOutputStream:75 - [STDERR_REDIRECT] 
2026-07-09 00:35:39,013 [ERROR] LogOutputStream:75 - [STDERR_REDIRECT] [Fatal Error] :1:1: Premature end of file.
2026-07-09 00:35:39,014 [ERROR] LogOutputStream:75 - [STDERR_REDIRECT] 
2026-07-09 00:35:40,014 [ERROR] LogOutputStream:75 - [STDERR_REDIRECT] [Fatal Error] :1:1: Premature end of file.
2026-07-09 00:35:40,014 [ERROR] LogOutputStream:75 - [STDERR_REDIRECT] 
2026-07-09 00:35:41,006 [ERROR] LogOutputStream:75 - [STDERR_REDIRECT] [Fatal Error] :1:1: Premature end of file.
2026-07-09 00:35:41,006 [ERROR] LogOutputStream:75 - [STDERR_REDIRECT] 
2026-07-09 00:35:42,000 [ERROR] LogOutputStream:75 - [STDERR_REDIRECT] [Fatal Error] :1:1: Premature end of file.
2026-07-09 00:35:42,000 [ERROR] LogOutputStream:75 - [STDERR_REDIRECT] 
2026-07-09 00:35:43,008 [ERROR] LogOutputStream:75 - [STDERR_REDIRECT] [Fatal Error] :1:1: Premature end of file.
2026-07-09 00:35:43,009 [ERROR] LogOutputStream:75 - [STDERR_REDIRECT] 
2026-07-09 00:35:44,005 [ERROR] LogOutputStream:75 - [STDERR_REDIRECT] [Fatal Error] :1:1: Premature end of file.
2026-07-09 00:35:44,005 [ERROR] LogOutputStream:75 - [STDERR_REDIRECT] 
2026-07-09 00:35:45,013 [ERROR] LogOutputStream:75 - [STDERR_REDIRECT] [Fatal Error] :1:1: Premature end of file.
2026-07-09 00:35:45,014 [ERROR] LogOutputStream:75 - [STDERR_REDIRECT] 
2026-07-09 00:35:46,010 [ERROR] LogOutputStream:75 - [STDERR_REDIRECT] [Fatal Error] :1:1: Premature end of file.
2026-07-09 00:35:46,010 [ERROR] LogOutputStream:75 - [STDERR_REDIRECT] 
2026-07-09 00:35:46,996 [ERROR] LogOutputStream:75 - [STDERR_REDIRECT] [Fatal Error] :1:1: Premature end of file.
2026-07-09 00:35:46,997 [ERROR] LogOutputStream:75 - [STDERR_REDIRECT] 
2026-07-09 00:35:48,006 [ERROR] LogOutputStream:75 - [STDERR_REDIRECT] [Fatal Error] :1:1: Premature end of file.
2026-07-09 00:35:48,006 [ERROR] LogOutputStream:75 - [STDERR_REDIRECT] 
2026-07-09 00:35:49,007 [ERROR] LogOutputStream:75 - [STDERR_REDIRECT] [Fatal Error] :1:1: Premature end of file.
2026-07-09 00:35:49,007 [ERROR] LogOutputStream:75 - [STDERR_REDIRECT] 
2026-07-09 00:35:50,010 [ERROR] LogOutputStream:75 - [STDERR_REDIRECT] [Fatal Error] :1:1: Premature end of file.
2026-07-09 00:35:50,011 [ERROR] LogOutputStream:75 - [STDERR_REDIRECT] 
2026-07-09 00:35:50,999 [ERROR] LogOutputStream:75 - [STDERR_REDIRECT] [Fatal Error] :1:1: Premature end of file.
2026-07-09 00:35:50,999 [ERROR] LogOutputStream:75 - [STDERR_REDIRECT] 
2026-07-09 00:35:52,014 [ERROR] LogOutputStream:75 - [STDERR_REDIRECT] [Fatal Error] :1:1: Premature end of file.
2026-07-09 00:35:52,015 [ERROR] LogOutputStream:75 - [STDERR_REDIRECT] 
2026-07-09 00:35:53,016 [ERROR] LogOutputStream:75 - [STDERR_REDIRECT] [Fatal Error] :1:1: Premature end of file.
2026-07-09 00:35:53,016 [ERROR] LogOutputStream:75 - [STDERR_REDIRECT] 
2026-07-09 00:35:54,001 [ERROR] LogOutputStream:75 - [STDERR_REDIRECT] [Fatal Error] :1:1: Premature end of file.
2026-07-09 00:35:54,002 [ERROR] LogOutputStream:75 - [STDERR_REDIRECT] 
2026-07-09 00:35:55,004 [ERROR] LogOutputStream:75 - [STDERR_REDIRECT] [Fatal Error] :1:1: Premature end of file.
2026-07-09 00:35:55,004 [ERROR] LogOutputStream:75 - [STDERR_REDIRECT] 
2026-07-09 00:35:56,004 [ERROR] LogOutputStream:75 - [STDERR_REDIRECT] [Fatal Error] :1:1: Premature end of file.
2026-07-09 00:35:56,004 [ERROR] LogOutputStream:75 - [STDERR_REDIRECT] 
2026-07-09 00:35:57,000 [ERROR] LogOutputStream:75 - [STDERR_REDIRECT] [Fatal Error] :1:1: Premature end of file.
2026-07-09 00:35:57,001 [ERROR] LogOutputStream:75 - [STDERR_REDIRECT] 
2026-07-09 00:35:58,008 [ERROR] LogOutputStream:75 - [STDERR_REDIRECT] [Fatal Error] :1:1: Premature end of file.
2026-07-09 00:35:58,009 [ERROR] LogOutputStream:75 - [STDERR_REDIRECT] 
2026-07-09 00:35:59,011 [ERROR] LogOutputStream:75 - [STDERR_REDIRECT] [Fatal Error] :1:1: Premature end of file.
2026-07-09 00:35:59,011 [ERROR] LogOutputStream:75 - [STDERR_REDIRECT] 
2026-07-09 00:36:00,004 [ERROR] LogOutputStream:75 - [STDERR_REDIRECT] [Fatal Error] :1:1: Premature end of file.
2026-07-09 00:36:00,004 [ERROR] LogOutputStream:75 - [STDERR_REDIRECT] 
2026-07-09 00:36:01,005 [ERROR] LogOutputStream:75 - [STDERR_REDIRECT] [Fatal Error] :1:1: Premature end of file.
2026-07-09 00:36:01,005 [ERROR] LogOutputStream:75 - [STDERR_REDIRECT] 
2026-07-09 00:36:02,010 [ERROR] LogOutputStream:75 - [STDERR_REDIRECT] [Fatal Error] :1:1: Premature end of file.
2026-07-09 00:36:02,010 [ERROR] LogOutputStream:75 - [STDERR_REDIRECT] 
2026-07-09 00:36:03,010 [ERROR] LogOutputStream:75 - [STDERR_REDIRECT] [Fatal Error] :1:1: Premature end of file.
2026-07-09 00:36:03,011 [ERROR] LogOutputStream:75 - [STDERR_REDIRECT] 
2026-07-09 00:36:04,014 [ERROR] LogOutputStream:75 - [STDERR_REDIRECT] [Fatal Error] :1:1: Premature end of file.
2026-07-09 00:36:04,016 [ERROR] LogOutputStream:75 - [STDERR_REDIRECT] 
2026-07-09 00:36:05,003 [ERROR] LogOutputStream:75 - [STDERR_REDIRECT] [Fatal Error] :1:1: Premature end of file.
2026-07-09 00:36:05,004 [ERROR] LogOutputStream:75 - [STDERR_REDIRECT] 
2026-07-09 00:36:06,000 [ERROR] LogOutputStream:75 - [STDERR_REDIRECT] [Fatal Error] :1:1: Premature end of file.
2026-07-09 00:36:06,000 [ERROR] LogOutputStream:75 - [STDERR_REDIRECT] 
2026-07-09 00:36:07,011 [ERROR] LogOutputStream:75 - [STDERR_REDIRECT] [Fatal Error] :1:1: Premature end of file.
2026-07-09 00:36:07,011 [ERROR] LogOutputStream:75 - [STDERR_REDIRECT] 
2026-07-09 00:36:08,011 [ERROR] LogOutputStream:75 - [STDERR_REDIRECT] [Fatal Error] :1:1: Premature end of file.
2026-07-09 00:36:08,011 [ERROR] LogOutputStream:75 - [STDERR_REDIRECT] 
2026-07-09 00:36:09,002 [ERROR] LogOutputStream:75 - [STDERR_REDIRECT] [Fatal Error] :1:1: Premature end of file.
2026-07-09 00:36:09,002 [ERROR] LogOutputStream:75 - [STDERR_REDIRECT] 
2026-07-09 00:36:10,009 [ERROR] LogOutputStream:75 - [STDERR_REDIRECT] [Fatal Error] :1:1: Premature end of file.
2026-07-09 00:36:10,009 [ERROR] LogOutputStream:75 - [STDERR_REDIRECT] 
2026-07-09 00:36:11,008 [ERROR] LogOutputStream:75 - [STDERR_REDIRECT] [Fatal Error] :1:1: Premature end of file.
2026-07-09 00:36:11,008 [ERROR] LogOutputStream:75 - [STDERR_REDIRECT] 
2026-07-09 00:36:12,011 [ERROR] LogOutputStream:75 - [STDERR_REDIRECT] [Fatal Error] :1:1: Premature end of file.
2026-07-09 00:36:12,011 [ERROR] LogOutputStream:75 - [STDERR_REDIRECT] 
2026-07-09 00:36:13,019 [ERROR] LogOutputStream:75 - [STDERR_REDIRECT] [Fatal Error] :1:1: Premature end of file.
2026-07-09 00:36:13,020 [ERROR] LogOutputStream:75 - [STDERR_REDIRECT] 
2026-07-09 00:36:14,008 [ERROR] LogOutputStream:75 - [STDERR_REDIRECT] [Fatal Error] :1:1: Premature end of file.
2026-07-09 00:36:14,008 [ERROR] LogOutputStream:75 - [STDERR_REDIRECT] 
2026-07-09 00:36:15,007 [ERROR] LogOutputStream:75 - [STDERR_REDIRECT] [Fatal Error] :1:1: Premature end of file.
2026-07-09 00:36:15,007 [ERROR] LogOutputStream:75 - [STDERR_REDIRECT] 
2026-07-09 00:36:16,002 [ERROR] LogOutputStream:75 - [STDERR_REDIRECT] [Fatal Error] :1:1: Premature end of file.
2026-07-09 00:36:16,003 [ERROR] LogOutputStream:75 - [STDERR_REDIRECT] 
2026-07-09 00:36:17,006 [ERROR] LogOutputStream:75 - [STDERR_REDIRECT] [Fatal Error] :1:1: Premature end of file.
2026-07-09 00:36:17,006 [ERROR] LogOutputStream:75 - [STDERR_REDIRECT] 
2026-07-09 00:36:18,007 [ERROR] LogOutputStream:75 - [STDERR_REDIRECT] [Fatal Error] :1:1: Premature end of file.
2026-07-09 00:36:18,007 [ERROR] LogOutputStream:75 - [STDERR_REDIRECT] 
2026-07-09 00:36:19,000 [ERROR] LogOutputStream:75 - [STDERR_REDIRECT] [Fatal Error] :1:1: Premature end of file.
2026-07-09 00:36:19,000 [ERROR] LogOutputStream:75 - [STDERR_REDIRECT] 
2026-07-09 00:36:20,033 [ERROR] LogOutputStream:75 - [STDERR_REDIRECT] [Fatal Error] :1:1: Premature end of file.
2026-07-09 00:36:20,033 [ERROR] LogOutputStream:75 - [STDERR_REDIRECT] 
2026-07-09 00:36:21,014 [ERROR] LogOutputStream:75 - [STDERR_REDIRECT] [Fatal Error] :1:1: Premature end of file.
2026-07-09 00:36:21,015 [ERROR] LogOutputStream:75 - [STDERR_REDIRECT] 
2026-07-09 00:36:22,015 [ERROR] LogOutputStream:75 - [STDERR_REDIRECT] [Fatal Error] :1:1: Premature end of file.
2026-07-09 00:36:22,015 [ERROR] LogOutputStream:75 - [STDERR_REDIRECT] 
2026-07-09 00:36:23,002 [ERROR] LogOutputStream:75 - [STDERR_REDIRECT] [Fatal Error] :1:1: Premature end of file.
2026-07-09 00:36:23,003 [ERROR] LogOutputStream:75 - [STDERR_REDIRECT] 
2026-07-09 00:36:24,006 [ERROR] LogOutputStream:75 - [STDERR_REDIRECT] [Fatal Error] :1:1: Premature end of file.
2026-07-09 00:36:24,011 [ERROR] LogOutputStream:75 - [STDERR_REDIRECT] 
2026-07-09 00:36:25,011 [ERROR] LogOutputStream:75 - [STDERR_REDIRECT] [Fatal Error] :1:1: Premature end of file.
2026-07-09 00:36:25,011 [ERROR] LogOutputStream:75 - [STDERR_REDIRECT] 
2026-07-09 00:36:26,043 [ERROR] LogOutputStream:75 - [STDERR_REDIRECT] [Fatal Error] :1:1: Premature end of file.
2026-07-09 00:36:26,043 [ERROR] LogOutputStream:75 - [STDERR_REDIRECT] 
2026-07-09 00:36:27,140 [ERROR] LogOutputStream:75 - [STDERR_REDIRECT] [Fatal Error] :1:1: Premature end of file.
2026-07-09 00:36:27,141 [ERROR] LogOutputStream:75 - [STDERR_REDIRECT] 
2026-07-09 00:36:28,000 [ERROR] LogOutputStream:75 - [STDERR_REDIRECT] [Fatal Error] :1:1: Premature end of file.
2026-07-09 00:36:28,000 [ERROR] LogOutputStream:75 - [STDERR_REDIRECT] 
2026-07-09 00:36:29,000 [ERROR] LogOutputStream:75 - [STDERR_REDIRECT] [Fatal Error] :1:1: Premature end of file.
2026-07-09 00:36:29,001 [ERROR] LogOutputStream:75 - [STDERR_REDIRECT] 
2026-07-09 00:36:30,008 [ERROR] LogOutputStream:75 - [STDERR_REDIRECT] [Fatal Error] :1:1: Premature end of file.
2026-07-09 00:36:30,008 [ERROR] LogOutputStream:75 - [STDERR_REDIRECT] 
2026-07-09 00:36:31,001 [ERROR] LogOutputStream:75 - [STDERR_REDIRECT] [Fatal Error] :1:1: Premature end of file.
2026-07-09 00:36:31,001 [ERROR] LogOutputStream:75 - [STDERR_REDIRECT] 
2026-07-09 00:36:32,002 [ERROR] LogOutputStream:75 - [STDERR_REDIRECT] [Fatal Error] :1:1: Premature end of file.
2026-07-09 00:36:32,002 [ERROR] LogOutputStream:75 - [STDERR_REDIRECT] 
2026-07-09 00:36:32,999 [ERROR] LogOutputStream:75 - [STDERR_REDIRECT] [Fatal Error] :1:1: Premature end of file.
2026-07-09 00:36:33,000 [ERROR] LogOutputStream:75 - [STDERR_REDIRECT] 
2026-07-09 00:36:34,019 [ERROR] LogOutputStream:75 - [STDERR_REDIRECT] [Fatal Error] :1:1: Premature end of file.
2026-07-09 00:36:34,020 [ERROR] LogOutputStream:75 - [STDERR_REDIRECT] 
2026-07-09 00:36:35,005 [ERROR] LogOutputStream:75 - [STDERR_REDIRECT] [Fatal Error] :1:1: Premature end of file.
2026-07-09 00:36:35,005 [ERROR] LogOutputStream:75 - [STDERR_REDIRECT] 
2026-07-09 00:36:36,009 [ERROR] LogOutputStream:75 - [STDERR_REDIRECT] [Fatal Error] :1:1: Premature end of file.
2026-07-09 00:36:36,010 [ERROR] LogOutputStream:75 - [STDERR_REDIRECT] 
2026-07-09 00:36:37,009 [ERROR] LogOutputStream:75 - [STDERR_REDIRECT] [Fatal Error] :1:1: Premature end of file.
2026-07-09 00:36:37,010 [ERROR] LogOutputStream:75 - [STDERR_REDIRECT] 
2026-07-09 00:36:38,004 [ERROR] LogOutputStream:75 - [STDERR_REDIRECT] [Fatal Error] :1:1: Premature end of file.
2026-07-09 00:36:38,004 [ERROR] LogOutputStream:75 - [STDERR_REDIRECT] 
2026-07-09 00:36:39,009 [ERROR] LogOutputStream:75 - [STDERR_REDIRECT] [Fatal Error] :1:1: Premature end of file.
2026-07-09 00:36:39,009 [ERROR] LogOutputStream:75 - [STDERR_REDIRECT] 
2026-07-09 00:36:40,006 [ERROR] LogOutputStream:75 - [STDERR_REDIRECT] [Fatal Error] :1:1: Premature end of file.
2026-07-09 00:36:40,007 [ERROR] LogOutputStream:75 - [STDERR_REDIRECT] 
2026-07-09 00:36:41,014 [ERROR] LogOutputStream:75 - [STDERR_REDIRECT] [Fatal Error] :1:1: Premature end of file.
2026-07-09 00:36:41,014 [ERROR] LogOutputStream:75 - [STDERR_REDIRECT] 
2026-07-09 00:36:42,004 [ERROR] LogOutputStream:75 - [STDERR_REDIRECT] [Fatal Error] :1:1: Premature end of file.
2026-07-09 00:36:42,004 [ERROR] LogOutputStream:75 - [STDERR_REDIRECT] 
2026-07-09 00:36:43,011 [ERROR] LogOutputStream:75 - [STDERR_REDIRECT] [Fatal Error] :1:1: Premature end of file.
2026-07-09 00:36:43,011 [ERROR] LogOutputStream:75 - [STDERR_REDIRECT] 
2026-07-09 00:36:44,016 [ERROR] LogOutputStream:75 - [STDERR_REDIRECT] [Fatal Error] :1:1: Premature end of file.
2026-07-09 00:36:44,017 [ERROR] LogOutputStream:75 - [STDERR_REDIRECT] 
2026-07-09 00:36:45,012 [ERROR] LogOutputStream:75 - [STDERR_REDIRECT] [Fatal Error] :1:1: Premature end of file.
2026-07-09 00:36:45,013 [ERROR] LogOutputStream:75 - [STDERR_REDIRECT] 
2026-07-09 00:36:46,009 [ERROR] LogOutputStream:75 - [STDERR_REDIRECT] [Fatal Error] :1:1: Premature end of file.
2026-07-09 00:36:46,009 [ERROR] LogOutputStream:75 - [STDERR_REDIRECT] 
2026-07-09 00:36:47,013 [ERROR] LogOutputStream:75 - [STDERR_REDIRECT] [Fatal Error] :1:1: Premature end of file.
2026-07-09 00:36:47,014 [ERROR] LogOutputStream:75 - [STDERR_REDIRECT] 
2026-07-09 00:36:47,998 [ERROR] LogOutputStream:75 - [STDERR_REDIRECT] [Fatal Error] :1:1: Premature end of file.
2026-07-09 00:36:47,999 [ERROR] LogOutputStream:75 - [STDERR_REDIRECT] 
2026-07-09 00:36:48,997 [ERROR] LogOutputStream:75 - [STDERR_REDIRECT] [Fatal Error] :1:1: Premature end of file.
2026-07-09 00:36:48,997 [ERROR] LogOutputStream:75 - [STDERR_REDIRECT] 
2026-07-09 00:36:49,998 [ERROR] LogOutputStream:75 - [STDERR_REDIRECT] [Fatal Error] :1:1: Premature end of file.
2026-07-09 00:36:49,998 [ERROR] LogOutputStream:75 - [STDERR_REDIRECT] 
2026-07-09 00:36:50,998 [ERROR] LogOutputStream:75 - [STDERR_REDIRECT] [Fatal Error] :1:1: Premature end of file.
2026-07-09 00:36:50,998 [ERROR] LogOutputStream:75 - [STDERR_REDIRECT] 
2026-07-09 00:36:52,001 [ERROR] LogOutputStream:75 - [STDERR_REDIRECT] [Fatal Error] :1:1: Premature end of file.
2026-07-09 00:36:52,002 [ERROR] LogOutputStream:75 - [STDERR_REDIRECT] 
2026-07-09 00:36:53,003 [ERROR] LogOutputStream:75 - [STDERR_REDIRECT] [Fatal Error] :1:1: Premature end of file.
2026-07-09 00:36:53,003 [ERROR] LogOutputStream:75 - [STDERR_REDIRECT] 
2026-07-09 00:36:54,006 [ERROR] LogOutputStream:75 - [STDERR_REDIRECT] [Fatal Error] :1:1: Premature end of file.
2026-07-09 00:36:54,006 [ERROR] LogOutputStream:75 - [STDERR_REDIRECT] 
2026-07-09 00:36:55,001 [ERROR] LogOutputStream:75 - [STDERR_REDIRECT] [Fatal Error] :1:1: Premature end of file.
2026-07-09 00:36:55,001 [ERROR] LogOutputStream:75 - [STDERR_REDIRECT] 
2026-07-09 00:36:56,012 [ERROR] LogOutputStream:75 - [STDERR_REDIRECT] [Fatal Error] :1:1: Premature end of file.
2026-07-09 00:36:56,012 [ERROR] LogOutputStream:75 - [STDERR_REDIRECT] 
2026-07-09 00:36:56,999 [ERROR] LogOutputStream:75 - [STDERR_REDIRECT] [Fatal Error] :1:1: Premature end of file.
2026-07-09 00:36:56,999 [ERROR] LogOutputStream:75 - [STDERR_REDIRECT] 
2026-07-09 00:36:58,012 [ERROR] LogOutputStream:75 - [STDERR_REDIRECT] [Fatal Error] :1:1: Premature end of file.
2026-07-09 00:36:58,012 [ERROR] LogOutputStream:75 - [STDERR_REDIRECT] 
2026-07-09 00:36:59,017 [ERROR] LogOutputStream:75 - [STDERR_REDIRECT] [Fatal Error] :1:1: Premature end of file.
2026-07-09 00:36:59,018 [ERROR] LogOutputStream:75 - [STDERR_REDIRECT] 
2026-07-09 00:37:00,013 [ERROR] LogOutputStream:75 - [STDERR_REDIRECT] [Fatal Error] :1:1: Premature end of file.
2026-07-09 00:37:00,013 [ERROR] LogOutputStream:75 - [STDERR_REDIRECT] 
2026-07-09 00:37:01,004 [ERROR] LogOutputStream:75 - [STDERR_REDIRECT] [Fatal Error] :1:1: Premature end of file.
2026-07-09 00:37:01,004 [ERROR] LogOutputStream:75 - [STDERR_REDIRECT] 
2026-07-09 00:37:02,009 [ERROR] LogOutputStream:75 - [STDERR_REDIRECT] [Fatal Error] :1:1: Premature end of file.
2026-07-09 00:37:02,009 [ERROR] LogOutputStream:75 - [STDERR_REDIRECT] 
2026-07-09 00:37:03,007 [ERROR] LogOutputStream:75 - [STDERR_REDIRECT] [Fatal Error] :1:1: Premature end of file.
2026-07-09 00:37:03,008 [ERROR] LogOutputStream:75 - [STDERR_REDIRECT] 
2026-07-09 00:37:04,010 [ERROR] LogOutputStream:75 - [STDERR_REDIRECT] [Fatal Error] :1:1: Premature end of file.
2026-07-09 00:37:04,010 [ERROR] LogOutputStream:75 - [STDERR_REDIRECT] 
2026-07-09 00:37:05,008 [ERROR] LogOutputStream:75 - [STDERR_REDIRECT] [Fatal Error] :1:1: Premature end of file.
2026-07-09 00:37:05,008 [ERROR] LogOutputStream:75 - [STDERR_REDIRECT] 
2026-07-09 00:37:06,014 [ERROR] LogOutputStream:75 - [STDERR_REDIRECT] [Fatal Error] :1:1: Premature end of file.
2026-07-09 00:37:06,014 [ERROR] LogOutputStream:75 - [STDERR_REDIRECT] 
2026-07-09 00:37:07,002 [ERROR] LogOutputStream:75 - [STDERR_REDIRECT] [Fatal Error] :1:1: Premature end of file.
2026-07-09 00:37:07,002 [ERROR] LogOutputStream:75 - [STDERR_REDIRECT] 
2026-07-09 00:37:08,005 [ERROR] LogOutputStream:75 - [STDERR_REDIRECT] [Fatal Error] :1:1: Premature end of file.
2026-07-09 00:37:08,005 [ERROR] LogOutputStream:75 - [STDERR_REDIRECT] 
2026-07-09 00:37:09,003 [ERROR] LogOutputStream:75 - [STDERR_REDIRECT] [Fatal Error] :1:1: Premature end of file.
2026-07-09 00:37:09,003 [ERROR] LogOutputStream:75 - [STDERR_REDIRECT] 
2026-07-09 00:37:10,017 [ERROR] LogOutputStream:75 - [STDERR_REDIRECT] [Fatal Error] :1:1: Premature end of file.
2026-07-09 00:37:10,017 [ERROR] LogOutputStream:75 - [STDERR_REDIRECT] 
2026-07-09 00:37:11,008 [ERROR] LogOutputStream:75 - [STDERR_REDIRECT] [Fatal Error] :1:1: Premature end of file.
2026-07-09 00:37:11,008 [ERROR] LogOutputStream:75 - [STDERR_REDIRECT] 
2026-07-09 00:37:12,009 [ERROR] LogOutputStream:75 - [STDERR_REDIRECT] [Fatal Error] :1:1: Premature end of file.
2026-07-09 00:37:12,010 [ERROR] LogOutputStream:75 - [STDERR_REDIRECT] 
2026-07-09 00:37:13,009 [ERROR] LogOutputStream:75 - [STDERR_REDIRECT] [Fatal Error] :1:1: Premature end of file.
2026-07-09 00:37:13,009 [ERROR] LogOutputStream:75 - [STDERR_REDIRECT] 
2026-07-09 00:37:14,015 [ERROR] LogOutputStream:75 - [STDERR_REDIRECT] [Fatal Error] :1:1: Premature end of file.
2026-07-09 00:37:14,016 [ERROR] LogOutputStream:75 - [STDERR_REDIRECT] 
2026-07-09 00:37:15,005 [ERROR] LogOutputStream:75 - [STDERR_REDIRECT] [Fatal Error] :1:1: Premature end of file.
2026-07-09 00:37:15,005 [ERROR] LogOutputStream:75 - [STDERR_REDIRECT] 
2026-07-09 00:37:16,007 [ERROR] LogOutputStream:75 - [STDERR_REDIRECT] [Fatal Error] :1:1: Premature end of file.
2026-07-09 00:37:16,007 [ERROR] LogOutputStream:75 - [STDERR_REDIRECT] 
2026-07-09 00:37:17,014 [ERROR] LogOutputStream:75 - [STDERR_REDIRECT] [Fatal Error] :1:1: Premature end of file.
2026-07-09 00:37:17,015 [ERROR] LogOutputStream:75 - [STDERR_REDIRECT] 
2026-07-09 00:37:18,003 [ERROR] LogOutputStream:75 - [STDERR_REDIRECT] [Fatal Error] :1:1: Premature end of file.
2026-07-09 00:37:18,004 [ERROR] LogOutputStream:75 - [STDERR_REDIRECT] 
2026-07-09 00:37:19,013 [ERROR] LogOutputStream:75 - [STDERR_REDIRECT] [Fatal Error] :1:1: Premature end of file.
2026-07-09 00:37:19,013 [ERROR] LogOutputStream:75 - [STDERR_REDIRECT] 
2026-07-09 00:37:20,016 [ERROR] LogOutputStream:75 - [STDERR_REDIRECT] [Fatal Error] :1:1: Premature end of file.
2026-07-09 00:37:20,016 [ERROR] LogOutputStream:75 - [STDERR_REDIRECT] 
2026-07-09 00:37:21,016 [ERROR] LogOutputStream:75 - [STDERR_REDIRECT] [Fatal Error] :1:1: Premature end of file.
2026-07-09 00:37:21,016 [ERROR] LogOutputStream:75 - [STDERR_REDIRECT] 
2026-07-09 00:37:22,001 [ERROR] LogOutputStream:75 - [STDERR_REDIRECT] [Fatal Error] :1:1: Premature end of file.
2026-07-09 00:37:22,002 [ERROR] LogOutputStream:75 - [STDERR_REDIRECT] 
2026-07-09 00:37:23,007 [ERROR] LogOutputStream:75 - [STDERR_REDIRECT] [Fatal Error] :1:1: Premature end of file.
2026-07-09 00:37:23,008 [ERROR] LogOutputStream:75 - [STDERR_REDIRECT] 
2026-07-09 00:37:23,998 [ERROR] LogOutputStream:75 - [STDERR_REDIRECT] [Fatal Error] :1:1: Premature end of file.
2026-07-09 00:37:23,999 [ERROR] LogOutputStream:75 - [STDERR_REDIRECT] 
2026-07-09 00:37:25,005 [ERROR] LogOutputStream:75 - [STDERR_REDIRECT] [Fatal Error] :1:1: Premature end of file.
2026-07-09 00:37:25,006 [ERROR] LogOutputStream:75 - [STDERR_REDIRECT] 
2026-07-09 00:37:26,003 [ERROR] LogOutputStream:75 - [STDERR_REDIRECT] [Fatal Error] :1:1: Premature end of file.
2026-07-09 00:37:26,003 [ERROR] LogOutputStream:75 - [STDERR_REDIRECT] 
2026-07-09 00:37:27,016 [ERROR] LogOutputStream:75 - [STDERR_REDIRECT] [Fatal Error] :1:1: Premature end of file.
2026-07-09 00:37:27,017 [ERROR] LogOutputStream:75 - [STDERR_REDIRECT] 
2026-07-09 00:37:27,999 [ERROR] LogOutputStream:75 - [STDERR_REDIRECT] [Fatal Error] :1:1: Premature end of file.
2026-07-09 00:37:28,000 [ERROR] LogOutputStream:75 - [STDERR_REDIRECT] 
2026-07-09 00:37:29,007 [ERROR] LogOutputStream:75 - [STDERR_REDIRECT] [Fatal Error] :1:1: Premature end of file.
2026-07-09 00:37:29,008 [ERROR] LogOutputStream:75 - [STDERR_REDIRECT] 
2026-07-09 00:37:30,005 [ERROR] LogOutputStream:75 - [STDERR_REDIRECT] [Fatal Error] :1:1: Premature end of file.
2026-07-09 00:37:30,006 [ERROR] LogOutputStream:75 - [STDERR_REDIRECT] 
2026-07-09 00:37:31,017 [ERROR] LogOutputStream:75 - [STDERR_REDIRECT] [Fatal Error] :1:1: Premature end of file.
2026-07-09 00:37:31,017 [ERROR] LogOutputStream:75 - [STDERR_REDIRECT] 
2026-07-09 00:37:32,001 [ERROR] LogOutputStream:75 - [STDERR_REDIRECT] [Fatal Error] :1:1: Premature end of file.
2026-07-09 00:37:32,002 [ERROR] LogOutputStream:75 - [STDERR_REDIRECT] 
2026-07-09 00:37:32,999 [ERROR] LogOutputStream:75 - [STDERR_REDIRECT] [Fatal Error] :1:1: Premature end of file.
2026-07-09 00:37:33,000 [ERROR] LogOutputStream:75 - [STDERR_REDIRECT] 
2026-07-09 00:37:34,010 [ERROR] LogOutputStream:75 - [STDERR_REDIRECT] [Fatal Error] :1:1: Premature end of file.
2026-07-09 00:37:34,010 [ERROR] LogOutputStream:75 - [STDERR_REDIRECT] 
2026-07-09 00:37:35,007 [ERROR] LogOutputStream:75 - [STDERR_REDIRECT] [Fatal Error] :1:1: Premature end of file.
2026-07-09 00:37:35,007 [ERROR] LogOutputStream:75 - [STDERR_REDIRECT] 
2026-07-09 00:37:36,006 [ERROR] LogOutputStream:75 - [STDERR_REDIRECT] [Fatal Error] :1:1: Premature end of file.
2026-07-09 00:37:36,007 [ERROR] LogOutputStream:75 - [STDERR_REDIRECT] 
2026-07-09 00:37:37,013 [ERROR] LogOutputStream:75 - [STDERR_REDIRECT] [Fatal Error] :1:1: Premature end of file.
2026-07-09 00:37:37,013 [ERROR] LogOutputStream:75 - [STDERR_REDIRECT] 
2026-07-09 00:37:38,009 [ERROR] LogOutputStream:75 - [STDERR_REDIRECT] [Fatal Error] :1:1: Premature end of file.
2026-07-09 00:37:38,010 [ERROR] LogOutputStream:75 - [STDERR_REDIRECT] 
2026-07-09 00:37:39,004 [ERROR] LogOutputStream:75 - [STDERR_REDIRECT] [Fatal Error] :1:1: Premature end of file.
2026-07-09 00:37:39,005 [ERROR] LogOutputStream:75 - [STDERR_REDIRECT] 
2026-07-09 00:37:40,014 [ERROR] LogOutputStream:75 - [STDERR_REDIRECT] [Fatal Error] :1:1: Premature end of file.
2026-07-09 00:37:40,014 [ERROR] LogOutputStream:75 - [STDERR_REDIRECT] 
2026-07-09 00:37:41,010 [ERROR] LogOutputStream:75 - [STDERR_REDIRECT] [Fatal Error] :1:1: Premature end of file.
2026-07-09 00:37:41,010 [ERROR] LogOutputStream:75 - [STDERR_REDIRECT] 
2026-07-09 00:37:42,004 [ERROR] LogOutputStream:75 - [STDERR_REDIRECT] [Fatal Error] :1:1: Premature end of file.
2026-07-09 00:37:42,004 [ERROR] LogOutputStream:75 - [STDERR_REDIRECT] 
2026-07-09 00:37:43,007 [ERROR] LogOutputStream:75 - [STDERR_REDIRECT] [Fatal Error] :1:1: Premature end of file.
2026-07-09 00:37:43,008 [ERROR] LogOutputStream:75 - [STDERR_REDIRECT] 
2026-07-09 00:37:44,004 [ERROR] LogOutputStream:75 - [STDERR_REDIRECT] [Fatal Error] :1:1: Premature end of file.
2026-07-09 00:37:44,004 [ERROR] LogOutputStream:75 - [STDERR_REDIRECT] 
2026-07-09 00:37:45,014 [ERROR] LogOutputStream:75 - [STDERR_REDIRECT] [Fatal Error] :1:1: Premature end of file.
2026-07-09 00:37:45,014 [ERROR] LogOutputStream:75 - [STDERR_REDIRECT] 
2026-07-09 00:37:46,003 [ERROR] LogOutputStream:75 - [STDERR_REDIRECT] [Fatal Error] :1:1: Premature end of file.
2026-07-09 00:37:46,003 [ERROR] LogOutputStream:75 - [STDERR_REDIRECT] 
2026-07-09 00:37:47,015 [ERROR] LogOutputStream:75 - [STDERR_REDIRECT] [Fatal Error] :1:1: Premature end of file.
2026-07-09 00:37:47,016 [ERROR] LogOutputStream:75 - [STDERR_REDIRECT] 
2026-07-09 00:37:48,016 [ERROR] LogOutputStream:75 - [STDERR_REDIRECT] [Fatal Error] :1:1: Premature end of file.
2026-07-09 00:37:48,016 [ERROR] LogOutputStream:75 - [STDERR_REDIRECT] 
2026-07-09 00:37:49,017 [ERROR] LogOutputStream:75 - [STDERR_REDIRECT] [Fatal Error] :1:1: Premature end of file.
2026-07-09 00:37:49,017 [ERROR] LogOutputStream:75 - [STDERR_REDIRECT] 
2026-07-09 00:37:50,012 [ERROR] LogOutputStream:75 - [STDERR_REDIRECT] [Fatal Error] :1:1: Premature end of file.
2026-07-09 00:37:50,013 [ERROR] LogOutputStream:75 - [STDERR_REDIRECT] 
2026-07-09 00:37:51,013 [ERROR] LogOutputStream:75 - [STDERR_REDIRECT] [Fatal Error] :1:1: Premature end of file.
2026-07-09 00:37:51,013 [ERROR] LogOutputStream:75 - [STDERR_REDIRECT] 
2026-07-09 00:37:52,018 [ERROR] LogOutputStream:75 - [STDERR_REDIRECT] [Fatal Error] :1:1: Premature end of file.
2026-07-09 00:37:52,018 [ERROR] LogOutputStream:75 - [STDERR_REDIRECT] 
2026-07-09 00:37:52,999 [ERROR] LogOutputStream:75 - [STDERR_REDIRECT] [Fatal Error] :1:1: Premature end of file.
2026-07-09 00:37:52,999 [ERROR] LogOutputStream:75 - [STDERR_REDIRECT] 
2026-07-09 00:37:54,005 [ERROR] LogOutputStream:75 - [STDERR_REDIRECT] [Fatal Error] :1:1: Premature end of file.
2026-07-09 00:37:54,006 [ERROR] LogOutputStream:75 - [STDERR_REDIRECT] 
2026-07-09 00:37:55,005 [ERROR] LogOutputStream:75 - [STDERR_REDIRECT] [Fatal Error] :1:1: Premature end of file.
2026-07-09 00:37:55,005 [ERROR] LogOutputStream:75 - [STDERR_REDIRECT] 
2026-07-09 00:37:56,003 [ERROR] LogOutputStream:75 - [STDERR_REDIRECT] [Fatal Error] :1:1: Premature end of file.
2026-07-09 00:37:56,004 [ERROR] LogOutputStream:75 - [STDERR_REDIRECT] 
2026-07-09 00:37:57,011 [ERROR] LogOutputStream:75 - [STDERR_REDIRECT] [Fatal Error] :1:1: Premature end of file.
2026-07-09 00:37:57,011 [ERROR] LogOutputStream:75 - [STDERR_REDIRECT] 
2026-07-09 00:37:58,008 [ERROR] LogOutputStream:75 - [STDERR_REDIRECT] [Fatal Error] :1:1: Premature end of file.
2026-07-09 00:37:58,008 [ERROR] LogOutputStream:75 - [STDERR_REDIRECT] 
2026-07-09 00:37:59,015 [ERROR] LogOutputStream:75 - [STDERR_REDIRECT] [Fatal Error] :1:1: Premature end of file.
2026-07-09 00:37:59,016 [ERROR] LogOutputStream:75 - [STDERR_REDIRECT] 
2026-07-09 00:38:00,002 [ERROR] LogOutputStream:75 - [STDERR_REDIRECT] [Fatal Error] :1:1: Premature end of file.
2026-07-09 00:38:00,002 [ERROR] LogOutputStream:75 - [STDERR_REDIRECT] 
2026-07-09 00:38:01,008 [ERROR] LogOutputStream:75 - [STDERR_REDIRECT] [Fatal Error] :1:1: Premature end of file.
2026-07-09 00:38:01,008 [ERROR] LogOutputStream:75 - [STDERR_REDIRECT] 
2026-07-09 00:38:02,006 [ERROR] LogOutputStream:75 - [STDERR_REDIRECT] [Fatal Error] :1:1: Premature end of file.
2026-07-09 00:38:02,006 [ERROR] LogOutputStream:75 - [STDERR_REDIRECT] 
2026-07-09 00:38:03,015 [ERROR] LogOutputStream:75 - [STDERR_REDIRECT] [Fatal Error] :1:1: Premature end of file.
2026-07-09 00:38:03,015 [ERROR] LogOutputStream:75 - [STDERR_REDIRECT] 
2026-07-09 00:38:04,011 [ERROR] LogOutputStream:75 - [STDERR_REDIRECT] [Fatal Error] :1:1: Premature end of file.
2026-07-09 00:38:04,012 [ERROR] LogOutputStream:75 - [STDERR_REDIRECT] 
2026-07-09 00:38:05,009 [ERROR] LogOutputStream:75 - [STDERR_REDIRECT] [Fatal Error] :1:1: Premature end of file.
2026-07-09 00:38:05,010 [ERROR] LogOutputStream:75 - [STDERR_REDIRECT] 
2026-07-09 00:38:06,010 [ERROR] LogOutputStream:75 - [STDERR_REDIRECT] [Fatal Error] :1:1: Premature end of file.
2026-07-09 00:38:06,010 [ERROR] LogOutputStream:75 - [STDERR_REDIRECT] 
2026-07-09 00:38:07,001 [ERROR] LogOutputStream:75 - [STDERR_REDIRECT] [Fatal Error] :1:1: Premature end of file.
2026-07-09 00:38:07,001 [ERROR] LogOutputStream:75 - [STDERR_REDIRECT] 
2026-07-09 00:38:08,002 [ERROR] LogOutputStream:75 - [STDERR_REDIRECT] [Fatal Error] :1:1: Premature end of file.
2026-07-09 00:38:08,002 [ERROR] LogOutputStream:75 - [STDERR_REDIRECT] 
2026-07-09 00:38:09,004 [ERROR] LogOutputStream:75 - [STDERR_REDIRECT] [Fatal Error] :1:1: Premature end of file.
2026-07-09 00:38:09,005 [ERROR] LogOutputStream:75 - [STDERR_REDIRECT] 
2026-07-09 00:38:10,012 [ERROR] LogOutputStream:75 - [STDERR_REDIRECT] [Fatal Error] :1:1: Premature end of file.
2026-07-09 00:38:10,012 [ERROR] LogOutputStream:75 - [STDERR_REDIRECT] 
2026-07-09 00:38:11,003 [ERROR] LogOutputStream:75 - [STDERR_REDIRECT] [Fatal Error] :1:1: Premature end of file.
2026-07-09 00:38:11,003 [ERROR] LogOutputStream:75 - [STDERR_REDIRECT] 
2026-07-09 00:38:12,006 [ERROR] LogOutputStream:75 - [STDERR_REDIRECT] [Fatal Error] :1:1: Premature end of file.
2026-07-09 00:38:12,007 [ERROR] LogOutputStream:75 - [STDERR_REDIRECT] 
2026-07-09 00:38:13,017 [ERROR] LogOutputStream:75 - [STDERR_REDIRECT] [Fatal Error] :1:1: Premature end of file.
2026-07-09 00:38:13,017 [ERROR] LogOutputStream:75 - [STDERR_REDIRECT] 
2026-07-09 00:38:14,005 [ERROR] LogOutputStream:75 - [STDERR_REDIRECT] [Fatal Error] :1:1: Premature end of file.
2026-07-09 00:38:14,006 [ERROR] LogOutputStream:75 - [STDERR_REDIRECT] 
2026-07-09 00:38:15,013 [ERROR] LogOutputStream:75 - [STDERR_REDIRECT] [Fatal Error] :1:1: Premature end of file.
2026-07-09 00:38:15,013 [ERROR] LogOutputStream:75 - [STDERR_REDIRECT] 
2026-07-09 00:38:16,005 [ERROR] LogOutputStream:75 - [STDERR_REDIRECT] [Fatal Error] :1:1: Premature end of file.
2026-07-09 00:38:16,006 [ERROR] LogOutputStream:75 - [STDERR_REDIRECT] 
2026-07-09 00:38:17,007 [ERROR] LogOutputStream:75 - [STDERR_REDIRECT] [Fatal Error] :1:1: Premature end of file.
2026-07-09 00:38:17,007 [ERROR] LogOutputStream:75 - [STDERR_REDIRECT] 
2026-07-09 00:38:18,011 [ERROR] LogOutputStream:75 - [STDERR_REDIRECT] [Fatal Error] :1:1: Premature end of file.
2026-07-09 00:38:18,011 [ERROR] LogOutputStream:75 - [STDERR_REDIRECT] 
2026-07-09 00:38:19,015 [ERROR] LogOutputStream:75 - [STDERR_REDIRECT] [Fatal Error] :1:1: Premature end of file.
2026-07-09 00:38:19,015 [ERROR] LogOutputStream:75 - [STDERR_REDIRECT] 
2026-07-09 00:38:20,007 [ERROR] LogOutputStream:75 - [STDERR_REDIRECT] [Fatal Error] :1:1: Premature end of file.
2026-07-09 00:38:20,007 [ERROR] LogOutputStream:75 - [STDERR_REDIRECT] 
2026-07-09 00:38:21,011 [ERROR] LogOutputStream:75 - [STDERR_REDIRECT] [Fatal Error] :1:1: Premature end of file.
2026-07-09 00:38:21,012 [ERROR] LogOutputStream:75 - [STDERR_REDIRECT] 
2026-07-09 00:38:22,012 [ERROR] LogOutputStream:75 - [STDERR_REDIRECT] [Fatal Error] :1:1: Premature end of file.
2026-07-09 00:38:22,012 [ERROR] LogOutputStream:75 - [STDERR_REDIRECT] 
2026-07-09 00:38:23,004 [ERROR] LogOutputStream:75 - [STDERR_REDIRECT] [Fatal Error] :1:1: Premature end of file.
2026-07-09 00:38:23,004 [ERROR] LogOutputStream:75 - [STDERR_REDIRECT] 
2026-07-09 00:38:24,008 [ERROR] LogOutputStream:75 - [STDERR_REDIRECT] [Fatal Error] :1:1: Premature end of file.
2026-07-09 00:38:24,008 [ERROR] LogOutputStream:75 - [STDERR_REDIRECT] 
2026-07-09 00:38:25,000 [ERROR] LogOutputStream:75 - [STDERR_REDIRECT] [Fatal Error] :1:1: Premature end of file.
2026-07-09 00:38:25,001 [ERROR] LogOutputStream:75 - [STDERR_REDIRECT] 
2026-07-09 00:38:26,004 [ERROR] LogOutputStream:75 - [STDERR_REDIRECT] [Fatal Error] :1:1: Premature end of file.
2026-07-09 00:38:26,005 [ERROR] LogOutputStream:75 - [STDERR_REDIRECT] 
2026-07-09 00:38:27,008 [ERROR] LogOutputStream:75 - [STDERR_REDIRECT] [Fatal Error] :1:1: Premature end of file.
2026-07-09 00:38:27,009 [ERROR] LogOutputStream:75 - [STDERR_REDIRECT] 
2026-07-09 00:38:28,014 [ERROR] LogOutputStream:75 - [STDERR_REDIRECT] [Fatal Error] :1:1: Premature end of file.
2026-07-09 00:38:28,014 [ERROR] LogOutputStream:75 - [STDERR_REDIRECT] 
2026-07-09 00:38:29,019 [ERROR] LogOutputStream:75 - [STDERR_REDIRECT] [Fatal Error] :1:1: Premature end of file.
2026-07-09 00:38:29,020 [ERROR] LogOutputStream:75 - [STDERR_REDIRECT] 
2026-07-09 00:38:30,015 [ERROR] LogOutputStream:75 - [STDERR_REDIRECT] [Fatal Error] :1:1: Premature end of file.
2026-07-09 00:38:30,016 [ERROR] LogOutputStream:75 - [STDERR_REDIRECT] 
2026-07-09 00:38:31,004 [ERROR] LogOutputStream:75 - [STDERR_REDIRECT] [Fatal Error] :1:1: Premature end of file.
2026-07-09 00:38:31,004 [ERROR] LogOutputStream:75 - [STDERR_REDIRECT] 
2026-07-09 00:38:32,011 [ERROR] LogOutputStream:75 - [STDERR_REDIRECT] [Fatal Error] :1:1: Premature end of file.
2026-07-09 00:38:32,011 [ERROR] LogOutputStream:75 - [STDERR_REDIRECT] 
2026-07-09 00:38:33,018 [ERROR] LogOutputStream:75 - [STDERR_REDIRECT] [Fatal Error] :1:1: Premature end of file.
2026-07-09 00:38:33,018 [ERROR] LogOutputStream:75 - [STDERR_REDIRECT] 
2026-07-09 00:38:34,010 [ERROR] LogOutputStream:75 - [STDERR_REDIRECT] [Fatal Error] :1:1: Premature end of file.
2026-07-09 00:38:34,010 [ERROR] LogOutputStream:75 - [STDERR_REDIRECT] 
2026-07-09 00:38:35,016 [ERROR] LogOutputStream:75 - [STDERR_REDIRECT] [Fatal Error] :1:1: Premature end of file.
2026-07-09 00:38:35,017 [ERROR] LogOutputStream:75 - [STDERR_REDIRECT] 
2026-07-09 00:38:36,005 [ERROR] LogOutputStream:75 - [STDERR_REDIRECT] [Fatal Error] :1:1: Premature end of file.
2026-07-09 00:38:36,006 [ERROR] LogOutputStream:75 - [STDERR_REDIRECT] 
2026-07-09 00:38:37,027 [ERROR] LogOutputStream:75 - [STDERR_REDIRECT] [Fatal Error] :1:1: Premature end of file.
2026-07-09 00:38:37,027 [ERROR] LogOutputStream:75 - [STDERR_REDIRECT] 
2026-07-09 00:38:38,006 [ERROR] LogOutputStream:75 - [STDERR_REDIRECT] [Fatal Error] :1:1: Premature end of file.
2026-07-09 00:38:38,008 [ERROR] LogOutputStream:75 - [STDERR_REDIRECT] 
2026-07-09 00:38:39,023 [ERROR] LogOutputStream:75 - [STDERR_REDIRECT] [Fatal Error] :1:1: Premature end of file.
2026-07-09 00:38:39,024 [ERROR] LogOutputStream:75 - [STDERR_REDIRECT] 
2026-07-09 00:38:40,007 [ERROR] LogOutputStream:75 - [STDERR_REDIRECT] [Fatal Error] :1:1: Premature end of file.
2026-07-09 00:38:40,007 [ERROR] LogOutputStream:75 - [STDERR_REDIRECT] 
2026-07-09 00:38:41,008 [ERROR] LogOutputStream:75 - [STDERR_REDIRECT] [Fatal Error] :1:1: Premature end of file.
2026-07-09 00:38:41,008 [ERROR] LogOutputStream:75 - [STDERR_REDIRECT] 
2026-07-09 00:38:42,007 [ERROR] LogOutputStream:75 - [STDERR_REDIRECT] [Fatal Error] :1:1: Premature end of file.
2026-07-09 00:38:42,008 [ERROR] LogOutputStream:75 - [STDERR_REDIRECT] 
2026-07-09 00:38:43,008 [ERROR] LogOutputStream:75 - [STDERR_REDIRECT] [Fatal Error] :1:1: Premature end of file.
2026-07-09 00:38:43,008 [ERROR] LogOutputStream:75 - [STDERR_REDIRECT] 
2026-07-09 00:38:44,007 [ERROR] LogOutputStream:75 - [STDERR_REDIRECT] [Fatal Error] :1:1: Premature end of file.
2026-07-09 00:38:44,007 [ERROR] LogOutputStream:75 - [STDERR_REDIRECT] 
2026-07-09 00:38:45,003 [ERROR] LogOutputStream:75 - [STDERR_REDIRECT] [Fatal Error] :1:1: Premature end of file.
2026-07-09 00:38:45,003 [ERROR] LogOutputStream:75 - [STDERR_REDIRECT] 
2026-07-09 00:38:46,004 [ERROR] LogOutputStream:75 - [STDERR_REDIRECT] [Fatal Error] :1:1: Premature end of file.
2026-07-09 00:38:46,004 [ERROR] LogOutputStream:75 - [STDERR_REDIRECT] 
2026-07-09 00:38:47,019 [ERROR] LogOutputStream:75 - [STDERR_REDIRECT] [Fatal Error] :1:1: Premature end of file.
2026-07-09 00:38:47,019 [ERROR] LogOutputStream:75 - [STDERR_REDIRECT] 
2026-07-09 00:38:48,004 [ERROR] LogOutputStream:75 - [STDERR_REDIRECT] [Fatal Error] :1:1: Premature end of file.
2026-07-09 00:38:48,004 [ERROR] LogOutputStream:75 - [STDERR_REDIRECT] 
2026-07-09 00:38:49,011 [ERROR] LogOutputStream:75 - [STDERR_REDIRECT] [Fatal Error] :1:1: Premature end of file.
2026-07-09 00:38:49,011 [ERROR] LogOutputStream:75 - [STDERR_REDIRECT] 
2026-07-09 00:38:50,013 [ERROR] LogOutputStream:75 - [STDERR_REDIRECT] [Fatal Error] :1:1: Premature end of file.
2026-07-09 00:38:50,013 [ERROR] LogOutputStream:75 - [STDERR_REDIRECT] 
2026-07-09 00:38:51,007 [ERROR] LogOutputStream:75 - [STDERR_REDIRECT] [Fatal Error] :1:1: Premature end of file.
2026-07-09 00:38:51,007 [ERROR] LogOutputStream:75 - [STDERR_REDIRECT] 
2026-07-09 00:38:52,013 [ERROR] LogOutputStream:75 - [STDERR_REDIRECT] [Fatal Error] :1:1: Premature end of file.
2026-07-09 00:38:52,013 [ERROR] LogOutputStream:75 - [STDERR_REDIRECT] 
2026-07-09 00:38:53,017 [ERROR] LogOutputStream:75 - [STDERR_REDIRECT] [Fatal Error] :1:1: Premature end of file.
2026-07-09 00:38:53,017 [ERROR] LogOutputStream:75 - [STDERR_REDIRECT] 
2026-07-09 00:38:54,010 [ERROR] LogOutputStream:75 - [STDERR_REDIRECT] [Fatal Error] :1:1: Premature end of file.
2026-07-09 00:38:54,010 [ERROR] LogOutputStream:75 - [STDERR_REDIRECT] 
2026-07-09 00:38:55,015 [ERROR] LogOutputStream:75 - [STDERR_REDIRECT] [Fatal Error] :1:1: Premature end of file.
2026-07-09 00:38:55,015 [ERROR] LogOutputStream:75 - [STDERR_REDIRECT] 
2026-07-09 00:38:56,017 [ERROR] LogOutputStream:75 - [STDERR_REDIRECT] [Fatal Error] :1:1: Premature end of file.
2026-07-09 00:38:56,017 [ERROR] LogOutputStream:75 - [STDERR_REDIRECT] 
2026-07-09 00:38:57,010 [ERROR] LogOutputStream:75 - [STDERR_REDIRECT] [Fatal Error] :1:1: Premature end of file.
2026-07-09 00:38:57,010 [ERROR] LogOutputStream:75 - [STDERR_REDIRECT] 
2026-07-09 00:38:58,010 [ERROR] LogOutputStream:75 - [STDERR_REDIRECT] [Fatal Error] :1:1: Premature end of file.
2026-07-09 00:38:58,011 [ERROR] LogOutputStream:75 - [STDERR_REDIRECT] 
2026-07-09 00:38:59,011 [ERROR] LogOutputStream:75 - [STDERR_REDIRECT] [Fatal Error] :1:1: Premature end of file.
2026-07-09 00:38:59,011 [ERROR] LogOutputStream:75 - [STDERR_REDIRECT] 
2026-07-09 00:39:00,012 [ERROR] LogOutputStream:75 - [STDERR_REDIRECT] [Fatal Error] :1:1: Premature end of file.
2026-07-09 00:39:00,012 [ERROR] LogOutputStream:75 - [STDERR_REDIRECT] 
2026-07-09 00:39:01,010 [ERROR] LogOutputStream:75 - [STDERR_REDIRECT] [Fatal Error] :1:1: Premature end of file.
2026-07-09 00:39:01,010 [ERROR] LogOutputStream:75 - [STDERR_REDIRECT] 
2026-07-09 00:39:02,007 [ERROR] LogOutputStream:75 - [STDERR_REDIRECT] [Fatal Error] :1:1: Premature end of file.
2026-07-09 00:39:02,007 [ERROR] LogOutputStream:75 - [STDERR_REDIRECT] 
2026-07-09 00:39:03,008 [ERROR] LogOutputStream:75 - [STDERR_REDIRECT] [Fatal Error] :1:1: Premature end of file.
2026-07-09 00:39:03,008 [ERROR] LogOutputStream:75 - [STDERR_REDIRECT] 
2026-07-09 00:39:04,011 [ERROR] LogOutputStream:75 - [STDERR_REDIRECT] [Fatal Error] :1:1: Premature end of file.
2026-07-09 00:39:04,011 [ERROR] LogOutputStream:75 - [STDERR_REDIRECT] 
2026-07-09 00:39:04,997 [ERROR] LogOutputStream:75 - [STDERR_REDIRECT] [Fatal Error] :1:1: Premature end of file.
2026-07-09 00:39:04,997 [ERROR] LogOutputStream:75 - [STDERR_REDIRECT] 
2026-07-09 00:39:06,010 [ERROR] LogOutputStream:75 - [STDERR_REDIRECT] [Fatal Error] :1:1: Premature end of file.
2026-07-09 00:39:06,011 [ERROR] LogOutputStream:75 - [STDERR_REDIRECT] 
2026-07-09 00:39:07,010 [ERROR] LogOutputStream:75 - [STDERR_REDIRECT] [Fatal Error] :1:1: Premature end of file.
2026-07-09 00:39:07,010 [ERROR] LogOutputStream:75 - [STDERR_REDIRECT] 
2026-07-09 00:39:08,002 [ERROR] LogOutputStream:75 - [STDERR_REDIRECT] [Fatal Error] :1:1: Premature end of file.
2026-07-09 00:39:08,002 [ERROR] LogOutputStream:75 - [STDERR_REDIRECT] 
2026-07-09 00:39:08,998 [ERROR] LogOutputStream:75 - [STDERR_REDIRECT] [Fatal Error] :1:1: Premature end of file.
2026-07-09 00:39:08,999 [ERROR] LogOutputStream:75 - [STDERR_REDIRECT] 
2026-07-09 00:39:10,010 [ERROR] LogOutputStream:75 - [STDERR_REDIRECT] [Fatal Error] :1:1: Premature end of file.
2026-07-09 00:39:10,010 [ERROR] LogOutputStream:75 - [STDERR_REDIRECT] 
2026-07-09 00:39:11,009 [ERROR] LogOutputStream:75 - [STDERR_REDIRECT] [Fatal Error] :1:1: Premature end of file.
2026-07-09 00:39:11,010 [ERROR] LogOutputStream:75 - [STDERR_REDIRECT] 
2026-07-09 00:39:12,012 [ERROR] LogOutputStream:75 - [STDERR_REDIRECT] [Fatal Error] :1:1: Premature end of file.
2026-07-09 00:39:12,012 [ERROR] LogOutputStream:75 - [STDERR_REDIRECT] 
2026-07-09 00:39:13,001 [ERROR] LogOutputStream:75 - [STDERR_REDIRECT] [Fatal Error] :1:1: Premature end of file.
2026-07-09 00:39:13,003 [ERROR] LogOutputStream:75 - [STDERR_REDIRECT] 
2026-07-09 00:39:14,012 [ERROR] LogOutputStream:75 - [STDERR_REDIRECT] [Fatal Error] :1:1: Premature end of file.
2026-07-09 00:39:14,012 [ERROR] LogOutputStream:75 - [STDERR_REDIRECT] 
2026-07-09 00:39:15,010 [ERROR] LogOutputStream:75 - [STDERR_REDIRECT] [Fatal Error] :1:1: Premature end of file.
2026-07-09 00:39:15,010 [ERROR] LogOutputStream:75 - [STDERR_REDIRECT] 
2026-07-09 00:39:16,002 [ERROR] LogOutputStream:75 - [STDERR_REDIRECT] [Fatal Error] :1:1: Premature end of file.
2026-07-09 00:39:16,003 [ERROR] LogOutputStream:75 - [STDERR_REDIRECT] 
2026-07-09 00:39:17,006 [ERROR] LogOutputStream:75 - [STDERR_REDIRECT] [Fatal Error] :1:1: Premature end of file.
2026-07-09 00:39:17,006 [ERROR] LogOutputStream:75 - [STDERR_REDIRECT] 
2026-07-09 00:39:18,002 [ERROR] LogOutputStream:75 - [STDERR_REDIRECT] [Fatal Error] :1:1: Premature end of file.
2026-07-09 00:39:18,002 [ERROR] LogOutputStream:75 - [STDERR_REDIRECT] 
2026-07-09 00:39:19,013 [ERROR] LogOutputStream:75 - [STDERR_REDIRECT] [Fatal Error] :1:1: Premature end of file.
2026-07-09 00:39:19,014 [ERROR] LogOutputStream:75 - [STDERR_REDIRECT] 
2026-07-09 00:39:20,011 [ERROR] LogOutputStream:75 - [STDERR_REDIRECT] [Fatal Error] :1:1: Premature end of file.
2026-07-09 00:39:20,011 [ERROR] LogOutputStream:75 - [STDERR_REDIRECT] 
2026-07-09 00:39:21,003 [ERROR] LogOutputStream:75 - [STDERR_REDIRECT] [Fatal Error] :1:1: Premature end of file.
2026-07-09 00:39:21,004 [ERROR] LogOutputStream:75 - [STDERR_REDIRECT] 
2026-07-09 00:39:22,018 [ERROR] LogOutputStream:75 - [STDERR_REDIRECT] [Fatal Error] :1:1: Premature end of file.
2026-07-09 00:39:22,019 [ERROR] LogOutputStream:75 - [STDERR_REDIRECT] 
2026-07-09 00:39:23,014 [ERROR] LogOutputStream:75 - [STDERR_REDIRECT] [Fatal Error] :1:1: Premature end of file.
2026-07-09 00:39:23,014 [ERROR] LogOutputStream:75 - [STDERR_REDIRECT] 
2026-07-09 00:39:24,007 [ERROR] LogOutputStream:75 - [STDERR_REDIRECT] [Fatal Error] :1:1: Premature end of file.
2026-07-09 00:39:24,008 [ERROR] LogOutputStream:75 - [STDERR_REDIRECT] 
2026-07-09 00:39:25,000 [ERROR] LogOutputStream:75 - [STDERR_REDIRECT] [Fatal Error] :1:1: Premature end of file.
2026-07-09 00:39:25,000 [ERROR] LogOutputStream:75 - [STDERR_REDIRECT] 
2026-07-09 00:39:26,004 [ERROR] LogOutputStream:75 - [STDERR_REDIRECT] [Fatal Error] :1:1: Premature end of file.
2026-07-09 00:39:26,004 [ERROR] LogOutputStream:75 - [STDERR_REDIRECT] 
2026-07-09 00:39:27,012 [ERROR] LogOutputStream:75 - [STDERR_REDIRECT] [Fatal Error] :1:1: Premature end of file.
2026-07-09 00:39:27,012 [ERROR] LogOutputStream:75 - [STDERR_REDIRECT] 
2026-07-09 00:39:28,015 [ERROR] LogOutputStream:75 - [STDERR_REDIRECT] [Fatal Error] :1:1: Premature end of file.
2026-07-09 00:39:28,015 [ERROR] LogOutputStream:75 - [STDERR_REDIRECT] 
2026-07-09 00:39:29,007 [ERROR] LogOutputStream:75 - [STDERR_REDIRECT] [Fatal Error] :1:1: Premature end of file.
2026-07-09 00:39:29,009 [ERROR] LogOutputStream:75 - [STDERR_REDIRECT] 
2026-07-09 00:39:30,017 [ERROR] LogOutputStream:75 - [STDERR_REDIRECT] [Fatal Error] :1:1: Premature end of file.
2026-07-09 00:39:30,017 [ERROR] LogOutputStream:75 - [STDERR_REDIRECT] 
2026-07-09 00:39:31,010 [ERROR] LogOutputStream:75 - [STDERR_REDIRECT] [Fatal Error] :1:1: Premature end of file.
2026-07-09 00:39:31,010 [ERROR] LogOutputStream:75 - [STDERR_REDIRECT] 
2026-07-09 00:39:32,015 [ERROR] LogOutputStream:75 - [STDERR_REDIRECT] [Fatal Error] :1:1: Premature end of file.
2026-07-09 00:39:32,016 [ERROR] LogOutputStream:75 - [STDERR_REDIRECT] 
2026-07-09 00:39:33,001 [ERROR] LogOutputStream:75 - [STDERR_REDIRECT] [Fatal Error] :1:1: Premature end of file.
2026-07-09 00:39:33,005 [ERROR] LogOutputStream:75 - [STDERR_REDIRECT] 
2026-07-09 00:39:34,003 [ERROR] LogOutputStream:75 - [STDERR_REDIRECT] [Fatal Error] :1:1: Premature end of file.
2026-07-09 00:39:34,004 [ERROR] LogOutputStream:75 - [STDERR_REDIRECT] 
2026-07-09 00:39:35,008 [ERROR] LogOutputStream:75 - [STDERR_REDIRECT] [Fatal Error] :1:1: Premature end of file.
2026-07-09 00:39:35,008 [ERROR] LogOutputStream:75 - [STDERR_REDIRECT] 
2026-07-09 00:39:36,011 [ERROR] LogOutputStream:75 - [STDERR_REDIRECT] [Fatal Error] :1:1: Premature end of file.
2026-07-09 00:39:36,012 [ERROR] LogOutputStream:75 - [STDERR_REDIRECT] 
2026-07-09 00:39:37,031 [ERROR] LogOutputStream:75 - [STDERR_REDIRECT] [Fatal Error] :1:1: Premature end of file.
2026-07-09 00:39:37,031 [ERROR] LogOutputStream:75 - [STDERR_REDIRECT] 
2026-07-09 00:39:38,018 [ERROR] LogOutputStream:75 - [STDERR_REDIRECT] [Fatal Error] :1:1: Premature end of file.
2026-07-09 00:39:38,018 [ERROR] LogOutputStream:75 - [STDERR_REDIRECT] 
2026-07-09 00:39:39,012 [ERROR] LogOutputStream:75 - [STDERR_REDIRECT] [Fatal Error] :1:1: Premature end of file.
2026-07-09 00:39:39,012 [ERROR] LogOutputStream:75 - [STDERR_REDIRECT] 
2026-07-09 00:39:40,015 [ERROR] LogOutputStream:75 - [STDERR_REDIRECT] [Fatal Error] :1:1: Premature end of file.
2026-07-09 00:39:40,015 [ERROR] LogOutputStream:75 - [STDERR_REDIRECT] 
2026-07-09 00:39:41,016 [ERROR] LogOutputStream:75 - [STDERR_REDIRECT] [Fatal Error] :1:1: Premature end of file.
2026-07-09 00:39:41,016 [ERROR] LogOutputStream:75 - [STDERR_REDIRECT] 
2026-07-09 00:39:42,006 [ERROR] LogOutputStream:75 - [STDERR_REDIRECT] [Fatal Error] :1:1: Premature end of file.
2026-07-09 00:39:42,006 [ERROR] LogOutputStream:75 - [STDERR_REDIRECT] 
2026-07-09 00:39:43,010 [ERROR] LogOutputStream:75 - [STDERR_REDIRECT] [Fatal Error] :1:1: Premature end of file.
2026-07-09 00:39:43,011 [ERROR] LogOutputStream:75 - [STDERR_REDIRECT] 
2026-07-09 00:39:44,015 [ERROR] LogOutputStream:75 - [STDERR_REDIRECT] [Fatal Error] :1:1: Premature end of file.
2026-07-09 00:39:44,016 [ERROR] LogOutputStream:75 - [STDERR_REDIRECT] 
2026-07-09 00:39:45,000 [ERROR] LogOutputStream:75 - [STDERR_REDIRECT] [Fatal Error] :1:1: Premature end of file.
2026-07-09 00:39:45,001 [ERROR] LogOutputStream:75 - [STDERR_REDIRECT] 
2026-07-09 00:39:46,011 [ERROR] LogOutputStream:75 - [STDERR_REDIRECT] [Fatal Error] :1:1: Premature end of file.
2026-07-09 00:39:46,012 [ERROR] LogOutputStream:75 - [STDERR_REDIRECT] 
2026-07-09 00:39:47,012 [ERROR] LogOutputStream:75 - [STDERR_REDIRECT] [Fatal Error] :1:1: Premature end of file.
2026-07-09 00:39:47,012 [ERROR] LogOutputStream:75 - [STDERR_REDIRECT] 
2026-07-09 00:39:48,005 [ERROR] LogOutputStream:75 - [STDERR_REDIRECT] [Fatal Error] :1:1: Premature end of file.
2026-07-09 00:39:48,005 [ERROR] LogOutputStream:75 - [STDERR_REDIRECT] 
2026-07-09 00:39:49,011 [ERROR] LogOutputStream:75 - [STDERR_REDIRECT] [Fatal Error] :1:1: Premature end of file.
2026-07-09 00:39:49,011 [ERROR] LogOutputStream:75 - [STDERR_REDIRECT] 
2026-07-09 00:39:50,015 [ERROR] LogOutputStream:75 - [STDERR_REDIRECT] [Fatal Error] :1:1: Premature end of file.
2026-07-09 00:39:50,015 [ERROR] LogOutputStream:75 - [STDERR_REDIRECT] 
2026-07-09 00:39:51,000 [ERROR] LogOutputStream:75 - [STDERR_REDIRECT] [Fatal Error] :1:1: Premature end of file.
2026-07-09 00:39:51,001 [ERROR] LogOutputStream:75 - [STDERR_REDIRECT] 
2026-07-09 00:39:52,012 [ERROR] LogOutputStream:75 - [STDERR_REDIRECT] [Fatal Error] :1:1: Premature end of file.
2026-07-09 00:39:52,012 [ERROR] LogOutputStream:75 - [STDERR_REDIRECT] 
2026-07-09 00:39:53,011 [ERROR] LogOutputStream:75 - [STDERR_REDIRECT] [Fatal Error] :1:1: Premature end of file.
2026-07-09 00:39:53,011 [ERROR] LogOutputStream:75 - [STDERR_REDIRECT] 
2026-07-09 00:39:54,017 [ERROR] LogOutputStream:75 - [STDERR_REDIRECT] [Fatal Error] :1:1: Premature end of file.
2026-07-09 00:39:54,017 [ERROR] LogOutputStream:75 - [STDERR_REDIRECT] 
2026-07-09 00:39:55,016 [ERROR] LogOutputStream:75 - [STDERR_REDIRECT] [Fatal Error] :1:1: Premature end of file.
2026-07-09 00:39:55,017 [ERROR] LogOutputStream:75 - [STDERR_REDIRECT] 
2026-07-09 00:39:56,013 [ERROR] LogOutputStream:75 - [STDERR_REDIRECT] [Fatal Error] :1:1: Premature end of file.
2026-07-09 00:39:56,014 [ERROR] LogOutputStream:75 - [STDERR_REDIRECT] 
2026-07-09 00:39:57,014 [ERROR] LogOutputStream:75 - [STDERR_REDIRECT] [Fatal Error] :1:1: Premature end of file.
2026-07-09 00:39:57,016 [ERROR] LogOutputStream:75 - [STDERR_REDIRECT] 
2026-07-09 00:39:58,011 [ERROR] LogOutputStream:75 - [STDERR_REDIRECT] [Fatal Error] :1:1: Premature end of file.
2026-07-09 00:39:58,012 [ERROR] LogOutputStream:75 - [STDERR_REDIRECT] 
2026-07-09 00:39:59,008 [ERROR] LogOutputStream:75 - [STDERR_REDIRECT] [Fatal Error] :1:1: Premature end of file.
2026-07-09 00:39:59,008 [ERROR] LogOutputStream:75 - [STDERR_REDIRECT] 
2026-07-09 00:40:00,012 [ERROR] LogOutputStream:75 - [STDERR_REDIRECT] [Fatal Error] :1:1: Premature end of file.
2026-07-09 00:40:00,014 [ERROR] LogOutputStream:75 - [STDERR_REDIRECT] 
2026-07-09 00:40:01,005 [ERROR] LogOutputStream:75 - [STDERR_REDIRECT] [Fatal Error] :1:1: Premature end of file.
2026-07-09 00:40:01,006 [ERROR] LogOutputStream:75 - [STDERR_REDIRECT] 
2026-07-09 00:40:02,004 [ERROR] LogOutputStream:75 - [STDERR_REDIRECT] [Fatal Error] :1:1: Premature end of file.
2026-07-09 00:40:02,005 [ERROR] LogOutputStream:75 - [STDERR_REDIRECT] 
2026-07-09 00:40:03,008 [ERROR] LogOutputStream:75 - [STDERR_REDIRECT] [Fatal Error] :1:1: Premature end of file.
2026-07-09 00:40:03,008 [ERROR] LogOutputStream:75 - [STDERR_REDIRECT] 
2026-07-09 00:40:04,016 [ERROR] LogOutputStream:75 - [STDERR_REDIRECT] [Fatal Error] :1:1: Premature end of file.
2026-07-09 00:40:04,016 [ERROR] LogOutputStream:75 - [STDERR_REDIRECT] 
2026-07-09 00:40:05,007 [ERROR] LogOutputStream:75 - [STDERR_REDIRECT] [Fatal Error] :1:1: Premature end of file.
2026-07-09 00:40:05,007 [ERROR] LogOutputStream:75 - [STDERR_REDIRECT] 
2026-07-09 00:40:06,013 [ERROR] LogOutputStream:75 - [STDERR_REDIRECT] [Fatal Error] :1:1: Premature end of file.
2026-07-09 00:40:06,014 [ERROR] LogOutputStream:75 - [STDERR_REDIRECT] 
2026-07-09 00:40:07,003 [ERROR] LogOutputStream:75 - [STDERR_REDIRECT] [Fatal Error] :1:1: Premature end of file.
2026-07-09 00:40:07,004 [ERROR] LogOutputStream:75 - [STDERR_REDIRECT] 
2026-07-09 00:40:08,018 [ERROR] LogOutputStream:75 - [STDERR_REDIRECT] [Fatal Error] :1:1: Premature end of file.
2026-07-09 00:40:08,019 [ERROR] LogOutputStream:75 - [STDERR_REDIRECT] 
2026-07-09 00:40:09,013 [ERROR] LogOutputStream:75 - [STDERR_REDIRECT] [Fatal Error] :1:1: Premature end of file.
2026-07-09 00:40:09,013 [ERROR] LogOutputStream:75 - [STDERR_REDIRECT] 
2026-07-09 00:40:10,017 [ERROR] LogOutputStream:75 - [STDERR_REDIRECT] [Fatal Error] :1:1: Premature end of file.
2026-07-09 00:40:10,017 [ERROR] LogOutputStream:75 - [STDERR_REDIRECT] 
2026-07-09 00:40:11,020 [ERROR] LogOutputStream:75 - [STDERR_REDIRECT] [Fatal Error] :1:1: Premature end of file.
2026-07-09 00:40:11,020 [ERROR] LogOutputStream:75 - [STDERR_REDIRECT] 
2026-07-09 00:40:12,020 [ERROR] LogOutputStream:75 - [STDERR_REDIRECT] [Fatal Error] :1:1: Premature end of file.
2026-07-09 00:40:12,021 [ERROR] LogOutputStream:75 - [STDERR_REDIRECT] 
2026-07-09 00:40:13,003 [ERROR] LogOutputStream:75 - [STDERR_REDIRECT] [Fatal Error] :1:1: Premature end of file.
2026-07-09 00:40:13,004 [ERROR] LogOutputStream:75 - [STDERR_REDIRECT] 
2026-07-09 00:40:14,010 [ERROR] LogOutputStream:75 - [STDERR_REDIRECT] [Fatal Error] :1:1: Premature end of file.
2026-07-09 00:40:14,010 [ERROR] LogOutputStream:75 - [STDERR_REDIRECT] 
2026-07-09 00:40:15,015 [ERROR] LogOutputStream:75 - [STDERR_REDIRECT] [Fatal Error] :1:1: Premature end of file.
2026-07-09 00:40:15,015 [ERROR] LogOutputStream:75 - [STDERR_REDIRECT] 
2026-07-09 00:40:16,004 [ERROR] LogOutputStream:75 - [STDERR_REDIRECT] [Fatal Error] :1:1: Premature end of file.
2026-07-09 00:40:16,004 [ERROR] LogOutputStream:75 - [STDERR_REDIRECT] 
2026-07-09 00:40:17,011 [ERROR] LogOutputStream:75 - [STDERR_REDIRECT] [Fatal Error] :1:1: Premature end of file.
2026-07-09 00:40:17,011 [ERROR] LogOutputStream:75 - [STDERR_REDIRECT] 
2026-07-09 00:40:18,009 [ERROR] LogOutputStream:75 - [STDERR_REDIRECT] [Fatal Error] :1:1: Premature end of file.
2026-07-09 00:40:18,009 [ERROR] LogOutputStream:75 - [STDERR_REDIRECT] 
2026-07-09 00:40:19,007 [ERROR] LogOutputStream:75 - [STDERR_REDIRECT] [Fatal Error] :1:1: Premature end of file.
2026-07-09 00:40:19,007 [ERROR] LogOutputStream:75 - [STDERR_REDIRECT] 
2026-07-09 00:40:20,017 [ERROR] LogOutputStream:75 - [STDERR_REDIRECT] [Fatal Error] :1:1: Premature end of file.
2026-07-09 00:40:20,017 [ERROR] LogOutputStream:75 - [STDERR_REDIRECT] 
2026-07-09 00:40:21,011 [ERROR] LogOutputStream:75 - [STDERR_REDIRECT] [Fatal Error] :1:1: Premature end of file.
2026-07-09 00:40:21,011 [ERROR] LogOutputStream:75 - [STDERR_REDIRECT] 
2026-07-09 00:40:22,009 [ERROR] LogOutputStream:75 - [STDERR_REDIRECT] [Fatal Error] :1:1: Premature end of file.
2026-07-09 00:40:22,009 [ERROR] LogOutputStream:75 - [STDERR_REDIRECT] 
2026-07-09 00:40:23,004 [ERROR] LogOutputStream:75 - [STDERR_REDIRECT] [Fatal Error] :1:1: Premature end of file.
2026-07-09 00:40:23,004 [ERROR] LogOutputStream:75 - [STDERR_REDIRECT] 
2026-07-09 00:40:24,013 [ERROR] LogOutputStream:75 - [STDERR_REDIRECT] [Fatal Error] :1:1: Premature end of file.
2026-07-09 00:40:24,013 [ERROR] LogOutputStream:75 - [STDERR_REDIRECT] 
2026-07-09 00:40:25,003 [ERROR] LogOutputStream:75 - [STDERR_REDIRECT] [Fatal Error] :1:1: Premature end of file.
2026-07-09 00:40:25,004 [ERROR] LogOutputStream:75 - [STDERR_REDIRECT] 
2026-07-09 00:40:26,008 [ERROR] LogOutputStream:75 - [STDERR_REDIRECT] [Fatal Error] :1:1: Premature end of file.
2026-07-09 00:40:26,008 [ERROR] LogOutputStream:75 - [STDERR_REDIRECT] 
2026-07-09 00:40:27,026 [ERROR] LogOutputStream:75 - [STDERR_REDIRECT] [Fatal Error] :1:1: Premature end of file.
2026-07-09 00:40:27,027 [ERROR] LogOutputStream:75 - [STDERR_REDIRECT] 
2026-07-09 00:40:28,015 [ERROR] LogOutputStream:75 - [STDERR_REDIRECT] [Fatal Error] :1:1: Premature end of file.
2026-07-09 00:40:28,015 [ERROR] LogOutputStream:75 - [STDERR_REDIRECT] 
2026-07-09 00:40:29,015 [ERROR] LogOutputStream:75 - [STDERR_REDIRECT] [Fatal Error] :1:1: Premature end of file.
2026-07-09 00:40:29,017 [ERROR] LogOutputStream:75 - [STDERR_REDIRECT] 
2026-07-09 00:40:30,019 [ERROR] LogOutputStream:75 - [STDERR_REDIRECT] [Fatal Error] :1:1: Premature end of file.
2026-07-09 00:40:30,020 [ERROR] LogOutputStream:75 - [STDERR_REDIRECT] 
2026-07-09 00:40:31,013 [ERROR] LogOutputStream:75 - [STDERR_REDIRECT] [Fatal Error] :1:1: Premature end of file.
2026-07-09 00:40:31,013 [ERROR] LogOutputStream:75 - [STDERR_REDIRECT] 
2026-07-09 00:40:32,013 [ERROR] LogOutputStream:75 - [STDERR_REDIRECT] [Fatal Error] :1:1: Premature end of file.
2026-07-09 00:40:32,013 [ERROR] LogOutputStream:75 - [STDERR_REDIRECT] 
2026-07-09 00:40:33,018 [ERROR] LogOutputStream:75 - [STDERR_REDIRECT] [Fatal Error] :1:1: Premature end of file.
2026-07-09 00:40:33,018 [ERROR] LogOutputStream:75 - [STDERR_REDIRECT] 
2026-07-09 00:40:34,013 [ERROR] LogOutputStream:75 - [STDERR_REDIRECT] [Fatal Error] :1:1: Premature end of file.
2026-07-09 00:40:34,014 [ERROR] LogOutputStream:75 - [STDERR_REDIRECT] 
2026-07-09 00:40:35,005 [ERROR] LogOutputStream:75 - [STDERR_REDIRECT] [Fatal Error] :1:1: Premature end of file.
2026-07-09 00:40:35,006 [ERROR] LogOutputStream:75 - [STDERR_REDIRECT] 
2026-07-09 00:40:36,017 [ERROR] LogOutputStream:75 - [STDERR_REDIRECT] [Fatal Error] :1:1: Premature end of file.
2026-07-09 00:40:36,018 [ERROR] LogOutputStream:75 - [STDERR_REDIRECT] 
2026-07-09 00:40:37,010 [ERROR] LogOutputStream:75 - [STDERR_REDIRECT] [Fatal Error] :1:1: Premature end of file.
2026-07-09 00:40:37,011 [ERROR] LogOutputStream:75 - [STDERR_REDIRECT] 
2026-07-09 00:40:38,003 [ERROR] LogOutputStream:75 - [STDERR_REDIRECT] [Fatal Error] :1:1: Premature end of file.
2026-07-09 00:40:38,003 [ERROR] LogOutputStream:75 - [STDERR_REDIRECT] 
2026-07-09 00:40:39,006 [ERROR] LogOutputStream:75 - [STDERR_REDIRECT] [Fatal Error] :1:1: Premature end of file.
2026-07-09 00:40:39,007 [ERROR] LogOutputStream:75 - [STDERR_REDIRECT] 
2026-07-09 00:40:40,013 [ERROR] LogOutputStream:75 - [STDERR_REDIRECT] [Fatal Error] :1:1: Premature end of file.
2026-07-09 00:40:40,014 [ERROR] LogOutputStream:75 - [STDERR_REDIRECT] 
2026-07-09 00:40:41,013 [ERROR] LogOutputStream:75 - [STDERR_REDIRECT] [Fatal Error] :1:1: Premature end of file.
2026-07-09 00:40:41,014 [ERROR] LogOutputStream:75 - [STDERR_REDIRECT] 
2026-07-09 00:40:42,012 [ERROR] LogOutputStream:75 - [STDERR_REDIRECT] [Fatal Error] :1:1: Premature end of file.
2026-07-09 00:40:42,013 [ERROR] LogOutputStream:75 - [STDERR_REDIRECT] 
2026-07-09 00:40:43,011 [ERROR] LogOutputStream:75 - [STDERR_REDIRECT] [Fatal Error] :1:1: Premature end of file.
2026-07-09 00:40:43,012 [ERROR] LogOutputStream:75 - [STDERR_REDIRECT] 
2026-07-09 00:40:44,004 [ERROR] LogOutputStream:75 - [STDERR_REDIRECT] [Fatal Error] :1:1: Premature end of file.
2026-07-09 00:40:44,004 [ERROR] LogOutputStream:75 - [STDERR_REDIRECT] 
2026-07-09 00:40:45,007 [ERROR] LogOutputStream:75 - [STDERR_REDIRECT] [Fatal Error] :1:1: Premature end of file.
2026-07-09 00:40:45,007 [ERROR] LogOutputStream:75 - [STDERR_REDIRECT] 
2026-07-09 00:40:46,015 [ERROR] LogOutputStream:75 - [STDERR_REDIRECT] [Fatal Error] :1:1: Premature end of file.
2026-07-09 00:40:46,017 [ERROR] LogOutputStream:75 - [STDERR_REDIRECT] 
2026-07-09 00:40:47,005 [ERROR] LogOutputStream:75 - [STDERR_REDIRECT] [Fatal Error] :1:1: Premature end of file.
2026-07-09 00:40:47,006 [ERROR] LogOutputStream:75 - [STDERR_REDIRECT] 
2026-07-09 00:40:48,007 [ERROR] LogOutputStream:75 - [STDERR_REDIRECT] [Fatal Error] :1:1: Premature end of file.
2026-07-09 00:40:48,007 [ERROR] LogOutputStream:75 - [STDERR_REDIRECT] 
2026-07-09 00:40:49,002 [ERROR] LogOutputStream:75 - [STDERR_REDIRECT] [Fatal Error] :1:1: Premature end of file.
2026-07-09 00:40:49,002 [ERROR] LogOutputStream:75 - [STDERR_REDIRECT] 
2026-07-09 00:40:49,996 [ERROR] LogOutputStream:75 - [STDERR_REDIRECT] [Fatal Error] :1:1: Premature end of file.
2026-07-09 00:40:49,997 [ERROR] LogOutputStream:75 - [STDERR_REDIRECT] 
2026-07-09 00:40:51,002 [ERROR] LogOutputStream:75 - [STDERR_REDIRECT] [Fatal Error] :1:1: Premature end of file.
2026-07-09 00:40:51,002 [ERROR] LogOutputStream:75 - [STDERR_REDIRECT] 
2026-07-09 00:40:52,018 [ERROR] LogOutputStream:75 - [STDERR_REDIRECT] [Fatal Error] :1:1: Premature end of file.
2026-07-09 00:40:52,018 [ERROR] LogOutputStream:75 - [STDERR_REDIRECT] 
2026-07-09 00:40:53,008 [ERROR] LogOutputStream:75 - [STDERR_REDIRECT] [Fatal Error] :1:1: Premature end of file.
2026-07-09 00:40:53,008 [ERROR] LogOutputStream:75 - [STDERR_REDIRECT] 
2026-07-09 00:40:54,001 [ERROR] LogOutputStream:75 - [STDERR_REDIRECT] [Fatal Error] :1:1: Premature end of file.
2026-07-09 00:40:54,002 [ERROR] LogOutputStream:75 - [STDERR_REDIRECT] 
2026-07-09 00:40:55,004 [ERROR] LogOutputStream:75 - [STDERR_REDIRECT] [Fatal Error] :1:1: Premature end of file.
2026-07-09 00:40:55,004 [ERROR] LogOutputStream:75 - [STDERR_REDIRECT] 
2026-07-09 00:40:56,005 [ERROR] LogOutputStream:75 - [STDERR_REDIRECT] [Fatal Error] :1:1: Premature end of file.
2026-07-09 00:40:56,006 [ERROR] LogOutputStream:75 - [STDERR_REDIRECT] 
2026-07-09 00:40:57,007 [ERROR] LogOutputStream:75 - [STDERR_REDIRECT] [Fatal Error] :1:1: Premature end of file.
2026-07-09 00:40:57,007 [ERROR] LogOutputStream:75 - [STDERR_REDIRECT] 
2026-07-09 00:40:58,008 [ERROR] LogOutputStream:75 - [STDERR_REDIRECT] [Fatal Error] :1:1: Premature end of file.
2026-07-09 00:40:58,008 [ERROR] LogOutputStream:75 - [STDERR_REDIRECT] 
2026-07-09 00:40:59,009 [ERROR] LogOutputStream:75 - [STDERR_REDIRECT] [Fatal Error] :1:1: Premature end of file.
2026-07-09 00:40:59,009 [ERROR] LogOutputStream:75 - [STDERR_REDIRECT] 
2026-07-09 00:41:00,004 [ERROR] LogOutputStream:75 - [STDERR_REDIRECT] [Fatal Error] :1:1: Premature end of file.
2026-07-09 00:41:00,004 [ERROR] LogOutputStream:75 - [STDERR_REDIRECT] 
2026-07-09 00:41:01,013 [ERROR] LogOutputStream:75 - [STDERR_REDIRECT] [Fatal Error] :1:1: Premature end of file.
2026-07-09 00:41:01,013 [ERROR] LogOutputStream:75 - [STDERR_REDIRECT] 
2026-07-09 00:41:02,003 [ERROR] LogOutputStream:75 - [STDERR_REDIRECT] [Fatal Error] :1:1: Premature end of file.
2026-07-09 00:41:02,004 [ERROR] LogOutputStream:75 - [STDERR_REDIRECT] 
2026-07-09 00:41:03,016 [ERROR] LogOutputStream:75 - [STDERR_REDIRECT] [Fatal Error] :1:1: Premature end of file.
2026-07-09 00:41:03,016 [ERROR] LogOutputStream:75 - [STDERR_REDIRECT] 
2026-07-09 00:41:04,012 [ERROR] LogOutputStream:75 - [STDERR_REDIRECT] [Fatal Error] :1:1: Premature end of file.
2026-07-09 00:41:04,012 [ERROR] LogOutputStream:75 - [STDERR_REDIRECT] 
2026-07-09 00:41:05,004 [ERROR] LogOutputStream:75 - [STDERR_REDIRECT] [Fatal Error] :1:1: Premature end of file.
2026-07-09 00:41:05,004 [ERROR] LogOutputStream:75 - [STDERR_REDIRECT] 
2026-07-09 00:41:06,009 [ERROR] LogOutputStream:75 - [STDERR_REDIRECT] [Fatal Error] :1:1: Premature end of file.
2026-07-09 00:41:06,010 [ERROR] LogOutputStream:75 - [STDERR_REDIRECT] 
2026-07-09 00:41:07,003 [ERROR] LogOutputStream:75 - [STDERR_REDIRECT] [Fatal Error] :1:1: Premature end of file.
2026-07-09 00:41:07,003 [ERROR] LogOutputStream:75 - [STDERR_REDIRECT] 
2026-07-09 00:41:08,013 [ERROR] LogOutputStream:75 - [STDERR_REDIRECT] [Fatal Error] :1:1: Premature end of file.
2026-07-09 00:41:08,013 [ERROR] LogOutputStream:75 - [STDERR_REDIRECT] 
2026-07-09 00:41:09,007 [ERROR] LogOutputStream:75 - [STDERR_REDIRECT] [Fatal Error] :1:1: Premature end of file.
2026-07-09 00:41:09,007 [ERROR] LogOutputStream:75 - [STDERR_REDIRECT] 
2026-07-09 00:41:10,004 [ERROR] LogOutputStream:75 - [STDERR_REDIRECT] [Fatal Error] :1:1: Premature end of file.
2026-07-09 00:41:10,005 [ERROR] LogOutputStream:75 - [STDERR_REDIRECT] 
2026-07-09 00:41:11,009 [ERROR] LogOutputStream:75 - [STDERR_REDIRECT] [Fatal Error] :1:1: Premature end of file.
2026-07-09 00:41:11,009 [ERROR] LogOutputStream:75 - [STDERR_REDIRECT] 
2026-07-09 00:41:12,003 [ERROR] LogOutputStream:75 - [STDERR_REDIRECT] [Fatal Error] :1:1: Premature end of file.
2026-07-09 00:41:12,003 [ERROR] LogOutputStream:75 - [STDERR_REDIRECT] 
2026-07-09 00:41:13,015 [ERROR] LogOutputStream:75 - [STDERR_REDIRECT] [Fatal Error] :1:1: Premature end of file.
2026-07-09 00:41:13,016 [ERROR] LogOutputStream:75 - [STDERR_REDIRECT] 
2026-07-09 00:41:14,008 [ERROR] LogOutputStream:75 - [STDERR_REDIRECT] [Fatal Error] :1:1: Premature end of file.
2026-07-09 00:41:14,009 [ERROR] LogOutputStream:75 - [STDERR_REDIRECT] 
2026-07-09 00:41:15,004 [ERROR] LogOutputStream:75 - [STDERR_REDIRECT] [Fatal Error] :1:1: Premature end of file.
2026-07-09 00:41:15,004 [ERROR] LogOutputStream:75 - [STDERR_REDIRECT] 
2026-07-09 00:41:16,014 [ERROR] LogOutputStream:75 - [STDERR_REDIRECT] [Fatal Error] :1:1: Premature end of file.
2026-07-09 00:41:16,015 [ERROR] LogOutputStream:75 - [STDERR_REDIRECT] 
2026-07-09 00:41:17,000 [ERROR] LogOutputStream:75 - [STDERR_REDIRECT] [Fatal Error] :1:1: Premature end of file.
2026-07-09 00:41:17,001 [ERROR] LogOutputStream:75 - [STDERR_REDIRECT] 
2026-07-09 00:41:18,016 [ERROR] LogOutputStream:75 - [STDERR_REDIRECT] [Fatal Error] :1:1: Premature end of file.
2026-07-09 00:41:18,016 [ERROR] LogOutputStream:75 - [STDERR_REDIRECT] 
2026-07-09 00:41:19,011 [ERROR] LogOutputStream:75 - [STDERR_REDIRECT] [Fatal Error] :1:1: Premature end of file.
2026-07-09 00:41:19,011 [ERROR] LogOutputStream:75 - [STDERR_REDIRECT] 
2026-07-09 00:41:20,003 [ERROR] LogOutputStream:75 - [STDERR_REDIRECT] [Fatal Error] :1:1: Premature end of file.
2026-07-09 00:41:20,003 [ERROR] LogOutputStream:75 - [STDERR_REDIRECT] 
2026-07-09 00:41:21,007 [ERROR] LogOutputStream:75 - [STDERR_REDIRECT] [Fatal Error] :1:1: Premature end of file.
2026-07-09 00:41:21,007 [ERROR] LogOutputStream:75 - [STDERR_REDIRECT] 
2026-07-09 00:41:22,007 [ERROR] LogOutputStream:75 - [STDERR_REDIRECT] [Fatal Error] :1:1: Premature end of file.
2026-07-09 00:41:22,007 [ERROR] LogOutputStream:75 - [STDERR_REDIRECT] 
2026-07-09 00:41:23,032 [ERROR] LogOutputStream:75 - [STDERR_REDIRECT] [Fatal Error] :1:1: Premature end of file.
2026-07-09 00:41:23,035 [ERROR] LogOutputStream:75 - [STDERR_REDIRECT] 
2026-07-09 00:41:24,003 [ERROR] LogOutputStream:75 - [STDERR_REDIRECT] [Fatal Error] :1:1: Premature end of file.
2026-07-09 00:41:24,004 [ERROR] LogOutputStream:75 - [STDERR_REDIRECT] 
2026-07-09 00:41:25,011 [ERROR] LogOutputStream:75 - [STDERR_REDIRECT] [Fatal Error] :1:1: Premature end of file.
2026-07-09 00:41:25,011 [ERROR] LogOutputStream:75 - [STDERR_REDIRECT] 
2026-07-09 00:41:26,006 [ERROR] LogOutputStream:75 - [STDERR_REDIRECT] [Fatal Error] :1:1: Premature end of file.
2026-07-09 00:41:26,007 [ERROR] LogOutputStream:75 - [STDERR_REDIRECT] 
2026-07-09 00:41:27,009 [ERROR] LogOutputStream:75 - [STDERR_REDIRECT] [Fatal Error] :1:1: Premature end of file.
2026-07-09 00:41:27,009 [ERROR] LogOutputStream:75 - [STDERR_REDIRECT] 
2026-07-09 00:41:28,018 [ERROR] LogOutputStream:75 - [STDERR_REDIRECT] [Fatal Error] :1:1: Premature end of file.
2026-07-09 00:41:28,018 [ERROR] LogOutputStream:75 - [STDERR_REDIRECT] 
2026-07-09 00:41:29,001 [ERROR] LogOutputStream:75 - [STDERR_REDIRECT] [Fatal Error] :1:1: Premature end of file.
2026-07-09 00:41:29,001 [ERROR] LogOutputStream:75 - [STDERR_REDIRECT] 
2026-07-09 00:41:30,011 [ERROR] LogOutputStream:75 - [STDERR_REDIRECT] [Fatal Error] :1:1: Premature end of file.
2026-07-09 00:41:30,011 [ERROR] LogOutputStream:75 - [STDERR_REDIRECT] 
2026-07-09 00:41:31,009 [ERROR] LogOutputStream:75 - [STDERR_REDIRECT] [Fatal Error] :1:1: Premature end of file.
2026-07-09 00:41:31,009 [ERROR] LogOutputStream:75 - [STDERR_REDIRECT] 
2026-07-09 00:41:32,009 [ERROR] LogOutputStream:75 - [STDERR_REDIRECT] [Fatal Error] :1:1: Premature end of file.
2026-07-09 00:41:32,009 [ERROR] LogOutputStream:75 - [STDERR_REDIRECT] 
2026-07-09 00:41:33,016 [ERROR] LogOutputStream:75 - [STDERR_REDIRECT] [Fatal Error] :1:1: Premature end of file.
2026-07-09 00:41:33,016 [ERROR] LogOutputStream:75 - [STDERR_REDIRECT] 
2026-07-09 00:41:34,008 [ERROR] LogOutputStream:75 - [STDERR_REDIRECT] [Fatal Error] :1:1: Premature end of file.
2026-07-09 00:41:34,008 [ERROR] LogOutputStream:75 - [STDERR_REDIRECT] 
2026-07-09 00:41:35,010 [ERROR] LogOutputStream:75 - [STDERR_REDIRECT] [Fatal Error] :1:1: Premature end of file.
2026-07-09 00:41:35,010 [ERROR] LogOutputStream:75 - [STDERR_REDIRECT] 
2026-07-09 00:41:36,009 [ERROR] LogOutputStream:75 - [STDERR_REDIRECT] [Fatal Error] :1:1: Premature end of file.
2026-07-09 00:41:36,009 [ERROR] LogOutputStream:75 - [STDERR_REDIRECT] 
2026-07-09 00:41:37,016 [ERROR] LogOutputStream:75 - [STDERR_REDIRECT] [Fatal Error] :1:1: Premature end of file.
2026-07-09 00:41:37,017 [ERROR] LogOutputStream:75 - [STDERR_REDIRECT] 
2026-07-09 00:41:38,009 [ERROR] LogOutputStream:75 - [STDERR_REDIRECT] [Fatal Error] :1:1: Premature end of file.
2026-07-09 00:41:38,009 [ERROR] LogOutputStream:75 - [STDERR_REDIRECT] 
2026-07-09 00:41:39,011 [ERROR] LogOutputStream:75 - [STDERR_REDIRECT] [Fatal Error] :1:1: Premature end of file.
2026-07-09 00:41:39,012 [ERROR] LogOutputStream:75 - [STDERR_REDIRECT] 
2026-07-09 00:41:40,021 [ERROR] LogOutputStream:75 - [STDERR_REDIRECT] [Fatal Error] :1:1: Premature end of file.
2026-07-09 00:41:40,021 [ERROR] LogOutputStream:75 - [STDERR_REDIRECT] 
2026-07-09 00:41:41,014 [ERROR] LogOutputStream:75 - [STDERR_REDIRECT] [Fatal Error] :1:1: Premature end of file.
2026-07-09 00:41:41,014 [ERROR] LogOutputStream:75 - [STDERR_REDIRECT] 
2026-07-09 00:41:42,016 [ERROR] LogOutputStream:75 - [STDERR_REDIRECT] [Fatal Error] :1:1: Premature end of file.
2026-07-09 00:41:42,017 [ERROR] LogOutputStream:75 - [STDERR_REDIRECT] 
2026-07-09 00:41:43,012 [ERROR] LogOutputStream:75 - [STDERR_REDIRECT] [Fatal Error] :1:1: Premature end of file.
2026-07-09 00:41:43,012 [ERROR] LogOutputStream:75 - [STDERR_REDIRECT] 
2026-07-09 00:41:44,006 [ERROR] LogOutputStream:75 - [STDERR_REDIRECT] [Fatal Error] :1:1: Premature end of file.
2026-07-09 00:41:44,006 [ERROR] LogOutputStream:75 - [STDERR_REDIRECT] 
2026-07-09 00:41:45,014 [ERROR] LogOutputStream:75 - [STDERR_REDIRECT] [Fatal Error] :1:1: Premature end of file.
2026-07-09 00:41:45,014 [ERROR] LogOutputStream:75 - [STDERR_REDIRECT] 
2026-07-09 00:41:46,012 [ERROR] LogOutputStream:75 - [STDERR_REDIRECT] [Fatal Error] :1:1: Premature end of file.
2026-07-09 00:41:46,012 [ERROR] LogOutputStream:75 - [STDERR_REDIRECT] 
2026-07-09 00:41:47,003 [ERROR] LogOutputStream:75 - [STDERR_REDIRECT] [Fatal Error] :1:1: Premature end of file.
2026-07-09 00:41:47,003 [ERROR] LogOutputStream:75 - [STDERR_REDIRECT] 
2026-07-09 00:41:48,010 [ERROR] LogOutputStream:75 - [STDERR_REDIRECT] [Fatal Error] :1:1: Premature end of file.
2026-07-09 00:41:48,011 [ERROR] LogOutputStream:75 - [STDERR_REDIRECT] 
2026-07-09 00:41:49,016 [ERROR] LogOutputStream:75 - [STDERR_REDIRECT] [Fatal Error] :1:1: Premature end of file.
2026-07-09 00:41:49,017 [ERROR] LogOutputStream:75 - [STDERR_REDIRECT] 
2026-07-09 00:41:50,007 [ERROR] LogOutputStream:75 - [STDERR_REDIRECT] [Fatal Error] :1:1: Premature end of file.
2026-07-09 00:41:50,007 [ERROR] LogOutputStream:75 - [STDERR_REDIRECT] 
2026-07-09 00:41:51,015 [ERROR] LogOutputStream:75 - [STDERR_REDIRECT] [Fatal Error] :1:1: Premature end of file.
2026-07-09 00:41:51,015 [ERROR] LogOutputStream:75 - [STDERR_REDIRECT] 
2026-07-09 00:41:52,011 [ERROR] LogOutputStream:75 - [STDERR_REDIRECT] [Fatal Error] :1:1: Premature end of file.
2026-07-09 00:41:52,011 [ERROR] LogOutputStream:75 - [STDERR_REDIRECT] 
2026-07-09 00:41:53,004 [ERROR] LogOutputStream:75 - [STDERR_REDIRECT] [Fatal Error] :1:1: Premature end of file.
2026-07-09 00:41:53,004 [ERROR] LogOutputStream:75 - [STDERR_REDIRECT] 
2026-07-09 00:41:54,010 [ERROR] LogOutputStream:75 - [STDERR_REDIRECT] [Fatal Error] :1:1: Premature end of file.
2026-07-09 00:41:54,010 [ERROR] LogOutputStream:75 - [STDERR_REDIRECT] 
2026-07-09 00:41:55,012 [ERROR] LogOutputStream:75 - [STDERR_REDIRECT] [Fatal Error] :1:1: Premature end of file.
2026-07-09 00:41:55,012 [ERROR] LogOutputStream:75 - [STDERR_REDIRECT] 
2026-07-09 00:41:56,008 [ERROR] LogOutputStream:75 - [STDERR_REDIRECT] [Fatal Error] :1:1: Premature end of file.
2026-07-09 00:41:56,008 [ERROR] LogOutputStream:75 - [STDERR_REDIRECT] 
2026-07-09 00:41:57,003 [ERROR] LogOutputStream:75 - [STDERR_REDIRECT] [Fatal Error] :1:1: Premature end of file.
2026-07-09 00:41:57,004 [ERROR] LogOutputStream:75 - [STDERR_REDIRECT] 
2026-07-09 00:41:58,010 [ERROR] LogOutputStream:75 - [STDERR_REDIRECT] [Fatal Error] :1:1: Premature end of file.
2026-07-09 00:41:58,010 [ERROR] LogOutputStream:75 - [STDERR_REDIRECT] 
2026-07-09 00:41:58,996 [ERROR] LogOutputStream:75 - [STDERR_REDIRECT] [Fatal Error] :1:1: Premature end of file.
2026-07-09 00:41:58,996 [ERROR] LogOutputStream:75 - [STDERR_REDIRECT] 
2026-07-09 00:42:00,012 [ERROR] LogOutputStream:75 - [STDERR_REDIRECT] [Fatal Error] :1:1: Premature end of file.
2026-07-09 00:42:00,012 [ERROR] LogOutputStream:75 - [STDERR_REDIRECT] 
2026-07-09 00:42:01,009 [ERROR] LogOutputStream:75 - [STDERR_REDIRECT] [Fatal Error] :1:1: Premature end of file.
2026-07-09 00:42:01,009 [ERROR] LogOutputStream:75 - [STDERR_REDIRECT] 
2026-07-09 00:42:02,011 [ERROR] LogOutputStream:75 - [STDERR_REDIRECT] [Fatal Error] :1:1: Premature end of file.
2026-07-09 00:42:02,012 [ERROR] LogOutputStream:75 - [STDERR_REDIRECT] 
2026-07-09 00:42:03,017 [ERROR] LogOutputStream:75 - [STDERR_REDIRECT] [Fatal Error] :1:1: Premature end of file.
2026-07-09 00:42:03,018 [ERROR] LogOutputStream:75 - [STDERR_REDIRECT] 
2026-07-09 00:42:04,010 [ERROR] LogOutputStream:75 - [STDERR_REDIRECT] [Fatal Error] :1:1: Premature end of file.
2026-07-09 00:42:04,011 [ERROR] LogOutputStream:75 - [STDERR_REDIRECT] 
2026-07-09 00:42:05,009 [ERROR] LogOutputStream:75 - [STDERR_REDIRECT] [Fatal Error] :1:1: Premature end of file.
2026-07-09 00:42:05,009 [ERROR] LogOutputStream:75 - [STDERR_REDIRECT] 
2026-07-09 00:42:06,005 [ERROR] LogOutputStream:75 - [STDERR_REDIRECT] [Fatal Error] :1:1: Premature end of file.
2026-07-09 00:42:06,006 [ERROR] LogOutputStream:75 - [STDERR_REDIRECT] 
2026-07-09 00:42:07,017 [ERROR] LogOutputStream:75 - [STDERR_REDIRECT] [Fatal Error] :1:1: Premature end of file.
2026-07-09 00:42:07,017 [ERROR] LogOutputStream:75 - [STDERR_REDIRECT] 
2026-07-09 00:42:08,013 [ERROR] LogOutputStream:75 - [STDERR_REDIRECT] [Fatal Error] :1:1: Premature end of file.
2026-07-09 00:42:08,013 [ERROR] LogOutputStream:75 - [STDERR_REDIRECT] 
2026-07-09 00:42:09,015 [ERROR] LogOutputStream:75 - [STDERR_REDIRECT] [Fatal Error] :1:1: Premature end of file.
2026-07-09 00:42:09,015 [ERROR] LogOutputStream:75 - [STDERR_REDIRECT] 
2026-07-09 00:42:10,000 [ERROR] LogOutputStream:75 - [STDERR_REDIRECT] [Fatal Error] :1:1: Premature end of file.
2026-07-09 00:42:10,000 [ERROR] LogOutputStream:75 - [STDERR_REDIRECT] 
2026-07-09 00:42:11,003 [ERROR] LogOutputStream:75 - [STDERR_REDIRECT] [Fatal Error] :1:1: Premature end of file.
2026-07-09 00:42:11,003 [ERROR] LogOutputStream:75 - [STDERR_REDIRECT] 
2026-07-09 00:42:12,010 [ERROR] LogOutputStream:75 - [STDERR_REDIRECT] [Fatal Error] :1:1: Premature end of file.
2026-07-09 00:42:12,011 [ERROR] LogOutputStream:75 - [STDERR_REDIRECT] 
2026-07-09 00:42:13,003 [ERROR] LogOutputStream:75 - [STDERR_REDIRECT] [Fatal Error] :1:1: Premature end of file.
2026-07-09 00:42:13,003 [ERROR] LogOutputStream:75 - [STDERR_REDIRECT] 
2026-07-09 00:42:14,008 [ERROR] LogOutputStream:75 - [STDERR_REDIRECT] [Fatal Error] :1:1: Premature end of file.
2026-07-09 00:42:14,008 [ERROR] LogOutputStream:75 - [STDERR_REDIRECT] 
2026-07-09 00:42:15,007 [ERROR] LogOutputStream:75 - [STDERR_REDIRECT] [Fatal Error] :1:1: Premature end of file.
2026-07-09 00:42:15,007 [ERROR] LogOutputStream:75 - [STDERR_REDIRECT] 
2026-07-09 00:42:16,005 [ERROR] LogOutputStream:75 - [STDERR_REDIRECT] [Fatal Error] :1:1: Premature end of file.
2026-07-09 00:42:16,006 [ERROR] LogOutputStream:75 - [STDERR_REDIRECT] 
2026-07-09 00:42:17,009 [ERROR] LogOutputStream:75 - [STDERR_REDIRECT] [Fatal Error] :1:1: Premature end of file.
2026-07-09 00:42:17,009 [ERROR] LogOutputStream:75 - [STDERR_REDIRECT] 
2026-07-09 00:42:18,055 [ERROR] LogOutputStream:75 - [STDERR_REDIRECT] [Fatal Error] :1:1: Premature end of file.
2026-07-09 00:42:18,057 [ERROR] LogOutputStream:75 - [STDERR_REDIRECT] 
2026-07-09 00:42:19,009 [ERROR] LogOutputStream:75 - [STDERR_REDIRECT] [Fatal Error] :1:1: Premature end of file.
2026-07-09 00:42:19,010 [ERROR] LogOutputStream:75 - [STDERR_REDIRECT] 
2026-07-09 00:42:20,014 [ERROR] LogOutputStream:75 - [STDERR_REDIRECT] [Fatal Error] :1:1: Premature end of file.
2026-07-09 00:42:20,014 [ERROR] LogOutputStream:75 - [STDERR_REDIRECT] 
2026-07-09 00:42:21,025 [ERROR] LogOutputStream:75 - [STDERR_REDIRECT] [Fatal Error] :1:1: Premature end of file.
2026-07-09 00:42:21,025 [ERROR] LogOutputStream:75 - [STDERR_REDIRECT] 
2026-07-09 00:42:22,015 [ERROR] LogOutputStream:75 - [STDERR_REDIRECT] [Fatal Error] :1:1: Premature end of file.
2026-07-09 00:42:22,015 [ERROR] LogOutputStream:75 - [STDERR_REDIRECT] 
2026-07-09 00:42:23,003 [ERROR] LogOutputStream:75 - [STDERR_REDIRECT] [Fatal Error] :1:1: Premature end of file.
2026-07-09 00:42:23,003 [ERROR] LogOutputStream:75 - [STDERR_REDIRECT] 
2026-07-09 00:42:24,013 [ERROR] LogOutputStream:75 - [STDERR_REDIRECT] [Fatal Error] :1:1: Premature end of file.
2026-07-09 00:42:24,013 [ERROR] LogOutputStream:75 - [STDERR_REDIRECT] 
2026-07-09 00:42:25,006 [ERROR] LogOutputStream:75 - [STDERR_REDIRECT] [Fatal Error] :1:1: Premature end of file.
2026-07-09 00:42:25,007 [ERROR] LogOutputStream:75 - [STDERR_REDIRECT] 
2026-07-09 00:42:26,014 [ERROR] LogOutputStream:75 - [STDERR_REDIRECT] [Fatal Error] :1:1: Premature end of file.
2026-07-09 00:42:26,015 [ERROR] LogOutputStream:75 - [STDERR_REDIRECT] 
2026-07-09 00:42:27,003 [ERROR] LogOutputStream:75 - [STDERR_REDIRECT] [Fatal Error] :1:1: Premature end of file.
2026-07-09 00:42:27,003 [ERROR] LogOutputStream:75 - [STDERR_REDIRECT] 
2026-07-09 00:42:28,014 [ERROR] LogOutputStream:75 - [STDERR_REDIRECT] [Fatal Error] :1:1: Premature end of file.
2026-07-09 00:42:28,014 [ERROR] LogOutputStream:75 - [STDERR_REDIRECT] 
2026-07-09 00:42:29,001 [ERROR] LogOutputStream:75 - [STDERR_REDIRECT] [Fatal Error] :1:1: Premature end of file.
2026-07-09 00:42:29,002 [ERROR] LogOutputStream:75 - [STDERR_REDIRECT] 
2026-07-09 00:42:30,005 [ERROR] LogOutputStream:75 - [STDERR_REDIRECT] [Fatal Error] :1:1: Premature end of file.
2026-07-09 00:42:30,005 [ERROR] LogOutputStream:75 - [STDERR_REDIRECT] 
2026-07-09 00:42:31,007 [ERROR] LogOutputStream:75 - [STDERR_REDIRECT] [Fatal Error] :1:1: Premature end of file.
2026-07-09 00:42:31,007 [ERROR] LogOutputStream:75 - [STDERR_REDIRECT] 
2026-07-09 00:42:32,017 [ERROR] LogOutputStream:75 - [STDERR_REDIRECT] [Fatal Error] :1:1: Premature end of file.
2026-07-09 00:42:32,018 [ERROR] LogOutputStream:75 - [STDERR_REDIRECT] 
2026-07-09 00:42:33,003 [ERROR] LogOutputStream:75 - [STDERR_REDIRECT] [Fatal Error] :1:1: Premature end of file.
2026-07-09 00:42:33,003 [ERROR] LogOutputStream:75 - [STDERR_REDIRECT] 
2026-07-09 00:42:34,006 [ERROR] LogOutputStream:75 - [STDERR_REDIRECT] [Fatal Error] :1:1: Premature end of file.
2026-07-09 00:42:34,006 [ERROR] LogOutputStream:75 - [STDERR_REDIRECT] 
2026-07-09 00:42:35,010 [ERROR] LogOutputStream:75 - [STDERR_REDIRECT] [Fatal Error] :1:1: Premature end of file.
2026-07-09 00:42:35,011 [ERROR] LogOutputStream:75 - [STDERR_REDIRECT] 
2026-07-09 00:42:36,004 [ERROR] LogOutputStream:75 - [STDERR_REDIRECT] [Fatal Error] :1:1: Premature end of file.
2026-07-09 00:42:36,004 [ERROR] LogOutputStream:75 - [STDERR_REDIRECT] 
2026-07-09 00:42:37,008 [ERROR] LogOutputStream:75 - [STDERR_REDIRECT] [Fatal Error] :1:1: Premature end of file.
2026-07-09 00:42:37,008 [ERROR] LogOutputStream:75 - [STDERR_REDIRECT] 
2026-07-09 00:42:38,006 [ERROR] LogOutputStream:75 - [STDERR_REDIRECT] [Fatal Error] :1:1: Premature end of file.
2026-07-09 00:42:38,007 [ERROR] LogOutputStream:75 - [STDERR_REDIRECT] 
2026-07-09 00:42:39,001 [ERROR] LogOutputStream:75 - [STDERR_REDIRECT] [Fatal Error] :1:1: Premature end of file.
2026-07-09 00:42:39,002 [ERROR] LogOutputStream:75 - [STDERR_REDIRECT] 
2026-07-09 00:42:40,016 [ERROR] LogOutputStream:75 - [STDERR_REDIRECT] [Fatal Error] :1:1: Premature end of file.
2026-07-09 00:42:40,016 [ERROR] LogOutputStream:75 - [STDERR_REDIRECT] 
2026-07-09 00:42:41,011 [ERROR] LogOutputStream:75 - [STDERR_REDIRECT] [Fatal Error] :1:1: Premature end of file.
2026-07-09 00:42:41,013 [ERROR] LogOutputStream:75 - [STDERR_REDIRECT] 
2026-07-09 00:42:42,013 [ERROR] LogOutputStream:75 - [STDERR_REDIRECT] [Fatal Error] :1:1: Premature end of file.
2026-07-09 00:42:42,014 [ERROR] LogOutputStream:75 - [STDERR_REDIRECT] 
2026-07-09 00:42:43,013 [ERROR] LogOutputStream:75 - [STDERR_REDIRECT] [Fatal Error] :1:1: Premature end of file.
2026-07-09 00:42:43,013 [ERROR] LogOutputStream:75 - [STDERR_REDIRECT] 
2026-07-09 00:42:44,007 [ERROR] LogOutputStream:75 - [STDERR_REDIRECT] [Fatal Error] :1:1: Premature end of file.
2026-07-09 00:42:44,007 [ERROR] LogOutputStream:75 - [STDERR_REDIRECT] 
2026-07-09 00:42:45,014 [ERROR] LogOutputStream:75 - [STDERR_REDIRECT] [Fatal Error] :1:1: Premature end of file.
2026-07-09 00:42:45,014 [ERROR] LogOutputStream:75 - [STDERR_REDIRECT] 
2026-07-09 00:42:46,000 [ERROR] LogOutputStream:75 - [STDERR_REDIRECT] [Fatal Error] :1:1: Premature end of file.
2026-07-09 00:42:46,000 [ERROR] LogOutputStream:75 - [STDERR_REDIRECT] 
2026-07-09 00:42:47,000 [ERROR] LogOutputStream:75 - [STDERR_REDIRECT] [Fatal Error] :1:1: Premature end of file.
2026-07-09 00:42:47,000 [ERROR] LogOutputStream:75 - [STDERR_REDIRECT] 
2026-07-09 00:42:48,006 [ERROR] LogOutputStream:75 - [STDERR_REDIRECT] [Fatal Error] :1:1: Premature end of file.
2026-07-09 00:42:48,006 [ERROR] LogOutputStream:75 - [STDERR_REDIRECT] 
2026-07-09 00:42:49,002 [ERROR] LogOutputStream:75 - [STDERR_REDIRECT] [Fatal Error] :1:1: Premature end of file.
2026-07-09 00:42:49,002 [ERROR] LogOutputStream:75 - [STDERR_REDIRECT] 
2026-07-09 00:42:50,013 [ERROR] LogOutputStream:75 - [STDERR_REDIRECT] [Fatal Error] :1:1: Premature end of file.
2026-07-09 00:42:50,013 [ERROR] LogOutputStream:75 - [STDERR_REDIRECT] 
2026-07-09 00:42:51,016 [ERROR] LogOutputStream:75 - [STDERR_REDIRECT] [Fatal Error] :1:1: Premature end of file.
2026-07-09 00:42:51,017 [ERROR] LogOutputStream:75 - [STDERR_REDIRECT] 
2026-07-09 00:42:52,002 [ERROR] LogOutputStream:75 - [STDERR_REDIRECT] [Fatal Error] :1:1: Premature end of file.
2026-07-09 00:42:52,003 [ERROR] LogOutputStream:75 - [STDERR_REDIRECT] 
2026-07-09 00:42:52,999 [ERROR] LogOutputStream:75 - [STDERR_REDIRECT] [Fatal Error] :1:1: Premature end of file.
2026-07-09 00:42:52,999 [ERROR] LogOutputStream:75 - [STDERR_REDIRECT] 
2026-07-09 00:42:54,027 [ERROR] LogOutputStream:75 - [STDERR_REDIRECT] [Fatal Error] :1:1: Premature end of file.
2026-07-09 00:42:54,027 [ERROR] LogOutputStream:75 - [STDERR_REDIRECT] 
2026-07-09 00:42:55,007 [ERROR] LogOutputStream:75 - [STDERR_REDIRECT] [Fatal Error] :1:1: Premature end of file.
2026-07-09 00:42:55,008 [ERROR] LogOutputStream:75 - [STDERR_REDIRECT] 
2026-07-09 00:42:56,011 [ERROR] LogOutputStream:75 - [STDERR_REDIRECT] [Fatal Error] :1:1: Premature end of file.
2026-07-09 00:42:56,011 [ERROR] LogOutputStream:75 - [STDERR_REDIRECT] 
2026-07-09 00:42:57,025 [ERROR] LogOutputStream:75 - [STDERR_REDIRECT] [Fatal Error] :1:1: Premature end of file.
2026-07-09 00:42:57,026 [ERROR] LogOutputStream:75 - [STDERR_REDIRECT] 
2026-07-09 00:42:58,005 [ERROR] LogOutputStream:75 - [STDERR_REDIRECT] [Fatal Error] :1:1: Premature end of file.
2026-07-09 00:42:58,006 [ERROR] LogOutputStream:75 - [STDERR_REDIRECT] 
2026-07-09 00:42:59,016 [ERROR] LogOutputStream:75 - [STDERR_REDIRECT] [Fatal Error] :1:1: Premature end of file.
2026-07-09 00:42:59,016 [ERROR] LogOutputStream:75 - [STDERR_REDIRECT] 
2026-07-09 00:43:00,004 [ERROR] LogOutputStream:75 - [STDERR_REDIRECT] [Fatal Error] :1:1: Premature end of file.
2026-07-09 00:43:00,004 [ERROR] LogOutputStream:75 - [STDERR_REDIRECT] 
2026-07-09 00:43:01,014 [ERROR] LogOutputStream:75 - [STDERR_REDIRECT] [Fatal Error] :1:1: Premature end of file.
2026-07-09 00:43:01,014 [ERROR] LogOutputStream:75 - [STDERR_REDIRECT] 
2026-07-09 00:43:02,016 [ERROR] LogOutputStream:75 - [STDERR_REDIRECT] [Fatal Error] :1:1: Premature end of file.
2026-07-09 00:43:02,016 [ERROR] LogOutputStream:75 - [STDERR_REDIRECT] 
2026-07-09 00:43:03,017 [ERROR] LogOutputStream:75 - [STDERR_REDIRECT] [Fatal Error] :1:1: Premature end of file.
2026-07-09 00:43:03,017 [ERROR] LogOutputStream:75 - [STDERR_REDIRECT] 
2026-07-09 00:43:04,004 [ERROR] LogOutputStream:75 - [STDERR_REDIRECT] [Fatal Error] :1:1: Premature end of file.
2026-07-09 00:43:04,005 [ERROR] LogOutputStream:75 - [STDERR_REDIRECT] 
2026-07-09 00:43:05,012 [ERROR] LogOutputStream:75 - [STDERR_REDIRECT] [Fatal Error] :1:1: Premature end of file.
2026-07-09 00:43:05,012 [ERROR] LogOutputStream:75 - [STDERR_REDIRECT] 
2026-07-09 00:43:06,003 [ERROR] LogOutputStream:75 - [STDERR_REDIRECT] [Fatal Error] :1:1: Premature end of file.
2026-07-09 00:43:06,004 [ERROR] LogOutputStream:75 - [STDERR_REDIRECT] 
2026-07-09 00:43:07,017 [ERROR] LogOutputStream:75 - [STDERR_REDIRECT] [Fatal Error] :1:1: Premature end of file.
2026-07-09 00:43:07,017 [ERROR] LogOutputStream:75 - [STDERR_REDIRECT] 
2026-07-09 00:43:08,014 [ERROR] LogOutputStream:75 - [STDERR_REDIRECT] [Fatal Error] :1:1: Premature end of file.
2026-07-09 00:43:08,014 [ERROR] LogOutputStream:75 - [STDERR_REDIRECT] 
2026-07-09 00:43:09,009 [ERROR] LogOutputStream:75 - [STDERR_REDIRECT] [Fatal Error] :1:1: Premature end of file.
2026-07-09 00:43:09,009 [ERROR] LogOutputStream:75 - [STDERR_REDIRECT] 
2026-07-09 00:43:10,000 [ERROR] LogOutputStream:75 - [STDERR_REDIRECT] [Fatal Error] :1:1: Premature end of file.
2026-07-09 00:43:10,000 [ERROR] LogOutputStream:75 - [STDERR_REDIRECT] 
2026-07-09 00:43:11,012 [ERROR] LogOutputStream:75 - [STDERR_REDIRECT] [Fatal Error] :1:1: Premature end of file.
2026-07-09 00:43:11,013 [ERROR] LogOutputStream:75 - [STDERR_REDIRECT] 
2026-07-09 00:43:12,011 [ERROR] LogOutputStream:75 - [STDERR_REDIRECT] [Fatal Error] :1:1: Premature end of file.
2026-07-09 00:43:12,011 [ERROR] LogOutputStream:75 - [STDERR_REDIRECT] 
2026-07-09 00:43:13,015 [ERROR] LogOutputStream:75 - [STDERR_REDIRECT] [Fatal Error] :1:1: Premature end of file.
2026-07-09 00:43:13,016 [ERROR] LogOutputStream:75 - [STDERR_REDIRECT] 
2026-07-09 00:43:14,017 [ERROR] LogOutputStream:75 - [STDERR_REDIRECT] [Fatal Error] :1:1: Premature end of file.
2026-07-09 00:43:14,017 [ERROR] LogOutputStream:75 - [STDERR_REDIRECT] 
2026-07-09 00:43:15,006 [ERROR] LogOutputStream:75 - [STDERR_REDIRECT] [Fatal Error] :1:1: Premature end of file.
2026-07-09 00:43:15,006 [ERROR] LogOutputStream:75 - [STDERR_REDIRECT] 
2026-07-09 00:43:16,008 [ERROR] LogOutputStream:75 - [STDERR_REDIRECT] [Fatal Error] :1:1: Premature end of file.
2026-07-09 00:43:16,009 [ERROR] LogOutputStream:75 - [STDERR_REDIRECT] 
2026-07-09 00:43:17,002 [ERROR] LogOutputStream:75 - [STDERR_REDIRECT] [Fatal Error] :1:1: Premature end of file.
2026-07-09 00:43:17,002 [ERROR] LogOutputStream:75 - [STDERR_REDIRECT] 
2026-07-09 00:43:18,016 [ERROR] LogOutputStream:75 - [STDERR_REDIRECT] [Fatal Error] :1:1: Premature end of file.
2026-07-09 00:43:18,017 [ERROR] LogOutputStream:75 - [STDERR_REDIRECT] 
2026-07-09 00:43:19,006 [ERROR] LogOutputStream:75 - [STDERR_REDIRECT] [Fatal Error] :1:1: Premature end of file.
2026-07-09 00:43:19,006 [ERROR] LogOutputStream:75 - [STDERR_REDIRECT] 
2026-07-09 00:43:20,005 [ERROR] LogOutputStream:75 - [STDERR_REDIRECT] [Fatal Error] :1:1: Premature end of file.
2026-07-09 00:43:20,006 [ERROR] LogOutputStream:75 - [STDERR_REDIRECT] 
2026-07-09 00:43:21,025 [ERROR] LogOutputStream:75 - [STDERR_REDIRECT] [Fatal Error] :1:1: Premature end of file.
2026-07-09 00:43:21,025 [ERROR] LogOutputStream:75 - [STDERR_REDIRECT] 
2026-07-09 00:43:22,011 [ERROR] LogOutputStream:75 - [STDERR_REDIRECT] [Fatal Error] :1:1: Premature end of file.
2026-07-09 00:43:22,012 [ERROR] LogOutputStream:75 - [STDERR_REDIRECT] 
2026-07-09 00:43:23,012 [ERROR] LogOutputStream:75 - [STDERR_REDIRECT] [Fatal Error] :1:1: Premature end of file.
2026-07-09 00:43:23,012 [ERROR] LogOutputStream:75 - [STDERR_REDIRECT] 
2026-07-09 00:43:24,013 [ERROR] LogOutputStream:75 - [STDERR_REDIRECT] [Fatal Error] :1:1: Premature end of file.
2026-07-09 00:43:24,016 [ERROR] LogOutputStream:75 - [STDERR_REDIRECT] 
2026-07-09 00:43:25,012 [ERROR] LogOutputStream:75 - [STDERR_REDIRECT] [Fatal Error] :1:1: Premature end of file.
2026-07-09 00:43:25,012 [ERROR] LogOutputStream:75 - [STDERR_REDIRECT] 
2026-07-09 00:43:26,003 [ERROR] LogOutputStream:75 - [STDERR_REDIRECT] [Fatal Error] :1:1: Premature end of file.
2026-07-09 00:43:26,003 [ERROR] LogOutputStream:75 - [STDERR_REDIRECT] 
2026-07-09 00:43:27,015 [ERROR] LogOutputStream:75 - [STDERR_REDIRECT] [Fatal Error] :1:1: Premature end of file.
2026-07-09 00:43:27,016 [ERROR] LogOutputStream:75 - [STDERR_REDIRECT] 
2026-07-09 00:43:28,006 [ERROR] LogOutputStream:75 - [STDERR_REDIRECT] [Fatal Error] :1:1: Premature end of file.
2026-07-09 00:43:28,006 [ERROR] LogOutputStream:75 - [STDERR_REDIRECT] 
2026-07-09 00:43:29,004 [ERROR] LogOutputStream:75 - [STDERR_REDIRECT] [Fatal Error] :1:1: Premature end of file.
2026-07-09 00:43:29,004 [ERROR] LogOutputStream:75 - [STDERR_REDIRECT] 
2026-07-09 00:43:30,015 [ERROR] LogOutputStream:75 - [STDERR_REDIRECT] [Fatal Error] :1:1: Premature end of file.
2026-07-09 00:43:30,015 [ERROR] LogOutputStream:75 - [STDERR_REDIRECT] 
2026-07-09 00:43:31,010 [ERROR] LogOutputStream:75 - [STDERR_REDIRECT] [Fatal Error] :1:1: Premature end of file.
2026-07-09 00:43:31,010 [ERROR] LogOutputStream:75 - [STDERR_REDIRECT] 
2026-07-09 00:43:32,006 [ERROR] LogOutputStream:75 - [STDERR_REDIRECT] [Fatal Error] :1:1: Premature end of file.
2026-07-09 00:43:32,006 [ERROR] LogOutputStream:75 - [STDERR_REDIRECT] 
2026-07-09 00:43:33,005 [ERROR] LogOutputStream:75 - [STDERR_REDIRECT] [Fatal Error] :1:1: Premature end of file.
2026-07-09 00:43:33,005 [ERROR] LogOutputStream:75 - [STDERR_REDIRECT] 
2026-07-09 00:43:34,002 [ERROR] LogOutputStream:75 - [STDERR_REDIRECT] [Fatal Error] :1:1: Premature end of file.
2026-07-09 00:43:34,002 [ERROR] LogOutputStream:75 - [STDERR_REDIRECT] 
2026-07-09 00:43:35,016 [ERROR] LogOutputStream:75 - [STDERR_REDIRECT] [Fatal Error] :1:1: Premature end of file.
2026-07-09 00:43:35,016 [ERROR] LogOutputStream:75 - [STDERR_REDIRECT] 
2026-07-09 00:43:36,016 [ERROR] LogOutputStream:75 - [STDERR_REDIRECT] [Fatal Error] :1:1: Premature end of file.
2026-07-09 00:43:36,016 [ERROR] LogOutputStream:75 - [STDERR_REDIRECT] 
2026-07-09 00:43:37,011 [ERROR] LogOutputStream:75 - [STDERR_REDIRECT] [Fatal Error] :1:1: Premature end of file.
2026-07-09 00:43:37,011 [ERROR] LogOutputStream:75 - [STDERR_REDIRECT] 
2026-07-09 00:43:38,005 [ERROR] LogOutputStream:75 - [STDERR_REDIRECT] [Fatal Error] :1:1: Premature end of file.
2026-07-09 00:43:38,006 [ERROR] LogOutputStream:75 - [STDERR_REDIRECT] 
2026-07-09 00:43:39,002 [ERROR] LogOutputStream:75 - [STDERR_REDIRECT] [Fatal Error] :1:1: Premature end of file.
2026-07-09 00:43:39,002 [ERROR] LogOutputStream:75 - [STDERR_REDIRECT] 
2026-07-09 00:43:40,013 [ERROR] LogOutputStream:75 - [STDERR_REDIRECT] [Fatal Error] :1:1: Premature end of file.
2026-07-09 00:43:40,014 [ERROR] LogOutputStream:75 - [STDERR_REDIRECT] 
2026-07-09 00:43:41,006 [ERROR] LogOutputStream:75 - [STDERR_REDIRECT] [Fatal Error] :1:1: Premature end of file.
2026-07-09 00:43:41,006 [ERROR] LogOutputStream:75 - [STDERR_REDIRECT] 
2026-07-09 00:43:42,006 [ERROR] LogOutputStream:75 - [STDERR_REDIRECT] [Fatal Error] :1:1: Premature end of file.
2026-07-09 00:43:42,006 [ERROR] LogOutputStream:75 - [STDERR_REDIRECT] 
2026-07-09 00:43:43,017 [ERROR] LogOutputStream:75 - [STDERR_REDIRECT] [Fatal Error] :1:1: Premature end of file.
2026-07-09 00:43:43,018 [ERROR] LogOutputStream:75 - [STDERR_REDIRECT] 
2026-07-09 00:43:44,009 [ERROR] LogOutputStream:75 - [STDERR_REDIRECT] [Fatal Error] :1:1: Premature end of file.
2026-07-09 00:43:44,009 [ERROR] LogOutputStream:75 - [STDERR_REDIRECT] 
2026-07-09 00:43:45,003 [ERROR] LogOutputStream:75 - [STDERR_REDIRECT] [Fatal Error] :1:1: Premature end of file.
2026-07-09 00:43:45,003 [ERROR] LogOutputStream:75 - [STDERR_REDIRECT] 
2026-07-09 00:43:46,010 [ERROR] LogOutputStream:75 - [STDERR_REDIRECT] [Fatal Error] :1:1: Premature end of file.
2026-07-09 00:43:46,010 [ERROR] LogOutputStream:75 - [STDERR_REDIRECT] 
2026-07-09 00:43:47,006 [ERROR] LogOutputStream:75 - [STDERR_REDIRECT] [Fatal Error] :1:1: Premature end of file.
2026-07-09 00:43:47,006 [ERROR] LogOutputStream:75 - [STDERR_REDIRECT] 
2026-07-09 00:43:48,013 [ERROR] LogOutputStream:75 - [STDERR_REDIRECT] [Fatal Error] :1:1: Premature end of file.
2026-07-09 00:43:48,013 [ERROR] LogOutputStream:75 - [STDERR_REDIRECT] 
2026-07-09 00:43:49,010 [ERROR] LogOutputStream:75 - [STDERR_REDIRECT] [Fatal Error] :1:1: Premature end of file.
2026-07-09 00:43:49,010 [ERROR] LogOutputStream:75 - [STDERR_REDIRECT] 
2026-07-09 00:43:49,998 [ERROR] LogOutputStream:75 - [STDERR_REDIRECT] [Fatal Error] :1:1: Premature end of file.
2026-07-09 00:43:49,998 [ERROR] LogOutputStream:75 - [STDERR_REDIRECT] 
2026-07-09 00:43:51,021 [ERROR] LogOutputStream:75 - [STDERR_REDIRECT] [Fatal Error] :1:1: Premature end of file.
2026-07-09 00:43:51,022 [ERROR] LogOutputStream:75 - [STDERR_REDIRECT] 
2026-07-09 00:43:52,017 [ERROR] LogOutputStream:75 - [STDERR_REDIRECT] [Fatal Error] :1:1: Premature end of file.
2026-07-09 00:43:52,018 [ERROR] LogOutputStream:75 - [STDERR_REDIRECT] 
2026-07-09 00:43:53,007 [ERROR] LogOutputStream:75 - [STDERR_REDIRECT] [Fatal Error] :1:1: Premature end of file.
2026-07-09 00:43:53,007 [ERROR] LogOutputStream:75 - [STDERR_REDIRECT] 
2026-07-09 00:43:54,016 [ERROR] LogOutputStream:75 - [STDERR_REDIRECT] [Fatal Error] :1:1: Premature end of file.
2026-07-09 00:43:54,016 [ERROR] LogOutputStream:75 - [STDERR_REDIRECT] 
2026-07-09 00:43:55,006 [ERROR] LogOutputStream:75 - [STDERR_REDIRECT] [Fatal Error] :1:1: Premature end of file.
2026-07-09 00:43:55,006 [ERROR] LogOutputStream:75 - [STDERR_REDIRECT] 
2026-07-09 00:43:56,004 [ERROR] LogOutputStream:75 - [STDERR_REDIRECT] [Fatal Error] :1:1: Premature end of file.
2026-07-09 00:43:56,005 [ERROR] LogOutputStream:75 - [STDERR_REDIRECT] 
2026-07-09 00:43:57,009 [ERROR] LogOutputStream:75 - [STDERR_REDIRECT] [Fatal Error] :1:1: Premature end of file.
2026-07-09 00:43:57,010 [ERROR] LogOutputStream:75 - [STDERR_REDIRECT] 
2026-07-09 00:43:58,019 [ERROR] LogOutputStream:75 - [STDERR_REDIRECT] [Fatal Error] :1:1: Premature end of file.
2026-07-09 00:43:58,019 [ERROR] LogOutputStream:75 - [STDERR_REDIRECT] 
2026-07-09 00:43:59,016 [ERROR] LogOutputStream:75 - [STDERR_REDIRECT] [Fatal Error] :1:1: Premature end of file.
2026-07-09 00:43:59,016 [ERROR] LogOutputStream:75 - [STDERR_REDIRECT] 
2026-07-09 00:44:00,003 [ERROR] LogOutputStream:75 - [STDERR_REDIRECT] [Fatal Error] :1:1: Premature end of file.
2026-07-09 00:44:00,004 [ERROR] LogOutputStream:75 - [STDERR_REDIRECT] 
2026-07-09 00:44:01,001 [ERROR] LogOutputStream:75 - [STDERR_REDIRECT] [Fatal Error] :1:1: Premature end of file.
2026-07-09 00:44:01,001 [ERROR] LogOutputStream:75 - [STDERR_REDIRECT] 
2026-07-09 00:44:02,004 [ERROR] LogOutputStream:75 - [STDERR_REDIRECT] [Fatal Error] :1:1: Premature end of file.
2026-07-09 00:44:02,004 [ERROR] LogOutputStream:75 - [STDERR_REDIRECT] 
2026-07-09 00:44:03,011 [ERROR] LogOutputStream:75 - [STDERR_REDIRECT] [Fatal Error] :1:1: Premature end of file.
2026-07-09 00:44:03,012 [ERROR] LogOutputStream:75 - [STDERR_REDIRECT] 
2026-07-09 00:44:04,003 [ERROR] LogOutputStream:75 - [STDERR_REDIRECT] [Fatal Error] :1:1: Premature end of file.
2026-07-09 00:44:04,004 [ERROR] LogOutputStream:75 - [STDERR_REDIRECT] 
2026-07-09 00:44:05,012 [ERROR] LogOutputStream:75 - [STDERR_REDIRECT] [Fatal Error] :1:1: Premature end of file.
2026-07-09 00:44:05,013 [ERROR] LogOutputStream:75 - [STDERR_REDIRECT] 
2026-07-09 00:44:06,002 [ERROR] LogOutputStream:75 - [STDERR_REDIRECT] [Fatal Error] :1:1: Premature end of file.
2026-07-09 00:44:06,003 [ERROR] LogOutputStream:75 - [STDERR_REDIRECT] 
2026-07-09 00:44:07,011 [ERROR] LogOutputStream:75 - [STDERR_REDIRECT] [Fatal Error] :1:1: Premature end of file.
2026-07-09 00:44:07,011 [ERROR] LogOutputStream:75 - [STDERR_REDIRECT] 
2026-07-09 00:44:08,003 [ERROR] LogOutputStream:75 - [STDERR_REDIRECT] [Fatal Error] :1:1: Premature end of file.
2026-07-09 00:44:08,003 [ERROR] LogOutputStream:75 - [STDERR_REDIRECT] 
2026-07-09 00:44:09,006 [ERROR] LogOutputStream:75 - [STDERR_REDIRECT] [Fatal Error] :1:1: Premature end of file.
2026-07-09 00:44:09,006 [ERROR] LogOutputStream:75 - [STDERR_REDIRECT] 
2026-07-09 00:44:10,020 [ERROR] LogOutputStream:75 - [STDERR_REDIRECT] [Fatal Error] :1:1: Premature end of file.
2026-07-09 00:44:10,021 [ERROR] LogOutputStream:75 - [STDERR_REDIRECT] 
2026-07-09 00:44:11,017 [ERROR] LogOutputStream:75 - [STDERR_REDIRECT] [Fatal Error] :1:1: Premature end of file.
2026-07-09 00:44:11,017 [ERROR] LogOutputStream:75 - [STDERR_REDIRECT] 
2026-07-09 00:44:12,011 [ERROR] LogOutputStream:75 - [STDERR_REDIRECT] [Fatal Error] :1:1: Premature end of file.
2026-07-09 00:44:12,011 [ERROR] LogOutputStream:75 - [STDERR_REDIRECT] 
2026-07-09 00:44:13,008 [ERROR] LogOutputStream:75 - [STDERR_REDIRECT] [Fatal Error] :1:1: Premature end of file.
2026-07-09 00:44:13,008 [ERROR] LogOutputStream:75 - [STDERR_REDIRECT] 
2026-07-09 00:44:14,011 [ERROR] LogOutputStream:75 - [STDERR_REDIRECT] [Fatal Error] :1:1: Premature end of file.
2026-07-09 00:44:14,012 [ERROR] LogOutputStream:75 - [STDERR_REDIRECT] 
2026-07-09 00:44:15,016 [ERROR] LogOutputStream:75 - [STDERR_REDIRECT] [Fatal Error] :1:1: Premature end of file.
2026-07-09 00:44:15,017 [ERROR] LogOutputStream:75 - [STDERR_REDIRECT] 
2026-07-09 00:44:16,006 [ERROR] LogOutputStream:75 - [STDERR_REDIRECT] [Fatal Error] :1:1: Premature end of file.
2026-07-09 00:44:16,006 [ERROR] LogOutputStream:75 - [STDERR_REDIRECT] 
2026-07-09 00:44:17,008 [ERROR] LogOutputStream:75 - [STDERR_REDIRECT] [Fatal Error] :1:1: Premature end of file.
2026-07-09 00:44:17,009 [ERROR] LogOutputStream:75 - [STDERR_REDIRECT] 
2026-07-09 00:44:18,006 [ERROR] LogOutputStream:75 - [STDERR_REDIRECT] [Fatal Error] :1:1: Premature end of file.
2026-07-09 00:44:18,006 [ERROR] LogOutputStream:75 - [STDERR_REDIRECT] 
2026-07-09 00:44:19,003 [ERROR] LogOutputStream:75 - [STDERR_REDIRECT] [Fatal Error] :1:1: Premature end of file.
2026-07-09 00:44:19,003 [ERROR] LogOutputStream:75 - [STDERR_REDIRECT] 
2026-07-09 00:44:20,011 [ERROR] LogOutputStream:75 - [STDERR_REDIRECT] [Fatal Error] :1:1: Premature end of file.
2026-07-09 00:44:20,011 [ERROR] LogOutputStream:75 - [STDERR_REDIRECT] 
2026-07-09 00:44:21,001 [ERROR] LogOutputStream:75 - [STDERR_REDIRECT] [Fatal Error] :1:1: Premature end of file.
2026-07-09 00:44:21,001 [ERROR] LogOutputStream:75 - [STDERR_REDIRECT] 
2026-07-09 00:44:22,004 [ERROR] LogOutputStream:75 - [STDERR_REDIRECT] [Fatal Error] :1:1: Premature end of file.
2026-07-09 00:44:22,004 [ERROR] LogOutputStream:75 - [STDERR_REDIRECT] 
2026-07-09 00:44:23,001 [ERROR] LogOutputStream:75 - [STDERR_REDIRECT] [Fatal Error] :1:1: Premature end of file.
2026-07-09 00:44:23,001 [ERROR] LogOutputStream:75 - [STDERR_REDIRECT] 
2026-07-09 00:44:24,013 [ERROR] LogOutputStream:75 - [STDERR_REDIRECT] [Fatal Error] :1:1: Premature end of file.
2026-07-09 00:44:24,013 [ERROR] LogOutputStream:75 - [STDERR_REDIRECT] 
2026-07-09 00:44:25,015 [ERROR] LogOutputStream:75 - [STDERR_REDIRECT] [Fatal Error] :1:1: Premature end of file.
2026-07-09 00:44:25,016 [ERROR] LogOutputStream:75 - [STDERR_REDIRECT] 
2026-07-09 00:44:26,010 [ERROR] LogOutputStream:75 - [STDERR_REDIRECT] [Fatal Error] :1:1: Premature end of file.
2026-07-09 00:44:26,011 [ERROR] LogOutputStream:75 - [STDERR_REDIRECT] 
2026-07-09 00:44:27,016 [ERROR] LogOutputStream:75 - [STDERR_REDIRECT] [Fatal Error] :1:1: Premature end of file.
2026-07-09 00:44:27,016 [ERROR] LogOutputStream:75 - [STDERR_REDIRECT] 
2026-07-09 00:44:28,003 [ERROR] LogOutputStream:75 - [STDERR_REDIRECT] [Fatal Error] :1:1: Premature end of file.
2026-07-09 00:44:28,003 [ERROR] LogOutputStream:75 - [STDERR_REDIRECT] 
2026-07-09 00:44:29,000 [ERROR] LogOutputStream:75 - [STDERR_REDIRECT] [Fatal Error] :1:1: Premature end of file.
2026-07-09 00:44:29,000 [ERROR] LogOutputStream:75 - [STDERR_REDIRECT] 
2026-07-09 00:44:30,014 [ERROR] LogOutputStream:75 - [STDERR_REDIRECT] [Fatal Error] :1:1: Premature end of file.
2026-07-09 00:44:30,015 [ERROR] LogOutputStream:75 - [STDERR_REDIRECT] 
2026-07-09 00:44:31,006 [ERROR] LogOutputStream:75 - [STDERR_REDIRECT] [Fatal Error] :1:1: Premature end of file.
2026-07-09 00:44:31,008 [ERROR] LogOutputStream:75 - [STDERR_REDIRECT] 
2026-07-09 00:44:32,006 [ERROR] LogOutputStream:75 - [STDERR_REDIRECT] [Fatal Error] :1:1: Premature end of file.
2026-07-09 00:44:32,006 [ERROR] LogOutputStream:75 - [STDERR_REDIRECT] 
2026-07-09 00:44:33,016 [ERROR] LogOutputStream:75 - [STDERR_REDIRECT] [Fatal Error] :1:1: Premature end of file.
2026-07-09 00:44:33,016 [ERROR] LogOutputStream:75 - [STDERR_REDIRECT] 
2026-07-09 00:44:34,009 [ERROR] LogOutputStream:75 - [STDERR_REDIRECT] [Fatal Error] :1:1: Premature end of file.
2026-07-09 00:44:34,009 [ERROR] LogOutputStream:75 - [STDERR_REDIRECT] 
2026-07-09 00:44:35,004 [ERROR] LogOutputStream:75 - [STDERR_REDIRECT] [Fatal Error] :1:1: Premature end of file.
2026-07-09 00:44:35,004 [ERROR] LogOutputStream:75 - [STDERR_REDIRECT] 
2026-07-09 00:44:36,018 [ERROR] LogOutputStream:75 - [STDERR_REDIRECT] [Fatal Error] :1:1: Premature end of file.
2026-07-09 00:44:36,018 [ERROR] LogOutputStream:75 - [STDERR_REDIRECT] 
2026-07-09 00:44:37,007 [ERROR] LogOutputStream:75 - [STDERR_REDIRECT] [Fatal Error] :1:1: Premature end of file.
2026-07-09 00:44:37,007 [ERROR] LogOutputStream:75 - [STDERR_REDIRECT] 
2026-07-09 00:44:38,022 [ERROR] LogOutputStream:75 - [STDERR_REDIRECT] [Fatal Error] :1:1: Premature end of file.
2026-07-09 00:44:38,022 [ERROR] LogOutputStream:75 - [STDERR_REDIRECT] 
2026-07-09 00:44:39,006 [ERROR] LogOutputStream:75 - [STDERR_REDIRECT] [Fatal Error] :1:1: Premature end of file.
2026-07-09 00:44:39,006 [ERROR] LogOutputStream:75 - [STDERR_REDIRECT] 
2026-07-09 00:44:40,000 [ERROR] LogOutputStream:75 - [STDERR_REDIRECT] [Fatal Error] :1:1: Premature end of file.
2026-07-09 00:44:40,001 [ERROR] LogOutputStream:75 - [STDERR_REDIRECT] 
2026-07-09 00:44:41,007 [ERROR] LogOutputStream:75 - [STDERR_REDIRECT] [Fatal Error] :1:1: Premature end of file.
2026-07-09 00:44:41,008 [ERROR] LogOutputStream:75 - [STDERR_REDIRECT] 
2026-07-09 00:44:42,003 [ERROR] LogOutputStream:75 - [STDERR_REDIRECT] [Fatal Error] :1:1: Premature end of file.
2026-07-09 00:44:42,003 [ERROR] LogOutputStream:75 - [STDERR_REDIRECT] 
2026-07-09 00:44:43,012 [ERROR] LogOutputStream:75 - [STDERR_REDIRECT] [Fatal Error] :1:1: Premature end of file.
2026-07-09 00:44:43,012 [ERROR] LogOutputStream:75 - [STDERR_REDIRECT] 
2026-07-09 00:44:44,013 [ERROR] LogOutputStream:75 - [STDERR_REDIRECT] [Fatal Error] :1:1: Premature end of file.
2026-07-09 00:44:44,013 [ERROR] LogOutputStream:75 - [STDERR_REDIRECT] 
2026-07-09 00:44:45,006 [ERROR] LogOutputStream:75 - [STDERR_REDIRECT] [Fatal Error] :1:1: Premature end of file.
2026-07-09 00:44:45,007 [ERROR] LogOutputStream:75 - [STDERR_REDIRECT] 
2026-07-09 00:44:46,010 [ERROR] LogOutputStream:75 - [STDERR_REDIRECT] [Fatal Error] :1:1: Premature end of file.
2026-07-09 00:44:46,010 [ERROR] LogOutputStream:75 - [STDERR_REDIRECT] 
2026-07-09 00:44:47,013 [ERROR] LogOutputStream:75 - [STDERR_REDIRECT] [Fatal Error] :1:1: Premature end of file.
2026-07-09 00:44:47,014 [ERROR] LogOutputStream:75 - [STDERR_REDIRECT] 
2026-07-09 00:44:48,009 [ERROR] LogOutputStream:75 - [STDERR_REDIRECT] [Fatal Error] :1:1: Premature end of file.
2026-07-09 00:44:48,010 [ERROR] LogOutputStream:75 - [STDERR_REDIRECT] 
2026-07-09 00:44:49,010 [ERROR] LogOutputStream:75 - [STDERR_REDIRECT] [Fatal Error] :1:1: Premature end of file.
2026-07-09 00:44:49,010 [ERROR] LogOutputStream:75 - [STDERR_REDIRECT] 
2026-07-09 00:44:50,004 [ERROR] LogOutputStream:75 - [STDERR_REDIRECT] [Fatal Error] :1:1: Premature end of file.
2026-07-09 00:44:50,004 [ERROR] LogOutputStream:75 - [STDERR_REDIRECT] 
2026-07-09 00:44:51,002 [ERROR] LogOutputStream:75 - [STDERR_REDIRECT] [Fatal Error] :1:1: Premature end of file.
2026-07-09 00:44:51,003 [ERROR] LogOutputStream:75 - [STDERR_REDIRECT] 
2026-07-09 00:44:52,003 [ERROR] LogOutputStream:75 - [STDERR_REDIRECT] [Fatal Error] :1:1: Premature end of file.
2026-07-09 00:44:52,003 [ERROR] LogOutputStream:75 - [STDERR_REDIRECT] 
2026-07-09 00:44:53,013 [ERROR] LogOutputStream:75 - [STDERR_REDIRECT] [Fatal Error] :1:1: Premature end of file.
2026-07-09 00:44:53,013 [ERROR] LogOutputStream:75 - [STDERR_REDIRECT] 
2026-07-09 00:44:54,005 [ERROR] LogOutputStream:75 - [STDERR_REDIRECT] [Fatal Error] :1:1: Premature end of file.
2026-07-09 00:44:54,005 [ERROR] LogOutputStream:75 - [STDERR_REDIRECT] 
2026-07-09 00:44:55,005 [ERROR] LogOutputStream:75 - [STDERR_REDIRECT] [Fatal Error] :1:1: Premature end of file.
2026-07-09 00:44:55,005 [ERROR] LogOutputStream:75 - [STDERR_REDIRECT] 
2026-07-09 00:44:56,015 [ERROR] LogOutputStream:75 - [STDERR_REDIRECT] [Fatal Error] :1:1: Premature end of file.
2026-07-09 00:44:56,015 [ERROR] LogOutputStream:75 - [STDERR_REDIRECT] 
2026-07-09 00:44:57,000 [ERROR] LogOutputStream:75 - [STDERR_REDIRECT] [Fatal Error] :1:1: Premature end of file.
2026-07-09 00:44:57,000 [ERROR] LogOutputStream:75 - [STDERR_REDIRECT] 
2026-07-09 00:44:58,009 [ERROR] LogOutputStream:75 - [STDERR_REDIRECT] [Fatal Error] :1:1: Premature end of file.
2026-07-09 00:44:58,009 [ERROR] LogOutputStream:75 - [STDERR_REDIRECT] 
2026-07-09 00:44:59,008 [ERROR] LogOutputStream:75 - [STDERR_REDIRECT] [Fatal Error] :1:1: Premature end of file.
2026-07-09 00:44:59,008 [ERROR] LogOutputStream:75 - [STDERR_REDIRECT] 
2026-07-09 00:45:00,003 [ERROR] LogOutputStream:75 - [STDERR_REDIRECT] [Fatal Error] :1:1: Premature end of file.
2026-07-09 00:45:00,003 [ERROR] LogOutputStream:75 - [STDERR_REDIRECT] 
2026-07-09 00:45:01,001 [ERROR] LogOutputStream:75 - [STDERR_REDIRECT] [Fatal Error] :1:1: Premature end of file.
2026-07-09 00:45:01,002 [ERROR] LogOutputStream:75 - [STDERR_REDIRECT] 
2026-07-09 00:45:02,016 [ERROR] LogOutputStream:75 - [STDERR_REDIRECT] [Fatal Error] :1:1: Premature end of file.
2026-07-09 00:45:02,016 [ERROR] LogOutputStream:75 - [STDERR_REDIRECT] 
2026-07-09 00:45:03,014 [ERROR] LogOutputStream:75 - [STDERR_REDIRECT] [Fatal Error] :1:1: Premature end of file.
2026-07-09 00:45:03,014 [ERROR] LogOutputStream:75 - [STDERR_REDIRECT] 
2026-07-09 00:45:04,003 [ERROR] LogOutputStream:75 - [STDERR_REDIRECT] [Fatal Error] :1:1: Premature end of file.
2026-07-09 00:45:04,003 [ERROR] LogOutputStream:75 - [STDERR_REDIRECT] 
2026-07-09 00:45:05,024 [ERROR] LogOutputStream:75 - [STDERR_REDIRECT] [Fatal Error] :1:1: Premature end of file.
2026-07-09 00:45:05,024 [ERROR] LogOutputStream:75 - [STDERR_REDIRECT] 
2026-07-09 00:45:06,010 [ERROR] LogOutputStream:75 - [STDERR_REDIRECT] [Fatal Error] :1:1: Premature end of file.
2026-07-09 00:45:06,010 [ERROR] LogOutputStream:75 - [STDERR_REDIRECT] 
2026-07-09 00:45:07,013 [ERROR] LogOutputStream:75 - [STDERR_REDIRECT] [Fatal Error] :1:1: Premature end of file.
2026-07-09 00:45:07,013 [ERROR] LogOutputStream:75 - [STDERR_REDIRECT] 
2026-07-09 00:45:08,010 [ERROR] LogOutputStream:75 - [STDERR_REDIRECT] [Fatal Error] :1:1: Premature end of file.
2026-07-09 00:45:08,011 [ERROR] LogOutputStream:75 - [STDERR_REDIRECT] 
2026-07-09 00:45:09,005 [ERROR] LogOutputStream:75 - [STDERR_REDIRECT] [Fatal Error] :1:1: Premature end of file.
2026-07-09 00:45:09,006 [ERROR] LogOutputStream:75 - [STDERR_REDIRECT] 
2026-07-09 00:45:10,019 [ERROR] LogOutputStream:75 - [STDERR_REDIRECT] [Fatal Error] :1:1: Premature end of file.
2026-07-09 00:45:10,019 [ERROR] LogOutputStream:75 - [STDERR_REDIRECT] 
2026-07-09 00:45:11,003 [ERROR] LogOutputStream:75 - [STDERR_REDIRECT] [Fatal Error] :1:1: Premature end of file.
2026-07-09 00:45:11,003 [ERROR] LogOutputStream:75 - [STDERR_REDIRECT] 
2026-07-09 00:45:12,013 [ERROR] LogOutputStream:75 - [STDERR_REDIRECT] [Fatal Error] :1:1: Premature end of file.
2026-07-09 00:45:12,013 [ERROR] LogOutputStream:75 - [STDERR_REDIRECT] 
2026-07-09 00:45:13,011 [ERROR] LogOutputStream:75 - [STDERR_REDIRECT] [Fatal Error] :1:1: Premature end of file.
2026-07-09 00:45:13,011 [ERROR] LogOutputStream:75 - [STDERR_REDIRECT] 
2026-07-09 00:45:14,010 [ERROR] LogOutputStream:75 - [STDERR_REDIRECT] [Fatal Error] :1:1: Premature end of file.
2026-07-09 00:45:14,010 [ERROR] LogOutputStream:75 - [STDERR_REDIRECT] 
2026-07-09 00:45:15,013 [ERROR] LogOutputStream:75 - [STDERR_REDIRECT] [Fatal Error] :1:1: Premature end of file.
2026-07-09 00:45:15,013 [ERROR] LogOutputStream:75 - [STDERR_REDIRECT] 
2026-07-09 00:45:16,003 [ERROR] LogOutputStream:75 - [STDERR_REDIRECT] [Fatal Error] :1:1: Premature end of file.
2026-07-09 00:45:16,003 [ERROR] LogOutputStream:75 - [STDERR_REDIRECT] 
2026-07-09 00:45:17,003 [ERROR] LogOutputStream:75 - [STDERR_REDIRECT] [Fatal Error] :1:1: Premature end of file.
2026-07-09 00:45:17,003 [ERROR] LogOutputStream:75 - [STDERR_REDIRECT] 
2026-07-09 00:45:18,004 [ERROR] LogOutputStream:75 - [STDERR_REDIRECT] [Fatal Error] :1:1: Premature end of file.
2026-07-09 00:45:18,005 [ERROR] LogOutputStream:75 - [STDERR_REDIRECT] 
2026-07-09 00:45:19,004 [ERROR] LogOutputStream:75 - [STDERR_REDIRECT] [Fatal Error] :1:1: Premature end of file.
2026-07-09 00:45:19,005 [ERROR] LogOutputStream:75 - [STDERR_REDIRECT] 
2026-07-09 00:45:20,013 [ERROR] LogOutputStream:75 - [STDERR_REDIRECT] [Fatal Error] :1:1: Premature end of file.
2026-07-09 00:45:20,013 [ERROR] LogOutputStream:75 - [STDERR_REDIRECT] 
2026-07-09 00:45:21,006 [ERROR] LogOutputStream:75 - [STDERR_REDIRECT] [Fatal Error] :1:1: Premature end of file.
2026-07-09 00:45:21,006 [ERROR] LogOutputStream:75 - [STDERR_REDIRECT] 
2026-07-09 00:45:22,021 [ERROR] LogOutputStream:75 - [STDERR_REDIRECT] [Fatal Error] :1:1: Premature end of file.
2026-07-09 00:45:22,022 [ERROR] LogOutputStream:75 - [STDERR_REDIRECT] 
2026-07-09 00:45:23,010 [ERROR] LogOutputStream:75 - [STDERR_REDIRECT] [Fatal Error] :1:1: Premature end of file.
2026-07-09 00:45:23,011 [ERROR] LogOutputStream:75 - [STDERR_REDIRECT] 
2026-07-09 00:45:24,012 [ERROR] LogOutputStream:75 - [STDERR_REDIRECT] [Fatal Error] :1:1: Premature end of file.
2026-07-09 00:45:24,012 [ERROR] LogOutputStream:75 - [STDERR_REDIRECT] 
2026-07-09 00:45:25,010 [ERROR] LogOutputStream:75 - [STDERR_REDIRECT] [Fatal Error] :1:1: Premature end of file.
2026-07-09 00:45:25,010 [ERROR] LogOutputStream:75 - [STDERR_REDIRECT] 
2026-07-09 00:45:26,016 [ERROR] LogOutputStream:75 - [STDERR_REDIRECT] [Fatal Error] :1:1: Premature end of file.
2026-07-09 00:45:26,016 [ERROR] LogOutputStream:75 - [STDERR_REDIRECT] 
2026-07-09 00:45:27,008 [ERROR] LogOutputStream:75 - [STDERR_REDIRECT] [Fatal Error] :1:1: Premature end of file.
2026-07-09 00:45:27,009 [ERROR] LogOutputStream:75 - [STDERR_REDIRECT] 
2026-07-09 00:45:28,001 [ERROR] LogOutputStream:75 - [STDERR_REDIRECT] [Fatal Error] :1:1: Premature end of file.
2026-07-09 00:45:28,001 [ERROR] LogOutputStream:75 - [STDERR_REDIRECT] 
2026-07-09 00:45:29,010 [ERROR] LogOutputStream:75 - [STDERR_REDIRECT] [Fatal Error] :1:1: Premature end of file.
2026-07-09 00:45:29,011 [ERROR] LogOutputStream:75 - [STDERR_REDIRECT] 
2026-07-09 00:45:30,002 [ERROR] LogOutputStream:75 - [STDERR_REDIRECT] [Fatal Error] :1:1: Premature end of file.
2026-07-09 00:45:30,002 [ERROR] LogOutputStream:75 - [STDERR_REDIRECT] 
2026-07-09 00:45:31,014 [ERROR] LogOutputStream:75 - [STDERR_REDIRECT] [Fatal Error] :1:1: Premature end of file.
2026-07-09 00:45:31,014 [ERROR] LogOutputStream:75 - [STDERR_REDIRECT] 
2026-07-09 00:45:32,005 [ERROR] LogOutputStream:75 - [STDERR_REDIRECT] [Fatal Error] :1:1: Premature end of file.
2026-07-09 00:45:32,005 [ERROR] LogOutputStream:75 - [STDERR_REDIRECT] 
2026-07-09 00:45:33,009 [ERROR] LogOutputStream:75 - [STDERR_REDIRECT] [Fatal Error] :1:1: Premature end of file.
2026-07-09 00:45:33,009 [ERROR] LogOutputStream:75 - [STDERR_REDIRECT] 
2026-07-09 00:45:34,001 [ERROR] LogOutputStream:75 - [STDERR_REDIRECT] [Fatal Error] :1:1: Premature end of file.
2026-07-09 00:45:34,001 [ERROR] LogOutputStream:75 - [STDERR_REDIRECT] 
2026-07-09 00:45:35,007 [ERROR] LogOutputStream:75 - [STDERR_REDIRECT] [Fatal Error] :1:1: Premature end of file.
2026-07-09 00:45:35,007 [ERROR] LogOutputStream:75 - [STDERR_REDIRECT] 
2026-07-09 00:45:36,010 [ERROR] LogOutputStream:75 - [STDERR_REDIRECT] [Fatal Error] :1:1: Premature end of file.
2026-07-09 00:45:36,011 [ERROR] LogOutputStream:75 - [STDERR_REDIRECT] 
2026-07-09 00:45:37,006 [ERROR] LogOutputStream:75 - [STDERR_REDIRECT] [Fatal Error] :1:1: Premature end of file.
2026-07-09 00:45:37,006 [ERROR] LogOutputStream:75 - [STDERR_REDIRECT] 
2026-07-09 00:45:38,011 [ERROR] LogOutputStream:75 - [STDERR_REDIRECT] [Fatal Error] :1:1: Premature end of file.
2026-07-09 00:45:38,011 [ERROR] LogOutputStream:75 - [STDERR_REDIRECT] 
2026-07-09 00:45:39,012 [ERROR] LogOutputStream:75 - [STDERR_REDIRECT] [Fatal Error] :1:1: Premature end of file.
2026-07-09 00:45:39,012 [ERROR] LogOutputStream:75 - [STDERR_REDIRECT] 
2026-07-09 00:45:40,013 [ERROR] LogOutputStream:75 - [STDERR_REDIRECT] [Fatal Error] :1:1: Premature end of file.
2026-07-09 00:45:40,013 [ERROR] LogOutputStream:75 - [STDERR_REDIRECT] 
2026-07-09 00:45:41,013 [ERROR] LogOutputStream:75 - [STDERR_REDIRECT] [Fatal Error] :1:1: Premature end of file.
2026-07-09 00:45:41,013 [ERROR] LogOutputStream:75 - [STDERR_REDIRECT] 
2026-07-09 00:45:42,011 [ERROR] LogOutputStream:75 - [STDERR_REDIRECT] [Fatal Error] :1:1: Premature end of file.
2026-07-09 00:45:42,012 [ERROR] LogOutputStream:75 - [STDERR_REDIRECT] 
2026-07-09 00:45:43,016 [ERROR] LogOutputStream:75 - [STDERR_REDIRECT] [Fatal Error] :1:1: Premature end of file.
2026-07-09 00:45:43,016 [ERROR] LogOutputStream:75 - [STDERR_REDIRECT] 
2026-07-09 00:45:44,004 [ERROR] LogOutputStream:75 - [STDERR_REDIRECT] [Fatal Error] :1:1: Premature end of file.
2026-07-09 00:45:44,004 [ERROR] LogOutputStream:75 - [STDERR_REDIRECT] 
2026-07-09 00:45:45,004 [ERROR] LogOutputStream:75 - [STDERR_REDIRECT] [Fatal Error] :1:1: Premature end of file.
2026-07-09 00:45:45,004 [ERROR] LogOutputStream:75 - [STDERR_REDIRECT] 
2026-07-09 00:45:46,013 [ERROR] LogOutputStream:75 - [STDERR_REDIRECT] [Fatal Error] :1:1: Premature end of file.
2026-07-09 00:45:46,013 [ERROR] LogOutputStream:75 - [STDERR_REDIRECT] 
2026-07-09 00:45:47,017 [ERROR] LogOutputStream:75 - [STDERR_REDIRECT] [Fatal Error] :1:1: Premature end of file.
2026-07-09 00:45:47,018 [ERROR] LogOutputStream:75 - [STDERR_REDIRECT] 
2026-07-09 00:45:48,012 [ERROR] LogOutputStream:75 - [STDERR_REDIRECT] [Fatal Error] :1:1: Premature end of file.
2026-07-09 00:45:48,012 [ERROR] LogOutputStream:75 - [STDERR_REDIRECT] 
2026-07-09 00:45:49,005 [ERROR] LogOutputStream:75 - [STDERR_REDIRECT] [Fatal Error] :1:1: Premature end of file.
2026-07-09 00:45:49,005 [ERROR] LogOutputStream:75 - [STDERR_REDIRECT] 
2026-07-09 00:45:50,012 [ERROR] LogOutputStream:75 - [STDERR_REDIRECT] [Fatal Error] :1:1: Premature end of file.
2026-07-09 00:45:50,013 [ERROR] LogOutputStream:75 - [STDERR_REDIRECT] 
2026-07-09 00:45:50,999 [ERROR] LogOutputStream:75 - [STDERR_REDIRECT] [Fatal Error] :1:1: Premature end of file.
2026-07-09 00:45:50,999 [ERROR] LogOutputStream:75 - [STDERR_REDIRECT] 
2026-07-09 00:45:52,015 [ERROR] LogOutputStream:75 - [STDERR_REDIRECT] [Fatal Error] :1:1: Premature end of file.
2026-07-09 00:45:52,015 [ERROR] LogOutputStream:75 - [STDERR_REDIRECT] 
2026-07-09 00:45:53,013 [ERROR] LogOutputStream:75 - [STDERR_REDIRECT] [Fatal Error] :1:1: Premature end of file.
2026-07-09 00:45:53,014 [ERROR] LogOutputStream:75 - [STDERR_REDIRECT] 
2026-07-09 00:45:54,000 [ERROR] LogOutputStream:75 - [STDERR_REDIRECT] [Fatal Error] :1:1: Premature end of file.
2026-07-09 00:45:54,000 [ERROR] LogOutputStream:75 - [STDERR_REDIRECT] 
2026-07-09 00:45:55,011 [ERROR] LogOutputStream:75 - [STDERR_REDIRECT] [Fatal Error] :1:1: Premature end of file.
2026-07-09 00:45:55,011 [ERROR] LogOutputStream:75 - [STDERR_REDIRECT] 
2026-07-09 00:45:56,010 [ERROR] LogOutputStream:75 - [STDERR_REDIRECT] [Fatal Error] :1:1: Premature end of file.
2026-07-09 00:45:56,010 [ERROR] LogOutputStream:75 - [STDERR_REDIRECT] 
2026-07-09 00:45:57,015 [ERROR] LogOutputStream:75 - [STDERR_REDIRECT] [Fatal Error] :1:1: Premature end of file.
2026-07-09 00:45:57,015 [ERROR] LogOutputStream:75 - [STDERR_REDIRECT] 
2026-07-09 00:45:57,998 [ERROR] LogOutputStream:75 - [STDERR_REDIRECT] [Fatal Error] :1:1: Premature end of file.
2026-07-09 00:45:57,998 [ERROR] LogOutputStream:75 - [STDERR_REDIRECT] 
2026-07-09 00:45:59,006 [ERROR] LogOutputStream:75 - [STDERR_REDIRECT] [Fatal Error] :1:1: Premature end of file.
2026-07-09 00:45:59,007 [ERROR] LogOutputStream:75 - [STDERR_REDIRECT] 
2026-07-09 00:46:00,004 [ERROR] LogOutputStream:75 - [STDERR_REDIRECT] [Fatal Error] :1:1: Premature end of file.
2026-07-09 00:46:00,005 [ERROR] LogOutputStream:75 - [STDERR_REDIRECT] 
2026-07-09 00:46:01,016 [ERROR] LogOutputStream:75 - [STDERR_REDIRECT] [Fatal Error] :1:1: Premature end of file.
2026-07-09 00:46:01,017 [ERROR] LogOutputStream:75 - [STDERR_REDIRECT] 
2026-07-09 00:46:02,011 [ERROR] LogOutputStream:75 - [STDERR_REDIRECT] [Fatal Error] :1:1: Premature end of file.
2026-07-09 00:46:02,012 [ERROR] LogOutputStream:75 - [STDERR_REDIRECT] 
2026-07-09 00:46:03,008 [ERROR] LogOutputStream:75 - [STDERR_REDIRECT] [Fatal Error] :1:1: Premature end of file.
2026-07-09 00:46:03,008 [ERROR] LogOutputStream:75 - [STDERR_REDIRECT] 
2026-07-09 00:46:04,006 [ERROR] LogOutputStream:75 - [STDERR_REDIRECT] [Fatal Error] :1:1: Premature end of file.
2026-07-09 00:46:04,006 [ERROR] LogOutputStream:75 - [STDERR_REDIRECT] 
2026-07-09 00:46:05,004 [ERROR] LogOutputStream:75 - [STDERR_REDIRECT] [Fatal Error] :1:1: Premature end of file.
2026-07-09 00:46:05,004 [ERROR] LogOutputStream:75 - [STDERR_REDIRECT] 
2026-07-09 00:46:06,012 [ERROR] LogOutputStream:75 - [STDERR_REDIRECT] [Fatal Error] :1:1: Premature end of file.
2026-07-09 00:46:06,012 [ERROR] LogOutputStream:75 - [STDERR_REDIRECT] 
2026-07-09 00:46:07,005 [ERROR] LogOutputStream:75 - [STDERR_REDIRECT] [Fatal Error] :1:1: Premature end of file.
2026-07-09 00:46:07,005 [ERROR] LogOutputStream:75 - [STDERR_REDIRECT] 
2026-07-09 00:46:08,000 [ERROR] LogOutputStream:75 - [STDERR_REDIRECT] [Fatal Error] :1:1: Premature end of file.
2026-07-09 00:46:08,000 [ERROR] LogOutputStream:75 - [STDERR_REDIRECT] 
2026-07-09 00:46:09,007 [ERROR] LogOutputStream:75 - [STDERR_REDIRECT] [Fatal Error] :1:1: Premature end of file.
2026-07-09 00:46:09,007 [ERROR] LogOutputStream:75 - [STDERR_REDIRECT] 
2026-07-09 00:46:10,006 [ERROR] LogOutputStream:75 - [STDERR_REDIRECT] [Fatal Error] :1:1: Premature end of file.
2026-07-09 00:46:10,006 [ERROR] LogOutputStream:75 - [STDERR_REDIRECT] 
2026-07-09 00:46:11,013 [ERROR] LogOutputStream:75 - [STDERR_REDIRECT] [Fatal Error] :1:1: Premature end of file.
2026-07-09 00:46:11,014 [ERROR] LogOutputStream:75 - [STDERR_REDIRECT] 
2026-07-09 00:46:12,006 [ERROR] LogOutputStream:75 - [STDERR_REDIRECT] [Fatal Error] :1:1: Premature end of file.
2026-07-09 00:46:12,007 [ERROR] LogOutputStream:75 - [STDERR_REDIRECT] 
2026-07-09 00:46:13,003 [ERROR] LogOutputStream:75 - [STDERR_REDIRECT] [Fatal Error] :1:1: Premature end of file.
2026-07-09 00:46:13,004 [ERROR] LogOutputStream:75 - [STDERR_REDIRECT] 
2026-07-09 00:46:14,003 [ERROR] LogOutputStream:75 - [STDERR_REDIRECT] [Fatal Error] :1:1: Premature end of file.
2026-07-09 00:46:14,004 [ERROR] LogOutputStream:75 - [STDERR_REDIRECT] 
2026-07-09 00:46:15,000 [ERROR] LogOutputStream:75 - [STDERR_REDIRECT] [Fatal Error] :1:1: Premature end of file.
2026-07-09 00:46:15,001 [ERROR] LogOutputStream:75 - [STDERR_REDIRECT] 
2026-07-09 00:46:16,011 [ERROR] LogOutputStream:75 - [STDERR_REDIRECT] [Fatal Error] :1:1: Premature end of file.
2026-07-09 00:46:16,012 [ERROR] LogOutputStream:75 - [STDERR_REDIRECT] 
2026-07-09 00:46:17,010 [ERROR] LogOutputStream:75 - [STDERR_REDIRECT] [Fatal Error] :1:1: Premature end of file.
2026-07-09 00:46:17,010 [ERROR] LogOutputStream:75 - [STDERR_REDIRECT] 
2026-07-09 00:46:18,008 [ERROR] LogOutputStream:75 - [STDERR_REDIRECT] [Fatal Error] :1:1: Premature end of file.
2026-07-09 00:46:18,009 [ERROR] LogOutputStream:75 - [STDERR_REDIRECT] 
2026-07-09 00:46:19,001 [ERROR] LogOutputStream:75 - [STDERR_REDIRECT] [Fatal Error] :1:1: Premature end of file.
2026-07-09 00:46:19,001 [ERROR] LogOutputStream:75 - [STDERR_REDIRECT] 
2026-07-09 00:46:20,014 [ERROR] LogOutputStream:75 - [STDERR_REDIRECT] [Fatal Error] :1:1: Premature end of file.
2026-07-09 00:46:20,014 [ERROR] LogOutputStream:75 - [STDERR_REDIRECT] 
2026-07-09 00:46:21,009 [ERROR] LogOutputStream:75 - [STDERR_REDIRECT] [Fatal Error] :1:1: Premature end of file.
2026-07-09 00:46:21,009 [ERROR] LogOutputStream:75 - [STDERR_REDIRECT] 
2026-07-09 00:46:22,016 [ERROR] LogOutputStream:75 - [STDERR_REDIRECT] [Fatal Error] :1:1: Premature end of file.
2026-07-09 00:46:22,016 [ERROR] LogOutputStream:75 - [STDERR_REDIRECT] 
2026-07-09 00:46:23,000 [ERROR] LogOutputStream:75 - [STDERR_REDIRECT] [Fatal Error] :1:1: Premature end of file.
2026-07-09 00:46:23,001 [ERROR] LogOutputStream:75 - [STDERR_REDIRECT] 
2026-07-09 00:46:24,011 [ERROR] LogOutputStream:75 - [STDERR_REDIRECT] [Fatal Error] :1:1: Premature end of file.
2026-07-09 00:46:24,012 [ERROR] LogOutputStream:75 - [STDERR_REDIRECT] 
2026-07-09 00:46:25,009 [ERROR] LogOutputStream:75 - [STDERR_REDIRECT] [Fatal Error] :1:1: Premature end of file.
2026-07-09 00:46:25,009 [ERROR] LogOutputStream:75 - [STDERR_REDIRECT] 
2026-07-09 00:46:26,249 [ERROR] LogOutputStream:75 - [STDERR_REDIRECT] [Fatal Error] :1:1: Premature end of file.
2026-07-09 00:46:26,287 [ERROR] LogOutputStream:75 - [STDERR_REDIRECT] 
2026-07-09 00:46:27,114 [ERROR] LogOutputStream:75 - [STDERR_REDIRECT] [Fatal Error] :1:1: Premature end of file.
2026-07-09 00:46:27,115 [ERROR] LogOutputStream:75 - [STDERR_REDIRECT] 
2026-07-09 00:46:28,661 [ERROR] LogOutputStream:75 - [STDERR_REDIRECT] [Fatal Error] :1:1: Premature end of file.
2026-07-09 00:46:28,662 [ERROR] LogOutputStream:75 - [STDERR_REDIRECT] 
2026-07-09 00:46:29,041 [ERROR] LogOutputStream:75 - [STDERR_REDIRECT] [Fatal Error] :1:1: Premature end of file.
2026-07-09 00:46:29,041 [ERROR] LogOutputStream:75 - [STDERR_REDIRECT] 
2026-07-09 00:46:30,018 [ERROR] LogOutputStream:75 - [STDERR_REDIRECT] [Fatal Error] :1:1: Premature end of file.
2026-07-09 00:46:30,018 [ERROR] LogOutputStream:75 - [STDERR_REDIRECT] 
2026-07-09 00:46:31,008 [ERROR] LogOutputStream:75 - [STDERR_REDIRECT] [Fatal Error] :1:1: Premature end of file.
2026-07-09 00:46:31,008 [ERROR] LogOutputStream:75 - [STDERR_REDIRECT] 
2026-07-09 00:46:32,016 [ERROR] LogOutputStream:75 - [STDERR_REDIRECT] [Fatal Error] :1:1: Premature end of file.
2026-07-09 00:46:32,016 [ERROR] LogOutputStream:75 - [STDERR_REDIRECT] 
2026-07-09 00:46:33,000 [ERROR] LogOutputStream:75 - [STDERR_REDIRECT] [Fatal Error] :1:1: Premature end of file.
2026-07-09 00:46:33,000 [ERROR] LogOutputStream:75 - [STDERR_REDIRECT] 
2026-07-09 00:46:34,006 [ERROR] LogOutputStream:75 - [STDERR_REDIRECT] [Fatal Error] :1:1: Premature end of file.
2026-07-09 00:46:34,006 [ERROR] LogOutputStream:75 - [STDERR_REDIRECT] 
2026-07-09 00:46:35,005 [ERROR] LogOutputStream:75 - [STDERR_REDIRECT] [Fatal Error] :1:1: Premature end of file.
2026-07-09 00:46:35,005 [ERROR] LogOutputStream:75 - [STDERR_REDIRECT] 
2026-07-09 00:46:35,999 [ERROR] LogOutputStream:75 - [STDERR_REDIRECT] [Fatal Error] :1:1: Premature end of file.
2026-07-09 00:46:35,999 [ERROR] LogOutputStream:75 - [STDERR_REDIRECT] 
2026-07-09 00:46:37,001 [ERROR] LogOutputStream:75 - [STDERR_REDIRECT] [Fatal Error] :1:1: Premature end of file.
2026-07-09 00:46:37,001 [ERROR] LogOutputStream:75 - [STDERR_REDIRECT] 
2026-07-09 00:46:38,015 [ERROR] LogOutputStream:75 - [STDERR_REDIRECT] [Fatal Error] :1:1: Premature end of file.
2026-07-09 00:46:38,015 [ERROR] LogOutputStream:75 - [STDERR_REDIRECT] 
2026-07-09 00:46:39,004 [ERROR] LogOutputStream:75 - [STDERR_REDIRECT] [Fatal Error] :1:1: Premature end of file.
2026-07-09 00:46:39,005 [ERROR] LogOutputStream:75 - [STDERR_REDIRECT] 
2026-07-09 00:46:40,013 [ERROR] LogOutputStream:75 - [STDERR_REDIRECT] [Fatal Error] :1:1: Premature end of file.
2026-07-09 00:46:40,013 [ERROR] LogOutputStream:75 - [STDERR_REDIRECT] 
2026-07-09 00:46:41,003 [ERROR] LogOutputStream:75 - [STDERR_REDIRECT] [Fatal Error] :1:1: Premature end of file.
2026-07-09 00:46:41,003 [ERROR] LogOutputStream:75 - [STDERR_REDIRECT] 
2026-07-09 00:46:42,003 [ERROR] LogOutputStream:75 - [STDERR_REDIRECT] [Fatal Error] :1:1: Premature end of file.
2026-07-09 00:46:42,003 [ERROR] LogOutputStream:75 - [STDERR_REDIRECT] 
2026-07-09 00:46:43,013 [ERROR] LogOutputStream:75 - [STDERR_REDIRECT] [Fatal Error] :1:1: Premature end of file.
2026-07-09 00:46:43,013 [ERROR] LogOutputStream:75 - [STDERR_REDIRECT] 
2026-07-09 00:46:43,998 [ERROR] LogOutputStream:75 - [STDERR_REDIRECT] [Fatal Error] :1:1: Premature end of file.
2026-07-09 00:46:43,998 [ERROR] LogOutputStream:75 - [STDERR_REDIRECT] 
2026-07-09 00:46:45,002 [ERROR] LogOutputStream:75 - [STDERR_REDIRECT] [Fatal Error] :1:1: Premature end of file.
2026-07-09 00:46:45,003 [ERROR] LogOutputStream:75 - [STDERR_REDIRECT] 
2026-07-09 00:46:46,011 [ERROR] LogOutputStream:75 - [STDERR_REDIRECT] [Fatal Error] :1:1: Premature end of file.
2026-07-09 00:46:46,011 [ERROR] LogOutputStream:75 - [STDERR_REDIRECT] 
2026-07-09 00:46:47,007 [ERROR] LogOutputStream:75 - [STDERR_REDIRECT] [Fatal Error] :1:1: Premature end of file.
2026-07-09 00:46:47,008 [ERROR] LogOutputStream:75 - [STDERR_REDIRECT] 
2026-07-09 00:46:48,011 [ERROR] LogOutputStream:75 - [STDERR_REDIRECT] [Fatal Error] :1:1: Premature end of file.
2026-07-09 00:46:48,012 [ERROR] LogOutputStream:75 - [STDERR_REDIRECT] 
2026-07-09 00:46:49,013 [ERROR] LogOutputStream:75 - [STDERR_REDIRECT] [Fatal Error] :1:1: Premature end of file.
2026-07-09 00:46:49,013 [ERROR] LogOutputStream:75 - [STDERR_REDIRECT] 
2026-07-09 00:46:50,002 [ERROR] LogOutputStream:75 - [STDERR_REDIRECT] [Fatal Error] :1:1: Premature end of file.
2026-07-09 00:46:50,003 [ERROR] LogOutputStream:75 - [STDERR_REDIRECT] 
2026-07-09 00:46:51,011 [ERROR] LogOutputStream:75 - [STDERR_REDIRECT] [Fatal Error] :1:1: Premature end of file.
2026-07-09 00:46:51,011 [ERROR] LogOutputStream:75 - [STDERR_REDIRECT] 
2026-07-09 00:46:52,011 [ERROR] LogOutputStream:75 - [STDERR_REDIRECT] [Fatal Error] :1:1: Premature end of file.
2026-07-09 00:46:52,011 [ERROR] LogOutputStream:75 - [STDERR_REDIRECT] 
2026-07-09 00:46:53,004 [ERROR] LogOutputStream:75 - [STDERR_REDIRECT] [Fatal Error] :1:1: Premature end of file.
2026-07-09 00:46:53,004 [ERROR] LogOutputStream:75 - [STDERR_REDIRECT] 
2026-07-09 00:46:54,010 [ERROR] LogOutputStream:75 - [STDERR_REDIRECT] [Fatal Error] :1:1: Premature end of file.
2026-07-09 00:46:54,011 [ERROR] LogOutputStream:75 - [STDERR_REDIRECT] 
2026-07-09 00:46:55,004 [ERROR] LogOutputStream:75 - [STDERR_REDIRECT] [Fatal Error] :1:1: Premature end of file.
2026-07-09 00:46:55,005 [ERROR] LogOutputStream:75 - [STDERR_REDIRECT] 
2026-07-09 00:46:56,013 [ERROR] LogOutputStream:75 - [STDERR_REDIRECT] [Fatal Error] :1:1: Premature end of file.
2026-07-09 00:46:56,013 [ERROR] LogOutputStream:75 - [STDERR_REDIRECT] 
2026-07-09 00:46:57,008 [ERROR] LogOutputStream:75 - [STDERR_REDIRECT] [Fatal Error] :1:1: Premature end of file.
2026-07-09 00:46:57,008 [ERROR] LogOutputStream:75 - [STDERR_REDIRECT] 
2026-07-09 00:46:58,011 [ERROR] LogOutputStream:75 - [STDERR_REDIRECT] [Fatal Error] :1:1: Premature end of file.
2026-07-09 00:46:58,011 [ERROR] LogOutputStream:75 - [STDERR_REDIRECT] 
2026-07-09 00:46:59,011 [ERROR] LogOutputStream:75 - [STDERR_REDIRECT] [Fatal Error] :1:1: Premature end of file.
2026-07-09 00:46:59,011 [ERROR] LogOutputStream:75 - [STDERR_REDIRECT] 
2026-07-09 00:47:00,016 [ERROR] LogOutputStream:75 - [STDERR_REDIRECT] [Fatal Error] :1:1: Premature end of file.
2026-07-09 00:47:00,016 [ERROR] LogOutputStream:75 - [STDERR_REDIRECT] 
2026-07-09 00:47:01,004 [ERROR] LogOutputStream:75 - [STDERR_REDIRECT] [Fatal Error] :1:1: Premature end of file.
2026-07-09 00:47:01,005 [ERROR] LogOutputStream:75 - [STDERR_REDIRECT] 
2026-07-09 00:47:02,010 [ERROR] LogOutputStream:75 - [STDERR_REDIRECT] [Fatal Error] :1:1: Premature end of file.
2026-07-09 00:47:02,010 [ERROR] LogOutputStream:75 - [STDERR_REDIRECT] 
2026-07-09 00:47:03,005 [ERROR] LogOutputStream:75 - [STDERR_REDIRECT] [Fatal Error] :1:1: Premature end of file.
2026-07-09 00:47:03,005 [ERROR] LogOutputStream:75 - [STDERR_REDIRECT] 
2026-07-09 00:47:04,014 [ERROR] LogOutputStream:75 - [STDERR_REDIRECT] [Fatal Error] :1:1: Premature end of file.
2026-07-09 00:47:04,015 [ERROR] LogOutputStream:75 - [STDERR_REDIRECT] 
2026-07-09 00:47:04,999 [ERROR] LogOutputStream:75 - [STDERR_REDIRECT] [Fatal Error] :1:1: Premature end of file.
2026-07-09 00:47:05,000 [ERROR] LogOutputStream:75 - [STDERR_REDIRECT] 
2026-07-09 00:47:06,006 [ERROR] LogOutputStream:75 - [STDERR_REDIRECT] [Fatal Error] :1:1: Premature end of file.
2026-07-09 00:47:06,006 [ERROR] LogOutputStream:75 - [STDERR_REDIRECT] 
2026-07-09 00:47:07,004 [ERROR] LogOutputStream:75 - [STDERR_REDIRECT] [Fatal Error] :1:1: Premature end of file.
2026-07-09 00:47:07,004 [ERROR] LogOutputStream:75 - [STDERR_REDIRECT] 
2026-07-09 00:47:08,015 [ERROR] LogOutputStream:75 - [STDERR_REDIRECT] [Fatal Error] :1:1: Premature end of file.
2026-07-09 00:47:08,015 [ERROR] LogOutputStream:75 - [STDERR_REDIRECT] 
2026-07-09 00:47:09,010 [ERROR] LogOutputStream:75 - [STDERR_REDIRECT] [Fatal Error] :1:1: Premature end of file.
2026-07-09 00:47:09,010 [ERROR] LogOutputStream:75 - [STDERR_REDIRECT] 
2026-07-09 00:47:10,002 [ERROR] LogOutputStream:75 - [STDERR_REDIRECT] [Fatal Error] :1:1: Premature end of file.
2026-07-09 00:47:10,002 [ERROR] LogOutputStream:75 - [STDERR_REDIRECT] 
2026-07-09 00:47:11,011 [ERROR] LogOutputStream:75 - [STDERR_REDIRECT] [Fatal Error] :1:1: Premature end of file.
2026-07-09 00:47:11,011 [ERROR] LogOutputStream:75 - [STDERR_REDIRECT] 
2026-07-09 00:47:12,009 [ERROR] LogOutputStream:75 - [STDERR_REDIRECT] [Fatal Error] :1:1: Premature end of file.
2026-07-09 00:47:12,009 [ERROR] LogOutputStream:75 - [STDERR_REDIRECT] 
2026-07-09 00:47:13,001 [ERROR] LogOutputStream:75 - [STDERR_REDIRECT] [Fatal Error] :1:1: Premature end of file.
2026-07-09 00:47:13,001 [ERROR] LogOutputStream:75 - [STDERR_REDIRECT] 
2026-07-09 00:47:14,005 [ERROR] LogOutputStream:75 - [STDERR_REDIRECT] [Fatal Error] :1:1: Premature end of file.
2026-07-09 00:47:14,006 [ERROR] LogOutputStream:75 - [STDERR_REDIRECT] 
2026-07-09 00:47:15,004 [ERROR] LogOutputStream:75 - [STDERR_REDIRECT] [Fatal Error] :1:1: Premature end of file.
2026-07-09 00:47:15,004 [ERROR] LogOutputStream:75 - [STDERR_REDIRECT] 
2026-07-09 00:47:16,005 [ERROR] LogOutputStream:75 - [STDERR_REDIRECT] [Fatal Error] :1:1: Premature end of file.
2026-07-09 00:47:16,005 [ERROR] LogOutputStream:75 - [STDERR_REDIRECT] 
2026-07-09 00:47:17,007 [ERROR] LogOutputStream:75 - [STDERR_REDIRECT] [Fatal Error] :1:1: Premature end of file.
2026-07-09 00:47:17,007 [ERROR] LogOutputStream:75 - [STDERR_REDIRECT] 
2026-07-09 00:47:18,009 [ERROR] LogOutputStream:75 - [STDERR_REDIRECT] [Fatal Error] :1:1: Premature end of file.
2026-07-09 00:47:18,010 [ERROR] LogOutputStream:75 - [STDERR_REDIRECT] 
2026-07-09 00:47:19,001 [ERROR] LogOutputStream:75 - [STDERR_REDIRECT] [Fatal Error] :1:1: Premature end of file.
2026-07-09 00:47:19,002 [ERROR] LogOutputStream:75 - [STDERR_REDIRECT] 
2026-07-09 00:47:20,008 [ERROR] LogOutputStream:75 - [STDERR_REDIRECT] [Fatal Error] :1:1: Premature end of file.
2026-07-09 00:47:20,009 [ERROR] LogOutputStream:75 - [STDERR_REDIRECT] 
2026-07-09 00:47:21,001 [ERROR] LogOutputStream:75 - [STDERR_REDIRECT] [Fatal Error] :1:1: Premature end of file.
2026-07-09 00:47:21,002 [ERROR] LogOutputStream:75 - [STDERR_REDIRECT] 
2026-07-09 00:47:22,003 [ERROR] LogOutputStream:75 - [STDERR_REDIRECT] [Fatal Error] :1:1: Premature end of file.
2026-07-09 00:47:22,004 [ERROR] LogOutputStream:75 - [STDERR_REDIRECT] 
2026-07-09 00:47:23,016 [ERROR] LogOutputStream:75 - [STDERR_REDIRECT] [Fatal Error] :1:1: Premature end of file.
2026-07-09 00:47:23,016 [ERROR] LogOutputStream:75 - [STDERR_REDIRECT] 
2026-07-09 00:47:24,006 [ERROR] LogOutputStream:75 - [STDERR_REDIRECT] [Fatal Error] :1:1: Premature end of file.
2026-07-09 00:47:24,007 [ERROR] LogOutputStream:75 - [STDERR_REDIRECT] 
2026-07-09 00:47:25,004 [ERROR] LogOutputStream:75 - [STDERR_REDIRECT] [Fatal Error] :1:1: Premature end of file.
2026-07-09 00:47:25,004 [ERROR] LogOutputStream:75 - [STDERR_REDIRECT] 
2026-07-09 00:47:25,999 [ERROR] LogOutputStream:75 - [STDERR_REDIRECT] [Fatal Error] :1:1: Premature end of file.
2026-07-09 00:47:26,000 [ERROR] LogOutputStream:75 - [STDERR_REDIRECT] 
2026-07-09 00:47:27,008 [ERROR] LogOutputStream:75 - [STDERR_REDIRECT] [Fatal Error] :1:1: Premature end of file.
2026-07-09 00:47:27,008 [ERROR] LogOutputStream:75 - [STDERR_REDIRECT] 
2026-07-09 00:47:28,010 [ERROR] LogOutputStream:75 - [STDERR_REDIRECT] [Fatal Error] :1:1: Premature end of file.
2026-07-09 00:47:28,010 [ERROR] LogOutputStream:75 - [STDERR_REDIRECT] 
2026-07-09 00:47:29,010 [ERROR] LogOutputStream:75 - [STDERR_REDIRECT] [Fatal Error] :1:1: Premature end of file.
2026-07-09 00:47:29,010 [ERROR] LogOutputStream:75 - [STDERR_REDIRECT] 
2026-07-09 00:47:30,003 [ERROR] LogOutputStream:75 - [STDERR_REDIRECT] [Fatal Error] :1:1: Premature end of file.
2026-07-09 00:47:30,004 [ERROR] LogOutputStream:75 - [STDERR_REDIRECT] 
2026-07-09 00:47:31,001 [ERROR] LogOutputStream:75 - [STDERR_REDIRECT] [Fatal Error] :1:1: Premature end of file.
2026-07-09 00:47:31,001 [ERROR] LogOutputStream:75 - [STDERR_REDIRECT] 
2026-07-09 00:47:32,004 [ERROR] LogOutputStream:75 - [STDERR_REDIRECT] [Fatal Error] :1:1: Premature end of file.
2026-07-09 00:47:32,005 [ERROR] LogOutputStream:75 - [STDERR_REDIRECT] 
2026-07-09 00:47:33,014 [ERROR] LogOutputStream:75 - [STDERR_REDIRECT] [Fatal Error] :1:1: Premature end of file.
2026-07-09 00:47:33,015 [ERROR] LogOutputStream:75 - [STDERR_REDIRECT] 
2026-07-09 00:47:33,998 [ERROR] LogOutputStream:75 - [STDERR_REDIRECT] [Fatal Error] :1:1: Premature end of file.
2026-07-09 00:47:33,999 [ERROR] LogOutputStream:75 - [STDERR_REDIRECT] 
2026-07-09 00:47:35,013 [ERROR] LogOutputStream:75 - [STDERR_REDIRECT] [Fatal Error] :1:1: Premature end of file.
2026-07-09 00:47:35,013 [ERROR] LogOutputStream:75 - [STDERR_REDIRECT] 
2026-07-09 00:47:36,006 [ERROR] LogOutputStream:75 - [STDERR_REDIRECT] [Fatal Error] :1:1: Premature end of file.
2026-07-09 00:47:36,006 [ERROR] LogOutputStream:75 - [STDERR_REDIRECT] 
2026-07-09 00:47:36,998 [ERROR] LogOutputStream:75 - [STDERR_REDIRECT] [Fatal Error] :1:1: Premature end of file.
2026-07-09 00:47:36,998 [ERROR] LogOutputStream:75 - [STDERR_REDIRECT] 
2026-07-09 00:47:38,009 [ERROR] LogOutputStream:75 - [STDERR_REDIRECT] [Fatal Error] :1:1: Premature end of file.
2026-07-09 00:47:38,009 [ERROR] LogOutputStream:75 - [STDERR_REDIRECT] 
2026-07-09 00:47:39,011 [ERROR] LogOutputStream:75 - [STDERR_REDIRECT] [Fatal Error] :1:1: Premature end of file.
2026-07-09 00:47:39,011 [ERROR] LogOutputStream:75 - [STDERR_REDIRECT] 
2026-07-09 00:47:40,005 [ERROR] LogOutputStream:75 - [STDERR_REDIRECT] [Fatal Error] :1:1: Premature end of file.
2026-07-09 00:47:40,006 [ERROR] LogOutputStream:75 - [STDERR_REDIRECT] 
2026-07-09 00:47:40,997 [ERROR] LogOutputStream:75 - [STDERR_REDIRECT] [Fatal Error] :1:1: Premature end of file.
2026-07-09 00:47:40,997 [ERROR] LogOutputStream:75 - [STDERR_REDIRECT] 
2026-07-09 00:47:42,005 [ERROR] LogOutputStream:75 - [STDERR_REDIRECT] [Fatal Error] :1:1: Premature end of file.
2026-07-09 00:47:42,006 [ERROR] LogOutputStream:75 - [STDERR_REDIRECT] 
2026-07-09 00:47:43,090 [ERROR] LogOutputStream:75 - [STDERR_REDIRECT] [Fatal Error] :1:1: Premature end of file.
2026-07-09 00:47:43,090 [ERROR] LogOutputStream:75 - [STDERR_REDIRECT] 
2026-07-09 00:47:44,309 [ERROR] LogOutputStream:75 - [STDERR_REDIRECT] [Fatal Error] :1:1: Premature end of file.
2026-07-09 00:47:44,310 [ERROR] LogOutputStream:75 - [STDERR_REDIRECT] 
2026-07-09 00:47:45,025 [ERROR] LogOutputStream:75 - [STDERR_REDIRECT] [Fatal Error] :1:1: Premature end of file.
2026-07-09 00:47:45,026 [ERROR] LogOutputStream:75 - [STDERR_REDIRECT] 
2026-07-09 00:47:46,046 [ERROR] LogOutputStream:75 - [STDERR_REDIRECT] [Fatal Error] :1:1: Premature end of file.
2026-07-09 00:47:46,046 [ERROR] LogOutputStream:75 - [STDERR_REDIRECT] 
2026-07-09 00:47:47,022 [ERROR] LogOutputStream:75 - [STDERR_REDIRECT] [Fatal Error] :1:1: Premature end of file.
2026-07-09 00:47:47,022 [ERROR] LogOutputStream:75 - [STDERR_REDIRECT] 
2026-07-09 00:47:48,062 [ERROR] LogOutputStream:75 - [STDERR_REDIRECT] [Fatal Error] :1:1: Premature end of file.
2026-07-09 00:47:48,063 [ERROR] LogOutputStream:75 - [STDERR_REDIRECT] 
2026-07-09 00:47:49,045 [ERROR] LogOutputStream:75 - [STDERR_REDIRECT] [Fatal Error] :1:1: Premature end of file.
2026-07-09 00:47:49,045 [ERROR] LogOutputStream:75 - [STDERR_REDIRECT] 
2026-07-09 00:47:50,018 [ERROR] LogOutputStream:75 - [STDERR_REDIRECT] [Fatal Error] :1:1: Premature end of file.
2026-07-09 00:47:50,018 [ERROR] LogOutputStream:75 - [STDERR_REDIRECT] 
2026-07-09 00:47:51,020 [ERROR] LogOutputStream:75 - [STDERR_REDIRECT] [Fatal Error] :1:1: Premature end of file.
2026-07-09 00:47:51,021 [ERROR] LogOutputStream:75 - [STDERR_REDIRECT] 
2026-07-09 00:47:52,010 [ERROR] LogOutputStream:75 - [STDERR_REDIRECT] [Fatal Error] :1:1: Premature end of file.
2026-07-09 00:47:52,010 [ERROR] LogOutputStream:75 - [STDERR_REDIRECT] 
2026-07-09 00:47:53,009 [ERROR] LogOutputStream:75 - [STDERR_REDIRECT] [Fatal Error] :1:1: Premature end of file.
2026-07-09 00:47:53,009 [ERROR] LogOutputStream:75 - [STDERR_REDIRECT] 
2026-07-09 00:47:54,007 [ERROR] LogOutputStream:75 - [STDERR_REDIRECT] [Fatal Error] :1:1: Premature end of file.
2026-07-09 00:47:54,007 [ERROR] LogOutputStream:75 - [STDERR_REDIRECT] 
2026-07-09 00:47:55,038 [ERROR] LogOutputStream:75 - [STDERR_REDIRECT] [Fatal Error] :1:1: Premature end of file.
2026-07-09 00:47:55,039 [ERROR] LogOutputStream:75 - [STDERR_REDIRECT] 
2026-07-09 00:47:56,013 [ERROR] LogOutputStream:75 - [STDERR_REDIRECT] [Fatal Error] :1:1: Premature end of file.
2026-07-09 00:47:56,015 [ERROR] LogOutputStream:75 - [STDERR_REDIRECT] 
2026-07-09 00:47:57,014 [ERROR] LogOutputStream:75 - [STDERR_REDIRECT] [Fatal Error] :1:1: Premature end of file.
2026-07-09 00:47:57,015 [ERROR] LogOutputStream:75 - [STDERR_REDIRECT] 
2026-07-09 00:47:58,015 [ERROR] LogOutputStream:75 - [STDERR_REDIRECT] [Fatal Error] :1:1: Premature end of file.
2026-07-09 00:47:58,015 [ERROR] LogOutputStream:75 - [STDERR_REDIRECT] 
2026-07-09 00:47:59,017 [ERROR] LogOutputStream:75 - [STDERR_REDIRECT] [Fatal Error] :1:1: Premature end of file.
2026-07-09 00:47:59,018 [ERROR] LogOutputStream:75 - [STDERR_REDIRECT] 
2026-07-09 00:48:00,018 [ERROR] LogOutputStream:75 - [STDERR_REDIRECT] [Fatal Error] :1:1: Premature end of file.
2026-07-09 00:48:00,018 [ERROR] LogOutputStream:75 - [STDERR_REDIRECT] 
2026-07-09 00:48:01,014 [ERROR] LogOutputStream:75 - [STDERR_REDIRECT] [Fatal Error] :1:1: Premature end of file.
2026-07-09 00:48:01,014 [ERROR] LogOutputStream:75 - [STDERR_REDIRECT] 
2026-07-09 00:48:02,009 [ERROR] LogOutputStream:75 - [STDERR_REDIRECT] [Fatal Error] :1:1: Premature end of file.
2026-07-09 00:48:02,009 [ERROR] LogOutputStream:75 - [STDERR_REDIRECT] 
2026-07-09 00:48:03,016 [ERROR] LogOutputStream:75 - [STDERR_REDIRECT] [Fatal Error] :1:1: Premature end of file.
2026-07-09 00:48:03,017 [ERROR] LogOutputStream:75 - [STDERR_REDIRECT] 
2026-07-09 00:48:04,011 [ERROR] LogOutputStream:75 - [STDERR_REDIRECT] [Fatal Error] :1:1: Premature end of file.
2026-07-09 00:48:04,011 [ERROR] LogOutputStream:75 - [STDERR_REDIRECT] 
2026-07-09 00:48:05,009 [ERROR] LogOutputStream:75 - [STDERR_REDIRECT] [Fatal Error] :1:1: Premature end of file.
2026-07-09 00:48:05,011 [ERROR] LogOutputStream:75 - [STDERR_REDIRECT] 
2026-07-09 00:48:06,019 [ERROR] LogOutputStream:75 - [STDERR_REDIRECT] [Fatal Error] :1:1: Premature end of file.
2026-07-09 00:48:06,020 [ERROR] LogOutputStream:75 - [STDERR_REDIRECT] 
2026-07-09 00:48:07,013 [ERROR] LogOutputStream:75 - [STDERR_REDIRECT] [Fatal Error] :1:1: Premature end of file.
2026-07-09 00:48:07,013 [ERROR] LogOutputStream:75 - [STDERR_REDIRECT] 
2026-07-09 00:48:08,012 [ERROR] LogOutputStream:75 - [STDERR_REDIRECT] [Fatal Error] :1:1: Premature end of file.
2026-07-09 00:48:08,013 [ERROR] LogOutputStream:75 - [STDERR_REDIRECT] 
2026-07-09 00:48:09,419 [ERROR] LogOutputStream:75 - [STDERR_REDIRECT] [Fatal Error] :1:1: Premature end of file.
2026-07-09 00:48:09,420 [ERROR] LogOutputStream:75 - [STDERR_REDIRECT] 
2026-07-09 00:48:10,022 [ERROR] LogOutputStream:75 - [STDERR_REDIRECT] [Fatal Error] :1:1: Premature end of file.
2026-07-09 00:48:10,022 [ERROR] LogOutputStream:75 - [STDERR_REDIRECT] 
2026-07-09 00:48:11,008 [ERROR] LogOutputStream:75 - [STDERR_REDIRECT] [Fatal Error] :1:1: Premature end of file.
2026-07-09 00:48:11,008 [ERROR] LogOutputStream:75 - [STDERR_REDIRECT] 
2026-07-09 00:48:12,025 [ERROR] LogOutputStream:75 - [STDERR_REDIRECT] [Fatal Error] :1:1: Premature end of file.
2026-07-09 00:48:12,026 [ERROR] LogOutputStream:75 - [STDERR_REDIRECT] 
2026-07-09 00:48:13,010 [ERROR] LogOutputStream:75 - [STDERR_REDIRECT] [Fatal Error] :1:1: Premature end of file.
2026-07-09 00:48:13,010 [ERROR] LogOutputStream:75 - [STDERR_REDIRECT] 
2026-07-09 00:48:42,820 [ERROR] LogOutputStream:75 - [STDERR_REDIRECT] [Fatal Error] :1:1: Premature end of file.
2026-07-09 00:48:42,821 [ERROR] LogOutputStream:75 - [STDERR_REDIRECT] 
2026-07-09 00:48:42,945 [ERROR] LogOutputStream:75 - [STDERR_REDIRECT] [Fatal Error] :1:1: Premature end of file.
2026-07-09 00:48:42,946 [ERROR] LogOutputStream:75 - [STDERR_REDIRECT] 
2026-07-09 00:48:43,045 [ERROR] LogOutputStream:75 - [STDERR_REDIRECT] [Fatal Error] :1:1: Premature end of file.
2026-07-09 00:48:43,045 [ERROR] LogOutputStream:75 - [STDERR_REDIRECT] 
2026-07-09 00:48:43,109 [ERROR] LogOutputStream:75 - [STDERR_REDIRECT] [Fatal Error] :1:1: Premature end of file.
2026-07-09 00:48:43,109 [ERROR] LogOutputStream:75 - [STDERR_REDIRECT] 
2026-07-09 00:48:43,173 [ERROR] LogOutputStream:75 - [STDERR_REDIRECT] [Fatal Error] :1:1: Premature end of file.
2026-07-09 00:48:43,174 [ERROR] LogOutputStream:75 - [STDERR_REDIRECT] 
2026-07-09 00:48:43,226 [ERROR] LogOutputStream:75 - [STDERR_REDIRECT] [Fatal Error] :1:1: Premature end of file.
2026-07-09 00:48:43,226 [ERROR] LogOutputStream:75 - [STDERR_REDIRECT] 
2026-07-09 00:48:43,292 [ERROR] LogOutputStream:75 - [STDERR_REDIRECT] [Fatal Error] :1:1: Premature end of file.
2026-07-09 00:48:43,292 [ERROR] LogOutputStream:75 - [STDERR_REDIRECT] 
2026-07-09 00:48:43,374 [ERROR] LogOutputStream:75 - [STDERR_REDIRECT] [Fatal Error] :1:1: Premature end of file.
2026-07-09 00:48:43,374 [ERROR] LogOutputStream:75 - [STDERR_REDIRECT] 
2026-07-09 00:48:43,437 [ERROR] LogOutputStream:75 - [STDERR_REDIRECT] [Fatal Error] :1:1: Premature end of file.
2026-07-09 00:48:43,438 [ERROR] LogOutputStream:75 - [STDERR_REDIRECT] 
2026-07-09 00:48:43,500 [ERROR] LogOutputStream:75 - [STDERR_REDIRECT] [Fatal Error] :1:1: Premature end of file.
2026-07-09 00:48:43,500 [ERROR] LogOutputStream:75 - [STDERR_REDIRECT] 
2026-07-09 00:48:43,563 [ERROR] LogOutputStream:75 - [STDERR_REDIRECT] [Fatal Error] :1:1: Premature end of file.
2026-07-09 00:48:43,563 [ERROR] LogOutputStream:75 - [STDERR_REDIRECT] 
2026-07-09 00:48:43,632 [ERROR] LogOutputStream:75 - [STDERR_REDIRECT] [Fatal Error] :1:1: Premature end of file.
2026-07-09 00:48:43,632 [ERROR] LogOutputStream:75 - [STDERR_REDIRECT] 
2026-07-09 00:48:43,700 [ERROR] LogOutputStream:75 - [STDERR_REDIRECT] [Fatal Error] :1:1: Premature end of file.
2026-07-09 00:48:43,700 [ERROR] LogOutputStream:75 - [STDERR_REDIRECT] 
2026-07-09 00:48:43,796 [ERROR] LogOutputStream:75 - [STDERR_REDIRECT] [Fatal Error] :1:1: Premature end of file.
2026-07-09 00:48:43,797 [ERROR] LogOutputStream:75 - [STDERR_REDIRECT] 
2026-07-09 00:48:43,902 [ERROR] LogOutputStream:75 - [STDERR_REDIRECT] [Fatal Error] :1:1: Premature end of file.
2026-07-09 00:48:43,903 [ERROR] LogOutputStream:75 - [STDERR_REDIRECT] 
2026-07-09 00:48:43,981 [ERROR] LogOutputStream:75 - [STDERR_REDIRECT] [Fatal Error] :1:1: Premature end of file.
2026-07-09 00:48:43,981 [ERROR] LogOutputStream:75 - [STDERR_REDIRECT] 
2026-07-09 00:48:44,110 [ERROR] LogOutputStream:75 - [STDERR_REDIRECT] [Fatal Error] :1:1: Premature end of file.
2026-07-09 00:48:44,110 [ERROR] LogOutputStream:75 - [STDERR_REDIRECT] 
2026-07-09 00:48:44,212 [ERROR] LogOutputStream:75 - [STDERR_REDIRECT] [Fatal Error] :1:1: Premature end of file.
2026-07-09 00:48:44,213 [ERROR] LogOutputStream:75 - [STDERR_REDIRECT] 
2026-07-09 00:48:44,374 [ERROR] LogOutputStream:75 - [STDERR_REDIRECT] [Fatal Error] :1:1: Premature end of file.
2026-07-09 00:48:44,375 [ERROR] LogOutputStream:75 - [STDERR_REDIRECT] 
2026-07-09 00:48:44,510 [ERROR] LogOutputStream:75 - [STDERR_REDIRECT] [Fatal Error] :1:1: Premature end of file.
2026-07-09 00:48:44,511 [ERROR] LogOutputStream:75 - [STDERR_REDIRECT] 
2026-07-09 00:48:44,651 [ERROR] LogOutputStream:75 - [STDERR_REDIRECT] [Fatal Error] :1:1: Premature end of file.
2026-07-09 00:48:44,652 [ERROR] LogOutputStream:75 - [STDERR_REDIRECT] 
2026-07-09 00:48:44,805 [ERROR] LogOutputStream:75 - [STDERR_REDIRECT] [Fatal Error] :1:1: Premature end of file.
2026-07-09 00:48:44,805 [ERROR] LogOutputStream:75 - [STDERR_REDIRECT] 
2026-07-09 00:48:44,946 [ERROR] LogOutputStream:75 - [STDERR_REDIRECT] [Fatal Error] :1:1: Premature end of file.
2026-07-09 00:48:44,947 [ERROR] LogOutputStream:75 - [STDERR_REDIRECT] 
2026-07-09 00:48:45,030 [ERROR] LogOutputStream:75 - [STDERR_REDIRECT] [Fatal Error] :1:1: Premature end of file.
2026-07-09 00:48:45,030 [ERROR] LogOutputStream:75 - [STDERR_REDIRECT] 
2026-07-09 00:48:45,182 [ERROR] LogOutputStream:75 - [STDERR_REDIRECT] [Fatal Error] :1:1: Premature end of file.
2026-07-09 00:48:45,183 [ERROR] LogOutputStream:75 - [STDERR_REDIRECT] 
2026-07-09 00:48:45,277 [ERROR] LogOutputStream:75 - [STDERR_REDIRECT] [Fatal Error] :1:1: Premature end of file.
2026-07-09 00:48:45,278 [ERROR] LogOutputStream:75 - [STDERR_REDIRECT] 
2026-07-09 00:48:45,361 [ERROR] LogOutputStream:75 - [STDERR_REDIRECT] [Fatal Error] :1:1: Premature end of file.
2026-07-09 00:48:45,362 [ERROR] LogOutputStream:75 - [STDERR_REDIRECT] 
2026-07-09 00:48:45,438 [ERROR] LogOutputStream:75 - [STDERR_REDIRECT] [Fatal Error] :1:1: Premature end of file.
2026-07-09 00:48:45,438 [ERROR] LogOutputStream:75 - [STDERR_REDIRECT] 
2026-07-09 00:48:45,525 [ERROR] LogOutputStream:75 - [STDERR_REDIRECT] [Fatal Error] :1:1: Premature end of file.
2026-07-09 00:48:45,526 [ERROR] LogOutputStream:75 - [STDERR_REDIRECT] 
2026-07-09 00:48:45,602 [ERROR] LogOutputStream:75 - [STDERR_REDIRECT] [Fatal Error] :1:1: Premature end of file.
2026-07-09 00:48:45,603 [ERROR] LogOutputStream:75 - [STDERR_REDIRECT] 
2026-07-09 00:48:45,681 [ERROR] LogOutputStream:75 - [STDERR_REDIRECT] [Fatal Error] :1:1: Premature end of file.
2026-07-09 00:48:45,681 [ERROR] LogOutputStream:75 - [STDERR_REDIRECT] 
2026-07-09 00:48:45,744 [ERROR] LogOutputStream:75 - [STDERR_REDIRECT] [Fatal Error] :1:1: Premature end of file.
2026-07-09 00:48:45,745 [ERROR] LogOutputStream:75 - [STDERR_REDIRECT] 
2026-07-09 00:48:46,016 [ERROR] LogOutputStream:75 - [STDERR_REDIRECT] [Fatal Error] :1:1: Premature end of file.
2026-07-09 00:48:46,016 [ERROR] LogOutputStream:75 - [STDERR_REDIRECT] 
2026-07-09 00:48:47,018 [ERROR] LogOutputStream:75 - [STDERR_REDIRECT] [Fatal Error] :1:1: Premature end of file.
2026-07-09 00:48:47,019 [ERROR] LogOutputStream:75 - [STDERR_REDIRECT] 
2026-07-09 00:48:48,015 [ERROR] LogOutputStream:75 - [STDERR_REDIRECT] [Fatal Error] :1:1: Premature end of file.
2026-07-09 00:48:48,015 [ERROR] LogOutputStream:75 - [STDERR_REDIRECT] 
2026-07-09 00:48:49,009 [ERROR] LogOutputStream:75 - [STDERR_REDIRECT] [Fatal Error] :1:1: Premature end of file.
2026-07-09 00:48:49,009 [ERROR] LogOutputStream:75 - [STDERR_REDIRECT] 
2026-07-09 00:48:50,003 [ERROR] LogOutputStream:75 - [STDERR_REDIRECT] [Fatal Error] :1:1: Premature end of file.
2026-07-09 00:48:50,003 [ERROR] LogOutputStream:75 - [STDERR_REDIRECT] 
2026-07-09 00:48:51,014 [ERROR] LogOutputStream:75 - [STDERR_REDIRECT] [Fatal Error] :1:1: Premature end of file.
2026-07-09 00:48:51,014 [ERROR] LogOutputStream:75 - [STDERR_REDIRECT] 
2026-07-09 00:48:52,007 [ERROR] LogOutputStream:75 - [STDERR_REDIRECT] [Fatal Error] :1:1: Premature end of file.
2026-07-09 00:48:52,008 [ERROR] LogOutputStream:75 - [STDERR_REDIRECT] 
2026-07-09 00:48:53,005 [ERROR] LogOutputStream:75 - [STDERR_REDIRECT] [Fatal Error] :1:1: Premature end of file.
2026-07-09 00:48:53,006 [ERROR] LogOutputStream:75 - [STDERR_REDIRECT] 
2026-07-09 00:48:54,018 [ERROR] LogOutputStream:75 - [STDERR_REDIRECT] [Fatal Error] :1:1: Premature end of file.
2026-07-09 00:48:54,019 [ERROR] LogOutputStream:75 - [STDERR_REDIRECT] 
2026-07-09 00:48:55,009 [ERROR] LogOutputStream:75 - [STDERR_REDIRECT] [Fatal Error] :1:1: Premature end of file.
2026-07-09 00:48:55,009 [ERROR] LogOutputStream:75 - [STDERR_REDIRECT] 
2026-07-09 00:48:56,009 [ERROR] LogOutputStream:75 - [STDERR_REDIRECT] [Fatal Error] :1:1: Premature end of file.
2026-07-09 00:48:56,009 [ERROR] LogOutputStream:75 - [STDERR_REDIRECT] 
2026-07-09 00:48:57,019 [ERROR] LogOutputStream:75 - [STDERR_REDIRECT] [Fatal Error] :1:1: Premature end of file.
2026-07-09 00:48:57,020 [ERROR] LogOutputStream:75 - [STDERR_REDIRECT] 
2026-07-09 00:48:58,006 [ERROR] LogOutputStream:75 - [STDERR_REDIRECT] [Fatal Error] :1:1: Premature end of file.
2026-07-09 00:48:58,007 [ERROR] LogOutputStream:75 - [STDERR_REDIRECT] 
2026-07-09 00:48:59,010 [ERROR] LogOutputStream:75 - [STDERR_REDIRECT] [Fatal Error] :1:1: Premature end of file.
2026-07-09 00:48:59,011 [ERROR] LogOutputStream:75 - [STDERR_REDIRECT] 
2026-07-09 00:49:00,008 [ERROR] LogOutputStream:75 - [STDERR_REDIRECT] [Fatal Error] :1:1: Premature end of file.
2026-07-09 00:49:00,008 [ERROR] LogOutputStream:75 - [STDERR_REDIRECT] 
2026-07-09 00:49:01,017 [ERROR] LogOutputStream:75 - [STDERR_REDIRECT] [Fatal Error] :1:1: Premature end of file.
2026-07-09 00:49:01,017 [ERROR] LogOutputStream:75 - [STDERR_REDIRECT] 
2026-07-09 00:49:02,004 [ERROR] LogOutputStream:75 - [STDERR_REDIRECT] [Fatal Error] :1:1: Premature end of file.
2026-07-09 00:49:02,004 [ERROR] LogOutputStream:75 - [STDERR_REDIRECT] 
2026-07-09 00:49:03,017 [ERROR] LogOutputStream:75 - [STDERR_REDIRECT] [Fatal Error] :1:1: Premature end of file.
2026-07-09 00:49:03,017 [ERROR] LogOutputStream:75 - [STDERR_REDIRECT] 
2026-07-09 00:49:04,009 [ERROR] LogOutputStream:75 - [STDERR_REDIRECT] [Fatal Error] :1:1: Premature end of file.
2026-07-09 00:49:04,009 [ERROR] LogOutputStream:75 - [STDERR_REDIRECT] 
2026-07-09 00:49:05,278 [ERROR] LogOutputStream:75 - [STDERR_REDIRECT] [Fatal Error] :1:1: Premature end of file.
2026-07-09 00:49:05,279 [ERROR] LogOutputStream:75 - [STDERR_REDIRECT] 
2026-07-09 00:49:06,011 [ERROR] LogOutputStream:75 - [STDERR_REDIRECT] [Fatal Error] :1:1: Premature end of file.
2026-07-09 00:49:06,011 [ERROR] LogOutputStream:75 - [STDERR_REDIRECT] 
2026-07-09 00:49:07,006 [ERROR] LogOutputStream:75 - [STDERR_REDIRECT] [Fatal Error] :1:1: Premature end of file.
2026-07-09 00:49:07,006 [ERROR] LogOutputStream:75 - [STDERR_REDIRECT] 
2026-07-09 00:49:07,998 [ERROR] LogOutputStream:75 - [STDERR_REDIRECT] [Fatal Error] :1:1: Premature end of file.
2026-07-09 00:49:07,998 [ERROR] LogOutputStream:75 - [STDERR_REDIRECT] 
2026-07-09 00:49:09,006 [ERROR] LogOutputStream:75 - [STDERR_REDIRECT] [Fatal Error] :1:1: Premature end of file.
2026-07-09 00:49:09,007 [ERROR] LogOutputStream:75 - [STDERR_REDIRECT] 
2026-07-09 00:50:38,613 [ERROR] LogOutputStream:75 - [STDERR_REDIRECT] [Fatal Error] :1:1: Premature end of file.
2026-07-09 00:50:38,613 [ERROR] LogOutputStream:75 - [STDERR_REDIRECT] 
2026-07-09 00:50:38,836 [ERROR] LogOutputStream:75 - [STDERR_REDIRECT] [Fatal Error] :1:1: Premature end of file.
2026-07-09 00:50:38,836 [ERROR] LogOutputStream:75 - [STDERR_REDIRECT] 
2026-07-09 00:50:39,051 [ERROR] LogOutputStream:75 - [STDERR_REDIRECT] [Fatal Error] :1:1: Premature end of file.
2026-07-09 00:50:39,052 [ERROR] LogOutputStream:75 - [STDERR_REDIRECT] 
2026-07-09 00:50:39,240 [ERROR] LogOutputStream:75 - [STDERR_REDIRECT] [Fatal Error] :1:1: Premature end of file.
2026-07-09 00:50:39,240 [ERROR] LogOutputStream:75 - [STDERR_REDIRECT] 
2026-07-09 00:50:39,393 [ERROR] LogOutputStream:75 - [STDERR_REDIRECT] [Fatal Error] :1:1: Premature end of file.
2026-07-09 00:50:39,393 [ERROR] LogOutputStream:75 - [STDERR_REDIRECT] 
2026-07-09 00:50:39,548 [ERROR] LogOutputStream:75 - [STDERR_REDIRECT] [Fatal Error] :1:1: Premature end of file.
2026-07-09 00:50:39,548 [ERROR] LogOutputStream:75 - [STDERR_REDIRECT] 
2026-07-09 00:50:39,692 [ERROR] LogOutputStream:75 - [STDERR_REDIRECT] [Fatal Error] :1:1: Premature end of file.
2026-07-09 00:50:39,693 [ERROR] LogOutputStream:75 - [STDERR_REDIRECT] 
2026-07-09 00:50:39,875 [ERROR] LogOutputStream:75 - [STDERR_REDIRECT] [Fatal Error] :1:1: Premature end of file.
2026-07-09 00:50:39,875 [ERROR] LogOutputStream:75 - [STDERR_REDIRECT] 
2026-07-09 00:50:40,031 [ERROR] LogOutputStream:75 - [STDERR_REDIRECT] [Fatal Error] :1:1: Premature end of file.
2026-07-09 00:50:40,031 [ERROR] LogOutputStream:75 - [STDERR_REDIRECT] 
2026-07-09 00:50:40,149 [ERROR] LogOutputStream:75 - [STDERR_REDIRECT] [Fatal Error] :1:1: Premature end of file.
2026-07-09 00:50:40,149 [ERROR] LogOutputStream:75 - [STDERR_REDIRECT] 
2026-07-09 00:50:40,250 [ERROR] LogOutputStream:75 - [STDERR_REDIRECT] [Fatal Error] :1:1: Premature end of file.
2026-07-09 00:50:40,250 [ERROR] LogOutputStream:75 - [STDERR_REDIRECT] 
2026-07-09 00:50:40,359 [ERROR] LogOutputStream:75 - [STDERR_REDIRECT] [Fatal Error] :1:1: Premature end of file.
2026-07-09 00:50:40,360 [ERROR] LogOutputStream:75 - [STDERR_REDIRECT] 
2026-07-09 00:50:40,450 [ERROR] LogOutputStream:75 - [STDERR_REDIRECT] [Fatal Error] :1:1: Premature end of file.
2026-07-09 00:50:40,451 [ERROR] LogOutputStream:75 - [STDERR_REDIRECT] 
2026-07-09 00:50:40,610 [ERROR] LogOutputStream:75 - [STDERR_REDIRECT] [Fatal Error] :1:1: Premature end of file.
2026-07-09 00:50:40,610 [ERROR] LogOutputStream:75 - [STDERR_REDIRECT] 
2026-07-09 00:50:40,808 [ERROR] LogOutputStream:75 - [STDERR_REDIRECT] [Fatal Error] :1:1: Premature end of file.
2026-07-09 00:50:40,809 [ERROR] LogOutputStream:75 - [STDERR_REDIRECT] 
2026-07-09 00:50:40,994 [ERROR] LogOutputStream:75 - [STDERR_REDIRECT] [Fatal Error] :1:1: Premature end of file.
2026-07-09 00:50:40,994 [ERROR] LogOutputStream:75 - [STDERR_REDIRECT] 
2026-07-09 00:50:41,203 [ERROR] LogOutputStream:75 - [STDERR_REDIRECT] [Fatal Error] :1:1: Premature end of file.
2026-07-09 00:50:41,205 [ERROR] LogOutputStream:75 - [STDERR_REDIRECT] 
2026-07-09 00:50:41,401 [ERROR] LogOutputStream:75 - [STDERR_REDIRECT] [Fatal Error] :1:1: Premature end of file.
2026-07-09 00:50:41,401 [ERROR] LogOutputStream:75 - [STDERR_REDIRECT] 
2026-07-09 00:50:41,591 [ERROR] LogOutputStream:75 - [STDERR_REDIRECT] [Fatal Error] :1:1: Premature end of file.
2026-07-09 00:50:41,592 [ERROR] LogOutputStream:75 - [STDERR_REDIRECT] 
2026-07-09 00:50:41,768 [ERROR] LogOutputStream:75 - [STDERR_REDIRECT] [Fatal Error] :1:1: Premature end of file.
2026-07-09 00:50:41,774 [ERROR] LogOutputStream:75 - [STDERR_REDIRECT] 
2026-07-09 00:50:42,005 [ERROR] LogOutputStream:75 - [STDERR_REDIRECT] [Fatal Error] :1:1: Premature end of file.
2026-07-09 00:50:42,006 [ERROR] LogOutputStream:75 - [STDERR_REDIRECT] 
2026-07-09 00:50:42,228 [ERROR] LogOutputStream:75 - [STDERR_REDIRECT] [Fatal Error] :1:1: Premature end of file.
2026-07-09 00:50:42,228 [ERROR] LogOutputStream:75 - [STDERR_REDIRECT] 
2026-07-09 00:50:42,448 [ERROR] LogOutputStream:75 - [STDERR_REDIRECT] [Fatal Error] :1:1: Premature end of file.
2026-07-09 00:50:42,448 [ERROR] LogOutputStream:75 - [STDERR_REDIRECT] 
2026-07-09 00:50:42,593 [ERROR] LogOutputStream:75 - [STDERR_REDIRECT] [Fatal Error] :1:1: Premature end of file.
2026-07-09 00:50:42,594 [ERROR] LogOutputStream:75 - [STDERR_REDIRECT] 
2026-07-09 00:50:42,706 [ERROR] LogOutputStream:75 - [STDERR_REDIRECT] [Fatal Error] :1:1: Premature end of file.
2026-07-09 00:50:42,706 [ERROR] LogOutputStream:75 - [STDERR_REDIRECT] 
2026-07-09 00:50:42,871 [ERROR] LogOutputStream:75 - [STDERR_REDIRECT] [Fatal Error] :1:1: Premature end of file.
2026-07-09 00:50:42,872 [ERROR] LogOutputStream:75 - [STDERR_REDIRECT] 
2026-07-09 00:50:43,039 [ERROR] LogOutputStream:75 - [STDERR_REDIRECT] [Fatal Error] :1:1: Premature end of file.
2026-07-09 00:50:43,039 [ERROR] LogOutputStream:75 - [STDERR_REDIRECT] 
2026-07-09 00:50:43,151 [ERROR] LogOutputStream:75 - [STDERR_REDIRECT] [Fatal Error] :1:1: Premature end of file.
2026-07-09 00:50:43,152 [ERROR] LogOutputStream:75 - [STDERR_REDIRECT] 
2026-07-09 00:50:43,284 [ERROR] LogOutputStream:75 - [STDERR_REDIRECT] [Fatal Error] :1:1: Premature end of file.
2026-07-09 00:50:43,284 [ERROR] LogOutputStream:75 - [STDERR_REDIRECT] 
2026-07-09 00:50:43,480 [ERROR] LogOutputStream:75 - [STDERR_REDIRECT] [Fatal Error] :1:1: Premature end of file.
2026-07-09 00:50:43,481 [ERROR] LogOutputStream:75 - [STDERR_REDIRECT] 
2026-07-09 00:50:43,705 [ERROR] LogOutputStream:75 - [STDERR_REDIRECT] [Fatal Error] :1:1: Premature end of file.
2026-07-09 00:50:43,706 [ERROR] LogOutputStream:75 - [STDERR_REDIRECT] 
2026-07-09 00:50:43,810 [ERROR] LogOutputStream:75 - [STDERR_REDIRECT] [Fatal Error] :1:1: Premature end of file.
2026-07-09 00:50:43,810 [ERROR] LogOutputStream:75 - [STDERR_REDIRECT] 
2026-07-09 00:50:43,978 [ERROR] LogOutputStream:75 - [STDERR_REDIRECT] [Fatal Error] :1:1: Premature end of file.
2026-07-09 00:50:43,978 [ERROR] LogOutputStream:75 - [STDERR_REDIRECT] 
2026-07-09 00:50:44,260 [ERROR] LogOutputStream:75 - [STDERR_REDIRECT] [Fatal Error] :1:1: Premature end of file.
2026-07-09 00:50:44,260 [ERROR] LogOutputStream:75 - [STDERR_REDIRECT] 
2026-07-09 00:50:44,250 [INFO] WebApp:194 - Connection lost
2026-07-09 00:50:44,510 [ERROR] LogOutputStream:75 - [STDERR_REDIRECT] [Fatal Error] :1:1: Premature end of file.
2026-07-09 00:50:44,510 [ERROR] LogOutputStream:75 - [STDERR_REDIRECT] 
2026-07-09 00:50:44,637 [ERROR] LogOutputStream:75 - [STDERR_REDIRECT] [Fatal Error] :1:1: Premature end of file.
2026-07-09 00:50:44,638 [ERROR] LogOutputStream:75 - [STDERR_REDIRECT] 
2026-07-09 00:50:44,744 [ERROR] LogOutputStream:75 - [STDERR_REDIRECT] [Fatal Error] :1:1: Premature end of file.
2026-07-09 00:50:44,745 [ERROR] LogOutputStream:75 - [STDERR_REDIRECT] 
2026-07-09 00:50:44,817 [ERROR] LogOutputStream:75 - [STDERR_REDIRECT] [Fatal Error] :1:1: Premature end of file.
2026-07-09 00:50:44,817 [ERROR] LogOutputStream:75 - [STDERR_REDIRECT] 
2026-07-09 00:50:44,907 [ERROR] LogOutputStream:75 - [STDERR_REDIRECT] [Fatal Error] :1:1: Premature end of file.
2026-07-09 00:50:44,907 [ERROR] LogOutputStream:75 - [STDERR_REDIRECT] 
2026-07-09 00:50:45,011 [ERROR] LogOutputStream:75 - [STDERR_REDIRECT] [Fatal Error] :1:1: Premature end of file.
2026-07-09 00:50:45,011 [ERROR] LogOutputStream:75 - [STDERR_REDIRECT] 
2026-07-09 00:50:45,287 [ERROR] LogOutputStream:75 - [STDERR_REDIRECT] [Fatal Error] :1:1: Premature end of file.
2026-07-09 00:50:45,288 [ERROR] LogOutputStream:75 - [STDERR_REDIRECT] 
2026-07-09 00:50:45,499 [ERROR] LogOutputStream:75 - [STDERR_REDIRECT] [Fatal Error] :1:1: Premature end of file.
2026-07-09 00:50:45,499 [ERROR] LogOutputStream:75 - [STDERR_REDIRECT] 
2026-07-09 00:50:45,659 [ERROR] LogOutputStream:75 - [STDERR_REDIRECT] [Fatal Error] :1:1: Premature end of file.
2026-07-09 00:50:45,659 [ERROR] LogOutputStream:75 - [STDERR_REDIRECT] 
2026-07-09 00:50:45,846 [ERROR] LogOutputStream:75 - [STDERR_REDIRECT] [Fatal Error] :1:1: Premature end of file.
2026-07-09 00:50:45,847 [ERROR] LogOutputStream:75 - [STDERR_REDIRECT] 
2026-07-09 00:50:46,047 [ERROR] LogOutputStream:75 - [STDERR_REDIRECT] [Fatal Error] :1:1: Premature end of file.
2026-07-09 00:50:46,048 [ERROR] LogOutputStream:75 - [STDERR_REDIRECT] 
2026-07-09 00:50:46,167 [ERROR] LogOutputStream:75 - [STDERR_REDIRECT] [Fatal Error] :1:1: Premature end of file.
2026-07-09 00:50:46,170 [ERROR] LogOutputStream:75 - [STDERR_REDIRECT] 
2026-07-09 00:50:46,270 [ERROR] LogOutputStream:75 - [STDERR_REDIRECT] [Fatal Error] :1:1: Premature end of file.
2026-07-09 00:50:46,270 [ERROR] LogOutputStream:75 - [STDERR_REDIRECT] 
2026-07-09 00:50:46,379 [ERROR] LogOutputStream:75 - [STDERR_REDIRECT] [Fatal Error] :1:1: Premature end of file.
2026-07-09 00:50:46,379 [ERROR] LogOutputStream:75 - [STDERR_REDIRECT] 
2026-07-09 00:50:46,583 [ERROR] LogOutputStream:75 - [STDERR_REDIRECT] [Fatal Error] :1:1: Premature end of file.
2026-07-09 00:50:46,583 [ERROR] LogOutputStream:75 - [STDERR_REDIRECT] 
2026-07-09 00:50:46,694 [ERROR] LogOutputStream:75 - [STDERR_REDIRECT] [Fatal Error] :1:1: Premature end of file.
2026-07-09 00:50:46,694 [ERROR] LogOutputStream:75 - [STDERR_REDIRECT] 
2026-07-09 00:50:46,780 [ERROR] LogOutputStream:75 - [STDERR_REDIRECT] [Fatal Error] :1:1: Premature end of file.
2026-07-09 00:50:46,780 [ERROR] LogOutputStream:75 - [STDERR_REDIRECT] 
2026-07-09 00:50:46,848 [ERROR] LogOutputStream:75 - [STDERR_REDIRECT] [Fatal Error] :1:1: Premature end of file.
2026-07-09 00:50:46,848 [ERROR] LogOutputStream:75 - [STDERR_REDIRECT] 
2026-07-09 00:50:46,921 [ERROR] LogOutputStream:75 - [STDERR_REDIRECT] [Fatal Error] :1:1: Premature end of file.
2026-07-09 00:50:46,922 [ERROR] LogOutputStream:75 - [STDERR_REDIRECT] 
2026-07-09 00:50:46,992 [ERROR] LogOutputStream:75 - [STDERR_REDIRECT] [Fatal Error] :1:1: Premature end of file.
2026-07-09 00:50:46,992 [ERROR] LogOutputStream:75 - [STDERR_REDIRECT] 
2026-07-09 00:50:47,064 [ERROR] LogOutputStream:75 - [STDERR_REDIRECT] [Fatal Error] :1:1: Premature end of file.
2026-07-09 00:50:47,064 [ERROR] LogOutputStream:75 - [STDERR_REDIRECT] 
2026-07-09 00:50:47,166 [ERROR] LogOutputStream:75 - [STDERR_REDIRECT] [Fatal Error] :1:1: Premature end of file.
2026-07-09 00:50:47,166 [ERROR] LogOutputStream:75 - [STDERR_REDIRECT] 
2026-07-09 00:50:47,361 [ERROR] LogOutputStream:75 - [STDERR_REDIRECT] [Fatal Error] :1:1: Premature end of file.
2026-07-09 00:50:47,361 [ERROR] LogOutputStream:75 - [STDERR_REDIRECT] 
2026-07-09 00:50:47,697 [ERROR] LogOutputStream:75 - [STDERR_REDIRECT] [Fatal Error] :1:1: Premature end of file.
2026-07-09 00:50:47,698 [ERROR] LogOutputStream:75 - [STDERR_REDIRECT] 
2026-07-09 00:50:48,033 [INFO] WebApp:191 - Connection restablished
2026-07-09 00:50:48,124 [ERROR] LogOutputStream:75 - [STDERR_REDIRECT] [Fatal Error] :1:1: Premature end of file.
2026-07-09 00:50:48,124 [ERROR] LogOutputStream:75 - [STDERR_REDIRECT] 
2026-07-09 00:50:48,445 [ERROR] LogOutputStream:75 - [STDERR_REDIRECT] [Fatal Error] :1:1: Premature end of file.
2026-07-09 00:50:48,445 [ERROR] LogOutputStream:75 - [STDERR_REDIRECT] 
2026-07-09 00:50:48,816 [ERROR] LogOutputStream:75 - [STDERR_REDIRECT] [Fatal Error] :1:1: Premature end of file.
2026-07-09 00:50:48,816 [ERROR] LogOutputStream:75 - [STDERR_REDIRECT] 
2026-07-09 00:50:49,228 [ERROR] LogOutputStream:75 - [STDERR_REDIRECT] [Fatal Error] :1:1: Premature end of file.
2026-07-09 00:50:49,229 [ERROR] LogOutputStream:75 - [STDERR_REDIRECT] 
2026-07-09 00:50:49,405 [ERROR] LogOutputStream:75 - [STDERR_REDIRECT] [Fatal Error] :1:1: Premature end of file.
2026-07-09 00:50:49,406 [ERROR] LogOutputStream:75 - [STDERR_REDIRECT] 
2026-07-09 00:50:49,644 [ERROR] LogOutputStream:75 - [STDERR_REDIRECT] [Fatal Error] :1:1: Premature end of file.
2026-07-09 00:50:49,644 [ERROR] LogOutputStream:75 - [STDERR_REDIRECT] 
2026-07-09 00:50:49,840 [ERROR] LogOutputStream:75 - [STDERR_REDIRECT] [Fatal Error] :1:1: Premature end of file.
2026-07-09 00:50:49,840 [ERROR] LogOutputStream:75 - [STDERR_REDIRECT] 
2026-07-09 00:50:50,078 [ERROR] LogOutputStream:75 - [STDERR_REDIRECT] [Fatal Error] :1:1: Premature end of file.
2026-07-09 00:50:50,078 [ERROR] LogOutputStream:75 - [STDERR_REDIRECT] 
2026-07-09 00:50:50,320 [ERROR] LogOutputStream:75 - [STDERR_REDIRECT] [Fatal Error] :1:1: Premature end of file.
2026-07-09 00:50:50,320 [ERROR] LogOutputStream:75 - [STDERR_REDIRECT] 
2026-07-09 00:50:50,544 [ERROR] LogOutputStream:75 - [STDERR_REDIRECT] [Fatal Error] :1:1: Premature end of file.
2026-07-09 00:50:50,545 [ERROR] LogOutputStream:75 - [STDERR_REDIRECT] 
2026-07-09 00:50:50,858 [ERROR] LogOutputStream:75 - [STDERR_REDIRECT] [Fatal Error] :1:1: Premature end of file.
2026-07-09 00:50:50,858 [ERROR] LogOutputStream:75 - [STDERR_REDIRECT] 
2026-07-09 00:50:51,157 [ERROR] LogOutputStream:75 - [STDERR_REDIRECT] [Fatal Error] :1:1: Premature end of file.
2026-07-09 00:50:51,157 [ERROR] LogOutputStream:75 - [STDERR_REDIRECT] 
2026-07-09 00:50:51,579 [ERROR] LogOutputStream:75 - [STDERR_REDIRECT] [Fatal Error] :1:1: Premature end of file.
2026-07-09 00:50:51,580 [ERROR] LogOutputStream:75 - [STDERR_REDIRECT] 
2026-07-09 00:50:51,892 [ERROR] LogOutputStream:75 - [STDERR_REDIRECT] [Fatal Error] :1:1: Premature end of file.
2026-07-09 00:50:51,893 [ERROR] LogOutputStream:75 - [STDERR_REDIRECT] 
2026-07-09 00:50:52,123 [ERROR] LogOutputStream:75 - [STDERR_REDIRECT] [Fatal Error] :1:1: Premature end of file.
2026-07-09 00:50:52,123 [ERROR] LogOutputStream:75 - [STDERR_REDIRECT] 
2026-07-09 00:50:52,253 [ERROR] LogOutputStream:75 - [STDERR_REDIRECT] [Fatal Error] :1:1: Premature end of file.
2026-07-09 00:50:52,253 [ERROR] LogOutputStream:75 - [STDERR_REDIRECT] 
2026-07-09 00:50:52,520 [ERROR] LogOutputStream:75 - [STDERR_REDIRECT] [Fatal Error] :1:1: Premature end of file.
2026-07-09 00:50:52,520 [ERROR] LogOutputStream:75 - [STDERR_REDIRECT] 
2026-07-09 00:50:52,795 [ERROR] LogOutputStream:75 - [STDERR_REDIRECT] [Fatal Error] :1:1: Premature end of file.
2026-07-09 00:50:52,795 [ERROR] LogOutputStream:75 - [STDERR_REDIRECT] 
2026-07-09 00:50:53,044 [ERROR] LogOutputStream:75 - [STDERR_REDIRECT] [Fatal Error] :1:1: Premature end of file.
2026-07-09 00:50:53,044 [ERROR] LogOutputStream:75 - [STDERR_REDIRECT] 
2026-07-09 00:50:53,192 [ERROR] LogOutputStream:75 - [STDERR_REDIRECT] [Fatal Error] :1:1: Premature end of file.
2026-07-09 00:50:53,193 [ERROR] LogOutputStream:75 - [STDERR_REDIRECT] 
2026-07-09 00:50:53,337 [ERROR] LogOutputStream:75 - [STDERR_REDIRECT] [Fatal Error] :1:1: Premature end of file.
2026-07-09 00:50:53,337 [ERROR] LogOutputStream:75 - [STDERR_REDIRECT] 
2026-07-09 00:50:53,584 [ERROR] LogOutputStream:75 - [STDERR_REDIRECT] [Fatal Error] :1:1: Premature end of file.
2026-07-09 00:50:53,585 [ERROR] LogOutputStream:75 - [STDERR_REDIRECT] 
2026-07-09 00:50:53,678 [ERROR] LogOutputStream:75 - [STDERR_REDIRECT] [Fatal Error] :1:1: Premature end of file.
2026-07-09 00:50:53,678 [ERROR] LogOutputStream:75 - [STDERR_REDIRECT] 
2026-07-09 00:50:53,753 [ERROR] LogOutputStream:75 - [STDERR_REDIRECT] [Fatal Error] :1:1: Premature end of file.
2026-07-09 00:50:53,753 [ERROR] LogOutputStream:75 - [STDERR_REDIRECT] 
2026-07-09 00:50:53,807 [ERROR] LogOutputStream:75 - [STDERR_REDIRECT] [Fatal Error] :1:1: Premature end of file.
2026-07-09 00:50:53,807 [ERROR] LogOutputStream:75 - [STDERR_REDIRECT] 
2026-07-09 00:50:53,887 [ERROR] LogOutputStream:75 - [STDERR_REDIRECT] [Fatal Error] :1:1: Premature end of file.
2026-07-09 00:50:53,888 [ERROR] LogOutputStream:75 - [STDERR_REDIRECT] 
2026-07-09 00:50:53,978 [ERROR] LogOutputStream:75 - [STDERR_REDIRECT] [Fatal Error] :1:1: Premature end of file.
2026-07-09 00:50:53,979 [ERROR] LogOutputStream:75 - [STDERR_REDIRECT] 
2026-07-09 00:50:54,061 [ERROR] LogOutputStream:75 - [STDERR_REDIRECT] [Fatal Error] :1:1: Premature end of file.
2026-07-09 00:50:54,061 [ERROR] LogOutputStream:75 - [STDERR_REDIRECT] 
2026-07-09 00:50:54,125 [ERROR] LogOutputStream:75 - [STDERR_REDIRECT] [Fatal Error] :1:1: Premature end of file.
2026-07-09 00:50:54,126 [ERROR] LogOutputStream:75 - [STDERR_REDIRECT] 
2026-07-09 00:50:54,188 [ERROR] LogOutputStream:75 - [STDERR_REDIRECT] [Fatal Error] :1:1: Premature end of file.
2026-07-09 00:50:54,188 [ERROR] LogOutputStream:75 - [STDERR_REDIRECT] 
2026-07-09 00:50:54,273 [ERROR] LogOutputStream:75 - [STDERR_REDIRECT] [Fatal Error] :1:1: Premature end of file.
2026-07-09 00:50:54,273 [ERROR] LogOutputStream:75 - [STDERR_REDIRECT] 
2026-07-09 00:50:54,331 [ERROR] LogOutputStream:75 - [STDERR_REDIRECT] [Fatal Error] :1:1: Premature end of file.
2026-07-09 00:50:54,331 [ERROR] LogOutputStream:75 - [STDERR_REDIRECT] 
2026-07-09 00:50:54,389 [ERROR] LogOutputStream:75 - [STDERR_REDIRECT] [Fatal Error] :1:1: Premature end of file.
2026-07-09 00:50:54,389 [ERROR] LogOutputStream:75 - [STDERR_REDIRECT] 
2026-07-09 00:50:54,442 [ERROR] LogOutputStream:75 - [STDERR_REDIRECT] [Fatal Error] :1:1: Premature end of file.
2026-07-09 00:50:54,442 [ERROR] LogOutputStream:75 - [STDERR_REDIRECT] 
2026-07-09 00:50:54,497 [ERROR] LogOutputStream:75 - [STDERR_REDIRECT] [Fatal Error] :1:1: Premature end of file.
2026-07-09 00:50:54,497 [ERROR] LogOutputStream:75 - [STDERR_REDIRECT] 
2026-07-09 00:50:54,584 [ERROR] LogOutputStream:75 - [STDERR_REDIRECT] [Fatal Error] :1:1: Premature end of file.
2026-07-09 00:50:54,585 [ERROR] LogOutputStream:75 - [STDERR_REDIRECT] 
2026-07-09 00:50:54,653 [ERROR] LogOutputStream:75 - [STDERR_REDIRECT] [Fatal Error] :1:1: Premature end of file.
2026-07-09 00:50:54,654 [ERROR] LogOutputStream:75 - [STDERR_REDIRECT] 
2026-07-09 00:50:54,737 [ERROR] LogOutputStream:75 - [STDERR_REDIRECT] [Fatal Error] :1:1: Premature end of file.
2026-07-09 00:50:54,738 [ERROR] LogOutputStream:75 - [STDERR_REDIRECT] 
2026-07-09 00:50:54,806 [ERROR] LogOutputStream:75 - [STDERR_REDIRECT] [Fatal Error] :1:1: Premature end of file.
2026-07-09 00:50:54,807 [ERROR] LogOutputStream:75 - [STDERR_REDIRECT] 
2026-07-09 00:50:54,869 [ERROR] LogOutputStream:75 - [STDERR_REDIRECT] [Fatal Error] :1:1: Premature end of file.
2026-07-09 00:50:54,869 [ERROR] LogOutputStream:75 - [STDERR_REDIRECT] 
2026-07-09 00:50:54,931 [ERROR] LogOutputStream:75 - [STDERR_REDIRECT] [Fatal Error] :1:1: Premature end of file.
2026-07-09 00:50:54,931 [ERROR] LogOutputStream:75 - [STDERR_REDIRECT] 
2026-07-09 00:50:54,985 [ERROR] LogOutputStream:75 - [STDERR_REDIRECT] [Fatal Error] :1:1: Premature end of file.
2026-07-09 00:50:54,985 [ERROR] LogOutputStream:75 - [STDERR_REDIRECT] 
2026-07-09 00:50:55,040 [ERROR] LogOutputStream:75 - [STDERR_REDIRECT] [Fatal Error] :1:1: Premature end of file.
2026-07-09 00:50:55,041 [ERROR] LogOutputStream:75 - [STDERR_REDIRECT] 
2026-07-09 00:50:55,095 [ERROR] LogOutputStream:75 - [STDERR_REDIRECT] [Fatal Error] :1:1: Premature end of file.
2026-07-09 00:50:55,095 [ERROR] LogOutputStream:75 - [STDERR_REDIRECT] 
2026-07-09 00:50:55,155 [ERROR] LogOutputStream:75 - [STDERR_REDIRECT] [Fatal Error] :1:1: Premature end of file.
2026-07-09 00:50:55,156 [ERROR] LogOutputStream:75 - [STDERR_REDIRECT] 
2026-07-09 00:50:55,213 [ERROR] LogOutputStream:75 - [STDERR_REDIRECT] [Fatal Error] :1:1: Premature end of file.
2026-07-09 00:50:55,213 [ERROR] LogOutputStream:75 - [STDERR_REDIRECT] 
2026-07-09 00:50:55,269 [ERROR] LogOutputStream:75 - [STDERR_REDIRECT] [Fatal Error] :1:1: Premature end of file.
2026-07-09 00:50:55,269 [ERROR] LogOutputStream:75 - [STDERR_REDIRECT] 
2026-07-09 00:50:55,342 [ERROR] LogOutputStream:75 - [STDERR_REDIRECT] [Fatal Error] :1:1: Premature end of file.
2026-07-09 00:50:55,342 [ERROR] LogOutputStream:75 - [STDERR_REDIRECT] 
2026-07-09 00:50:56,090 [ERROR] LogOutputStream:75 - [STDERR_REDIRECT] [Fatal Error] :1:1: Premature end of file.
2026-07-09 00:50:56,091 [ERROR] LogOutputStream:75 - [STDERR_REDIRECT] 
2026-07-09 00:50:57,043 [ERROR] LogOutputStream:75 - [STDERR_REDIRECT] [Fatal Error] :1:1: Premature end of file.
2026-07-09 00:50:57,043 [ERROR] LogOutputStream:75 - [STDERR_REDIRECT] 
2026-07-09 00:50:58,018 [ERROR] LogOutputStream:75 - [STDERR_REDIRECT] [Fatal Error] :1:1: Premature end of file.
2026-07-09 00:50:58,018 [ERROR] LogOutputStream:75 - [STDERR_REDIRECT] 
2026-07-09 00:50:59,019 [ERROR] LogOutputStream:75 - [STDERR_REDIRECT] [Fatal Error] :1:1: Premature end of file.
2026-07-09 00:50:59,019 [ERROR] LogOutputStream:75 - [STDERR_REDIRECT] 
2026-07-09 00:51:00,017 [ERROR] LogOutputStream:75 - [STDERR_REDIRECT] [Fatal Error] :1:1: Premature end of file.
2026-07-09 00:51:00,017 [ERROR] LogOutputStream:75 - [STDERR_REDIRECT] 
2026-07-09 00:51:01,284 [ERROR] LogOutputStream:75 - [STDERR_REDIRECT] [Fatal Error] :1:1: Premature end of file.
2026-07-09 00:51:01,284 [ERROR] LogOutputStream:75 - [STDERR_REDIRECT] 
2026-07-09 00:51:02,020 [ERROR] LogOutputStream:75 - [STDERR_REDIRECT] [Fatal Error] :1:1: Premature end of file.
2026-07-09 00:51:02,020 [ERROR] LogOutputStream:75 - [STDERR_REDIRECT] 
2026-07-09 00:51:03,014 [ERROR] LogOutputStream:75 - [STDERR_REDIRECT] [Fatal Error] :1:1: Premature end of file.
2026-07-09 00:51:03,014 [ERROR] LogOutputStream:75 - [STDERR_REDIRECT] 
2026-07-09 00:51:04,009 [ERROR] LogOutputStream:75 - [STDERR_REDIRECT] [Fatal Error] :1:1: Premature end of file.
2026-07-09 00:51:04,009 [ERROR] LogOutputStream:75 - [STDERR_REDIRECT] 
2026-07-09 00:51:05,014 [ERROR] LogOutputStream:75 - [STDERR_REDIRECT] [Fatal Error] :1:1: Premature end of file.
2026-07-09 00:51:05,014 [ERROR] LogOutputStream:75 - [STDERR_REDIRECT] 
2026-07-09 00:51:18,688 [ERROR] LogOutputStream:75 - [STDERR_REDIRECT] [Fatal Error] :1:1: Premature end of file.
2026-07-09 00:51:18,688 [ERROR] LogOutputStream:75 - [STDERR_REDIRECT] 
2026-07-09 00:51:18,835 [ERROR] LogOutputStream:75 - [STDERR_REDIRECT] [Fatal Error] :1:1: Premature end of file.
2026-07-09 00:51:18,835 [ERROR] LogOutputStream:75 - [STDERR_REDIRECT] 
2026-07-09 00:51:18,934 [ERROR] LogOutputStream:75 - [STDERR_REDIRECT] [Fatal Error] :1:1: Premature end of file.
2026-07-09 00:51:18,934 [ERROR] LogOutputStream:75 - [STDERR_REDIRECT] 
2026-07-09 00:51:19,027 [ERROR] LogOutputStream:75 - [STDERR_REDIRECT] [Fatal Error] :1:1: Premature end of file.
2026-07-09 00:51:19,027 [ERROR] LogOutputStream:75 - [STDERR_REDIRECT] 
2026-07-09 00:51:19,149 [ERROR] LogOutputStream:75 - [STDERR_REDIRECT] [Fatal Error] :1:1: Premature end of file.
2026-07-09 00:51:19,150 [ERROR] LogOutputStream:75 - [STDERR_REDIRECT] 
2026-07-09 00:51:19,218 [ERROR] LogOutputStream:75 - [STDERR_REDIRECT] [Fatal Error] :1:1: Premature end of file.
2026-07-09 00:51:19,219 [ERROR] LogOutputStream:75 - [STDERR_REDIRECT] 
2026-07-09 00:51:19,276 [ERROR] LogOutputStream:75 - [STDERR_REDIRECT] [Fatal Error] :1:1: Premature end of file.
2026-07-09 00:51:19,276 [ERROR] LogOutputStream:75 - [STDERR_REDIRECT] 
2026-07-09 00:51:19,344 [ERROR] LogOutputStream:75 - [STDERR_REDIRECT] [Fatal Error] :1:1: Premature end of file.
2026-07-09 00:51:19,344 [ERROR] LogOutputStream:75 - [STDERR_REDIRECT] 
2026-07-09 00:51:19,403 [ERROR] LogOutputStream:75 - [STDERR_REDIRECT] [Fatal Error] :1:1: Premature end of file.
2026-07-09 00:51:19,403 [ERROR] LogOutputStream:75 - [STDERR_REDIRECT] 
2026-07-09 00:51:19,470 [ERROR] LogOutputStream:75 - [STDERR_REDIRECT] [Fatal Error] :1:1: Premature end of file.
2026-07-09 00:51:19,470 [ERROR] LogOutputStream:75 - [STDERR_REDIRECT] 
2026-07-09 00:51:19,518 [ERROR] LogOutputStream:75 - [STDERR_REDIRECT] [Fatal Error] :1:1: Premature end of file.
2026-07-09 00:51:19,518 [ERROR] LogOutputStream:75 - [STDERR_REDIRECT] 
2026-07-09 00:51:19,573 [ERROR] LogOutputStream:75 - [STDERR_REDIRECT] [Fatal Error] :1:1: Premature end of file.
2026-07-09 00:51:19,573 [ERROR] LogOutputStream:75 - [STDERR_REDIRECT] 
2026-07-09 00:51:19,625 [ERROR] LogOutputStream:75 - [STDERR_REDIRECT] [Fatal Error] :1:1: Premature end of file.
2026-07-09 00:51:19,625 [ERROR] LogOutputStream:75 - [STDERR_REDIRECT] 
2026-07-09 00:51:19,676 [ERROR] LogOutputStream:75 - [STDERR_REDIRECT] [Fatal Error] :1:1: Premature end of file.
2026-07-09 00:51:19,676 [ERROR] LogOutputStream:75 - [STDERR_REDIRECT] 
2026-07-09 00:51:20,026 [ERROR] LogOutputStream:75 - [STDERR_REDIRECT] [Fatal Error] :1:1: Premature end of file.
2026-07-09 00:51:20,027 [ERROR] LogOutputStream:75 - [STDERR_REDIRECT] 
2026-07-09 00:51:21,013 [ERROR] LogOutputStream:75 - [STDERR_REDIRECT] [Fatal Error] :1:1: Premature end of file.
2026-07-09 00:51:21,014 [ERROR] LogOutputStream:75 - [STDERR_REDIRECT] 
2026-07-09 00:51:22,019 [ERROR] LogOutputStream:75 - [STDERR_REDIRECT] [Fatal Error] :1:1: Premature end of file.
2026-07-09 00:51:22,019 [ERROR] LogOutputStream:75 - [STDERR_REDIRECT] 
2026-07-09 00:51:23,007 [ERROR] LogOutputStream:75 - [STDERR_REDIRECT] [Fatal Error] :1:1: Premature end of file.
2026-07-09 00:51:23,007 [ERROR] LogOutputStream:75 - [STDERR_REDIRECT] 
2026-07-09 00:51:24,018 [ERROR] LogOutputStream:75 - [STDERR_REDIRECT] [Fatal Error] :1:1: Premature end of file.
2026-07-09 00:51:24,019 [ERROR] LogOutputStream:75 - [STDERR_REDIRECT] 
2026-07-09 00:51:25,018 [ERROR] LogOutputStream:75 - [STDERR_REDIRECT] [Fatal Error] :1:1: Premature end of file.
2026-07-09 00:51:25,018 [ERROR] LogOutputStream:75 - [STDERR_REDIRECT] 
2026-07-09 00:51:26,019 [ERROR] LogOutputStream:75 - [STDERR_REDIRECT] [Fatal Error] :1:1: Premature end of file.
2026-07-09 00:51:26,019 [ERROR] LogOutputStream:75 - [STDERR_REDIRECT] 
2026-07-09 00:51:27,021 [ERROR] LogOutputStream:75 - [STDERR_REDIRECT] [Fatal Error] :1:1: Premature end of file.
2026-07-09 00:51:27,022 [ERROR] LogOutputStream:75 - [STDERR_REDIRECT] 
2026-07-09 00:51:28,006 [ERROR] LogOutputStream:75 - [STDERR_REDIRECT] [Fatal Error] :1:1: Premature end of file.
2026-07-09 00:51:28,006 [ERROR] LogOutputStream:75 - [STDERR_REDIRECT] 
2026-07-09 00:51:29,014 [ERROR] LogOutputStream:75 - [STDERR_REDIRECT] [Fatal Error] :1:1: Premature end of file.
2026-07-09 00:51:29,014 [ERROR] LogOutputStream:75 - [STDERR_REDIRECT] 
2026-07-09 00:51:30,017 [ERROR] LogOutputStream:75 - [STDERR_REDIRECT] [Fatal Error] :1:1: Premature end of file.
2026-07-09 00:51:30,017 [ERROR] LogOutputStream:75 - [STDERR_REDIRECT] 
2026-07-09 00:51:31,007 [ERROR] LogOutputStream:75 - [STDERR_REDIRECT] [Fatal Error] :1:1: Premature end of file.
2026-07-09 00:51:31,008 [ERROR] LogOutputStream:75 - [STDERR_REDIRECT] 
2026-07-09 00:51:32,004 [ERROR] LogOutputStream:75 - [STDERR_REDIRECT] [Fatal Error] :1:1: Premature end of file.
2026-07-09 00:51:32,004 [ERROR] LogOutputStream:75 - [STDERR_REDIRECT] 
2026-07-09 00:51:33,006 [ERROR] LogOutputStream:75 - [STDERR_REDIRECT] [Fatal Error] :1:1: Premature end of file.
2026-07-09 00:51:33,007 [ERROR] LogOutputStream:75 - [STDERR_REDIRECT] 
2026-07-09 00:51:34,015 [ERROR] LogOutputStream:75 - [STDERR_REDIRECT] [Fatal Error] :1:1: Premature end of file.
2026-07-09 00:51:34,015 [ERROR] LogOutputStream:75 - [STDERR_REDIRECT] 
2026-07-09 00:51:35,001 [ERROR] LogOutputStream:75 - [STDERR_REDIRECT] [Fatal Error] :1:1: Premature end of file.
2026-07-09 00:51:35,002 [ERROR] LogOutputStream:75 - [STDERR_REDIRECT] 
2026-07-09 00:51:36,003 [ERROR] LogOutputStream:75 - [STDERR_REDIRECT] [Fatal Error] :1:1: Premature end of file.
2026-07-09 00:51:36,003 [ERROR] LogOutputStream:75 - [STDERR_REDIRECT] 
2026-07-09 00:51:37,019 [ERROR] LogOutputStream:75 - [STDERR_REDIRECT] [Fatal Error] :1:1: Premature end of file.
2026-07-09 00:51:37,019 [ERROR] LogOutputStream:75 - [STDERR_REDIRECT] 
2026-07-09 00:51:38,019 [ERROR] LogOutputStream:75 - [STDERR_REDIRECT] [Fatal Error] :1:1: Premature end of file.
2026-07-09 00:51:38,020 [ERROR] LogOutputStream:75 - [STDERR_REDIRECT] 
2026-07-09 00:51:39,010 [ERROR] LogOutputStream:75 - [STDERR_REDIRECT] [Fatal Error] :1:1: Premature end of file.
2026-07-09 00:51:39,011 [ERROR] LogOutputStream:75 - [STDERR_REDIRECT] 
2026-07-09 00:51:40,013 [ERROR] LogOutputStream:75 - [STDERR_REDIRECT] [Fatal Error] :1:1: Premature end of file.
2026-07-09 00:51:40,013 [ERROR] LogOutputStream:75 - [STDERR_REDIRECT] 
2026-07-09 00:51:41,177 [ERROR] LogOutputStream:75 - [STDERR_REDIRECT] [Fatal Error] :1:1: Premature end of file.
2026-07-09 00:51:41,177 [ERROR] LogOutputStream:75 - [STDERR_REDIRECT] 
2026-07-09 00:51:42,009 [ERROR] LogOutputStream:75 - [STDERR_REDIRECT] [Fatal Error] :1:1: Premature end of file.
2026-07-09 00:51:42,010 [ERROR] LogOutputStream:75 - [STDERR_REDIRECT] 
2026-07-09 00:51:43,009 [ERROR] LogOutputStream:75 - [STDERR_REDIRECT] [Fatal Error] :1:1: Premature end of file.
2026-07-09 00:51:43,009 [ERROR] LogOutputStream:75 - [STDERR_REDIRECT] 
2026-07-09 00:51:44,006 [ERROR] LogOutputStream:75 - [STDERR_REDIRECT] [Fatal Error] :1:1: Premature end of file.
2026-07-09 00:51:44,006 [ERROR] LogOutputStream:75 - [STDERR_REDIRECT] 
2026-07-09 00:51:45,006 [ERROR] LogOutputStream:75 - [STDERR_REDIRECT] [Fatal Error] :1:1: Premature end of file.
2026-07-09 00:51:45,007 [ERROR] LogOutputStream:75 - [STDERR_REDIRECT] 
2026-07-09 00:52:12,559 [ERROR] LogOutputStream:75 - [STDERR_REDIRECT] [Fatal Error] :1:1: Premature end of file.
2026-07-09 00:52:12,559 [ERROR] LogOutputStream:75 - [STDERR_REDIRECT] 
2026-07-09 00:52:12,646 [ERROR] LogOutputStream:75 - [STDERR_REDIRECT] [Fatal Error] :1:1: Premature end of file.
2026-07-09 00:52:12,647 [ERROR] LogOutputStream:75 - [STDERR_REDIRECT] 
2026-07-09 00:52:12,748 [ERROR] LogOutputStream:75 - [STDERR_REDIRECT] [Fatal Error] :1:1: Premature end of file.
2026-07-09 00:52:12,748 [ERROR] LogOutputStream:75 - [STDERR_REDIRECT] 
2026-07-09 00:52:12,803 [ERROR] LogOutputStream:75 - [STDERR_REDIRECT] [Fatal Error] :1:1: Premature end of file.
2026-07-09 00:52:12,804 [ERROR] LogOutputStream:75 - [STDERR_REDIRECT] 
2026-07-09 00:52:12,877 [ERROR] LogOutputStream:75 - [STDERR_REDIRECT] [Fatal Error] :1:1: Premature end of file.
2026-07-09 00:52:12,877 [ERROR] LogOutputStream:75 - [STDERR_REDIRECT] 
2026-07-09 00:52:12,961 [ERROR] LogOutputStream:75 - [STDERR_REDIRECT] [Fatal Error] :1:1: Premature end of file.
2026-07-09 00:52:12,961 [ERROR] LogOutputStream:75 - [STDERR_REDIRECT] 
2026-07-09 00:52:13,022 [ERROR] LogOutputStream:75 - [STDERR_REDIRECT] [Fatal Error] :1:1: Premature end of file.
2026-07-09 00:52:13,022 [ERROR] LogOutputStream:75 - [STDERR_REDIRECT] 
2026-07-09 00:52:13,082 [ERROR] LogOutputStream:75 - [STDERR_REDIRECT] [Fatal Error] :1:1: Premature end of file.
2026-07-09 00:52:13,083 [ERROR] LogOutputStream:75 - [STDERR_REDIRECT] 
2026-07-09 00:52:13,144 [ERROR] LogOutputStream:75 - [STDERR_REDIRECT] [Fatal Error] :1:1: Premature end of file.
2026-07-09 00:52:13,144 [ERROR] LogOutputStream:75 - [STDERR_REDIRECT] 
2026-07-09 00:52:13,194 [ERROR] LogOutputStream:75 - [STDERR_REDIRECT] [Fatal Error] :1:1: Premature end of file.
2026-07-09 00:52:13,195 [ERROR] LogOutputStream:75 - [STDERR_REDIRECT] 
2026-07-09 00:52:13,241 [ERROR] LogOutputStream:75 - [STDERR_REDIRECT] [Fatal Error] :1:1: Premature end of file.
2026-07-09 00:52:13,241 [ERROR] LogOutputStream:75 - [STDERR_REDIRECT] 
2026-07-09 00:52:13,303 [ERROR] LogOutputStream:75 - [STDERR_REDIRECT] [Fatal Error] :1:1: Premature end of file.
2026-07-09 00:52:13,304 [ERROR] LogOutputStream:75 - [STDERR_REDIRECT] 
2026-07-09 00:52:13,375 [ERROR] LogOutputStream:75 - [STDERR_REDIRECT] [Fatal Error] :1:1: Premature end of file.
2026-07-09 00:52:13,375 [ERROR] LogOutputStream:75 - [STDERR_REDIRECT] 
2026-07-09 00:52:13,442 [ERROR] LogOutputStream:75 - [STDERR_REDIRECT] [Fatal Error] :1:1: Premature end of file.
2026-07-09 00:52:13,442 [ERROR] LogOutputStream:75 - [STDERR_REDIRECT] 
2026-07-09 00:52:13,489 [ERROR] LogOutputStream:75 - [STDERR_REDIRECT] [Fatal Error] :1:1: Premature end of file.
2026-07-09 00:52:13,489 [ERROR] LogOutputStream:75 - [STDERR_REDIRECT] 
2026-07-09 00:52:13,542 [ERROR] LogOutputStream:75 - [STDERR_REDIRECT] [Fatal Error] :1:1: Premature end of file.
2026-07-09 00:52:13,542 [ERROR] LogOutputStream:75 - [STDERR_REDIRECT] 
2026-07-09 00:52:13,587 [ERROR] LogOutputStream:75 - [STDERR_REDIRECT] [Fatal Error] :1:1: Premature end of file.
2026-07-09 00:52:13,587 [ERROR] LogOutputStream:75 - [STDERR_REDIRECT] 
2026-07-09 00:52:13,638 [ERROR] LogOutputStream:75 - [STDERR_REDIRECT] [Fatal Error] :1:1: Premature end of file.
2026-07-09 00:52:13,638 [ERROR] LogOutputStream:75 - [STDERR_REDIRECT] 
2026-07-09 00:52:13,693 [ERROR] LogOutputStream:75 - [STDERR_REDIRECT] [Fatal Error] :1:1: Premature end of file.
2026-07-09 00:52:13,693 [ERROR] LogOutputStream:75 - [STDERR_REDIRECT] 
2026-07-09 00:52:13,758 [ERROR] LogOutputStream:75 - [STDERR_REDIRECT] [Fatal Error] :1:1: Premature end of file.
2026-07-09 00:52:13,758 [ERROR] LogOutputStream:75 - [STDERR_REDIRECT] 
2026-07-09 00:52:13,829 [ERROR] LogOutputStream:75 - [STDERR_REDIRECT] [Fatal Error] :1:1: Premature end of file.
2026-07-09 00:52:13,829 [ERROR] LogOutputStream:75 - [STDERR_REDIRECT] 
2026-07-09 00:52:13,946 [ERROR] LogOutputStream:75 - [STDERR_REDIRECT] [Fatal Error] :1:1: Premature end of file.
2026-07-09 00:52:13,946 [ERROR] LogOutputStream:75 - [STDERR_REDIRECT] 
2026-07-09 00:52:14,111 [ERROR] LogOutputStream:75 - [STDERR_REDIRECT] [Fatal Error] :1:1: Premature end of file.
2026-07-09 00:52:14,111 [ERROR] LogOutputStream:75 - [STDERR_REDIRECT] 
2026-07-09 00:52:14,192 [ERROR] LogOutputStream:75 - [STDERR_REDIRECT] [Fatal Error] :1:1: Premature end of file.
2026-07-09 00:52:14,192 [ERROR] LogOutputStream:75 - [STDERR_REDIRECT] 
2026-07-09 00:52:14,320 [ERROR] LogOutputStream:75 - [STDERR_REDIRECT] [Fatal Error] :1:1: Premature end of file.
2026-07-09 00:52:14,321 [ERROR] LogOutputStream:75 - [STDERR_REDIRECT] 
2026-07-09 00:52:14,446 [ERROR] LogOutputStream:75 - [STDERR_REDIRECT] [Fatal Error] :1:1: Premature end of file.
2026-07-09 00:52:14,446 [ERROR] LogOutputStream:75 - [STDERR_REDIRECT] 
2026-07-09 00:52:14,556 [ERROR] LogOutputStream:75 - [STDERR_REDIRECT] [Fatal Error] :1:1: Premature end of file.
2026-07-09 00:52:14,557 [ERROR] LogOutputStream:75 - [STDERR_REDIRECT] 
2026-07-09 00:52:14,666 [ERROR] LogOutputStream:75 - [STDERR_REDIRECT] [Fatal Error] :1:1: Premature end of file.
2026-07-09 00:52:14,666 [ERROR] LogOutputStream:75 - [STDERR_REDIRECT] 
2026-07-09 00:52:14,764 [ERROR] LogOutputStream:75 - [STDERR_REDIRECT] [Fatal Error] :1:1: Premature end of file.
2026-07-09 00:52:14,764 [ERROR] LogOutputStream:75 - [STDERR_REDIRECT] 
2026-07-09 00:52:15,021 [ERROR] LogOutputStream:75 - [STDERR_REDIRECT] [Fatal Error] :1:1: Premature end of file.
2026-07-09 00:52:15,021 [ERROR] LogOutputStream:75 - [STDERR_REDIRECT] 
2026-07-09 00:52:16,006 [ERROR] LogOutputStream:75 - [STDERR_REDIRECT] [Fatal Error] :1:1: Premature end of file.
2026-07-09 00:52:16,006 [ERROR] LogOutputStream:75 - [STDERR_REDIRECT] 
2026-07-09 00:52:17,014 [ERROR] LogOutputStream:75 - [STDERR_REDIRECT] [Fatal Error] :1:1: Premature end of file.
2026-07-09 00:52:17,015 [ERROR] LogOutputStream:75 - [STDERR_REDIRECT] 
2026-07-09 00:52:18,007 [ERROR] LogOutputStream:75 - [STDERR_REDIRECT] [Fatal Error] :1:1: Premature end of file.
2026-07-09 00:52:18,008 [ERROR] LogOutputStream:75 - [STDERR_REDIRECT] 
2026-07-09 00:52:19,010 [ERROR] LogOutputStream:75 - [STDERR_REDIRECT] [Fatal Error] :1:1: Premature end of file.
2026-07-09 00:52:19,010 [ERROR] LogOutputStream:75 - [STDERR_REDIRECT] 
2026-07-09 00:52:20,006 [ERROR] LogOutputStream:75 - [STDERR_REDIRECT] [Fatal Error] :1:1: Premature end of file.
2026-07-09 00:52:20,008 [ERROR] LogOutputStream:75 - [STDERR_REDIRECT] 
2026-07-09 00:52:21,019 [ERROR] LogOutputStream:75 - [STDERR_REDIRECT] [Fatal Error] :1:1: Premature end of file.
2026-07-09 00:52:21,019 [ERROR] LogOutputStream:75 - [STDERR_REDIRECT] 
2026-07-09 00:52:22,019 [ERROR] LogOutputStream:75 - [STDERR_REDIRECT] [Fatal Error] :1:1: Premature end of file.
2026-07-09 00:52:22,019 [ERROR] LogOutputStream:75 - [STDERR_REDIRECT] 
2026-07-09 00:52:23,019 [ERROR] LogOutputStream:75 - [STDERR_REDIRECT] [Fatal Error] :1:1: Premature end of file.
2026-07-09 00:52:23,019 [ERROR] LogOutputStream:75 - [STDERR_REDIRECT] 
2026-07-09 00:52:24,019 [ERROR] LogOutputStream:75 - [STDERR_REDIRECT] [Fatal Error] :1:1: Premature end of file.
2026-07-09 00:52:24,019 [ERROR] LogOutputStream:75 - [STDERR_REDIRECT] 
2026-07-09 00:52:25,010 [ERROR] LogOutputStream:75 - [STDERR_REDIRECT] [Fatal Error] :1:1: Premature end of file.
2026-07-09 00:52:25,010 [ERROR] LogOutputStream:75 - [STDERR_REDIRECT] 
2026-07-09 00:52:26,013 [ERROR] LogOutputStream:75 - [STDERR_REDIRECT] [Fatal Error] :1:1: Premature end of file.
2026-07-09 00:52:26,013 [ERROR] LogOutputStream:75 - [STDERR_REDIRECT] 
2026-07-09 00:52:27,007 [ERROR] LogOutputStream:75 - [STDERR_REDIRECT] [Fatal Error] :1:1: Premature end of file.
2026-07-09 00:52:27,007 [ERROR] LogOutputStream:75 - [STDERR_REDIRECT] 
2026-07-09 00:52:28,022 [ERROR] LogOutputStream:75 - [STDERR_REDIRECT] [Fatal Error] :1:1: Premature end of file.
2026-07-09 00:52:28,023 [ERROR] LogOutputStream:75 - [STDERR_REDIRECT] 
2026-07-09 00:52:29,015 [ERROR] LogOutputStream:75 - [STDERR_REDIRECT] [Fatal Error] :1:1: Premature end of file.
2026-07-09 00:52:29,016 [ERROR] LogOutputStream:75 - [STDERR_REDIRECT] 
2026-07-09 00:52:30,009 [ERROR] LogOutputStream:75 - [STDERR_REDIRECT] [Fatal Error] :1:1: Premature end of file.
2026-07-09 00:52:30,009 [ERROR] LogOutputStream:75 - [STDERR_REDIRECT] 
2026-07-09 00:52:31,022 [ERROR] LogOutputStream:75 - [STDERR_REDIRECT] [Fatal Error] :1:1: Premature end of file.
2026-07-09 00:52:31,022 [ERROR] LogOutputStream:75 - [STDERR_REDIRECT] 
2026-07-09 00:52:32,015 [ERROR] LogOutputStream:75 - [STDERR_REDIRECT] [Fatal Error] :1:1: Premature end of file.
2026-07-09 00:52:32,015 [ERROR] LogOutputStream:75 - [STDERR_REDIRECT] 
2026-07-09 00:52:33,016 [ERROR] LogOutputStream:75 - [STDERR_REDIRECT] [Fatal Error] :1:1: Premature end of file.
2026-07-09 00:52:33,016 [ERROR] LogOutputStream:75 - [STDERR_REDIRECT] 
2026-07-09 00:52:34,008 [ERROR] LogOutputStream:75 - [STDERR_REDIRECT] [Fatal Error] :1:1: Premature end of file.
2026-07-09 00:52:34,009 [ERROR] LogOutputStream:75 - [STDERR_REDIRECT] 
2026-07-09 00:52:35,397 [ERROR] LogOutputStream:75 - [STDERR_REDIRECT] [Fatal Error] :1:1: Premature end of file.
2026-07-09 00:52:35,397 [ERROR] LogOutputStream:75 - [STDERR_REDIRECT] 
2026-07-09 00:52:36,006 [ERROR] LogOutputStream:75 - [STDERR_REDIRECT] [Fatal Error] :1:1: Premature end of file.
2026-07-09 00:52:36,006 [ERROR] LogOutputStream:75 - [STDERR_REDIRECT] 
2026-07-09 00:52:37,005 [ERROR] LogOutputStream:75 - [STDERR_REDIRECT] [Fatal Error] :1:1: Premature end of file.
2026-07-09 00:52:37,005 [ERROR] LogOutputStream:75 - [STDERR_REDIRECT] 
2026-07-09 00:52:38,016 [ERROR] LogOutputStream:75 - [STDERR_REDIRECT] [Fatal Error] :1:1: Premature end of file.
2026-07-09 00:52:38,016 [ERROR] LogOutputStream:75 - [STDERR_REDIRECT] 
2026-07-09 00:52:39,004 [ERROR] LogOutputStream:75 - [STDERR_REDIRECT] [Fatal Error] :1:1: Premature end of file.
2026-07-09 00:52:39,004 [ERROR] LogOutputStream:75 - [STDERR_REDIRECT] 
2026-07-09 00:53:14,452 [ERROR] LogOutputStream:75 - [STDERR_REDIRECT] [Fatal Error] :1:1: Premature end of file.
2026-07-09 00:53:14,453 [ERROR] LogOutputStream:75 - [STDERR_REDIRECT] 
2026-07-09 00:53:14,550 [ERROR] LogOutputStream:75 - [STDERR_REDIRECT] [Fatal Error] :1:1: Premature end of file.
2026-07-09 00:53:14,550 [ERROR] LogOutputStream:75 - [STDERR_REDIRECT] 
2026-07-09 00:53:14,639 [ERROR] LogOutputStream:75 - [STDERR_REDIRECT] [Fatal Error] :1:1: Premature end of file.
2026-07-09 00:53:14,639 [ERROR] LogOutputStream:75 - [STDERR_REDIRECT] 
2026-07-09 00:53:14,700 [ERROR] LogOutputStream:75 - [STDERR_REDIRECT] [Fatal Error] :1:1: Premature end of file.
2026-07-09 00:53:14,701 [ERROR] LogOutputStream:75 - [STDERR_REDIRECT] 
2026-07-09 00:53:14,766 [ERROR] LogOutputStream:75 - [STDERR_REDIRECT] [Fatal Error] :1:1: Premature end of file.
2026-07-09 00:53:14,766 [ERROR] LogOutputStream:75 - [STDERR_REDIRECT] 
2026-07-09 00:53:14,819 [ERROR] LogOutputStream:75 - [STDERR_REDIRECT] [Fatal Error] :1:1: Premature end of file.
2026-07-09 00:53:14,822 [ERROR] LogOutputStream:75 - [STDERR_REDIRECT] 
2026-07-09 00:53:14,914 [ERROR] LogOutputStream:75 - [STDERR_REDIRECT] [Fatal Error] :1:1: Premature end of file.
2026-07-09 00:53:14,914 [ERROR] LogOutputStream:75 - [STDERR_REDIRECT] 
2026-07-09 00:53:15,012 [ERROR] LogOutputStream:75 - [STDERR_REDIRECT] [Fatal Error] :1:1: Premature end of file.
2026-07-09 00:53:15,012 [ERROR] LogOutputStream:75 - [STDERR_REDIRECT] 
2026-07-09 00:53:15,120 [ERROR] LogOutputStream:75 - [STDERR_REDIRECT] [Fatal Error] :1:1: Premature end of file.
2026-07-09 00:53:15,121 [ERROR] LogOutputStream:75 - [STDERR_REDIRECT] 
2026-07-09 00:53:15,189 [ERROR] LogOutputStream:75 - [STDERR_REDIRECT] [Fatal Error] :1:1: Premature end of file.
2026-07-09 00:53:15,189 [ERROR] LogOutputStream:75 - [STDERR_REDIRECT] 
2026-07-09 00:53:15,247 [ERROR] LogOutputStream:75 - [STDERR_REDIRECT] [Fatal Error] :1:1: Premature end of file.
2026-07-09 00:53:15,247 [ERROR] LogOutputStream:75 - [STDERR_REDIRECT] 
2026-07-09 00:53:15,297 [ERROR] LogOutputStream:75 - [STDERR_REDIRECT] [Fatal Error] :1:1: Premature end of file.
2026-07-09 00:53:15,297 [ERROR] LogOutputStream:75 - [STDERR_REDIRECT] 
2026-07-09 00:53:15,343 [ERROR] LogOutputStream:75 - [STDERR_REDIRECT] [Fatal Error] :1:1: Premature end of file.
2026-07-09 00:53:15,343 [ERROR] LogOutputStream:75 - [STDERR_REDIRECT] 
2026-07-09 00:53:15,391 [ERROR] LogOutputStream:75 - [STDERR_REDIRECT] [Fatal Error] :1:1: Premature end of file.
2026-07-09 00:53:15,392 [ERROR] LogOutputStream:75 - [STDERR_REDIRECT] 
2026-07-09 00:53:15,442 [ERROR] LogOutputStream:75 - [STDERR_REDIRECT] [Fatal Error] :1:1: Premature end of file.
2026-07-09 00:53:15,442 [ERROR] LogOutputStream:75 - [STDERR_REDIRECT] 
2026-07-09 00:53:15,484 [ERROR] LogOutputStream:75 - [STDERR_REDIRECT] [Fatal Error] :1:1: Premature end of file.
2026-07-09 00:53:15,484 [ERROR] LogOutputStream:75 - [STDERR_REDIRECT] 
2026-07-09 00:53:15,536 [ERROR] LogOutputStream:75 - [STDERR_REDIRECT] [Fatal Error] :1:1: Premature end of file.
2026-07-09 00:53:15,537 [ERROR] LogOutputStream:75 - [STDERR_REDIRECT] 
2026-07-09 00:53:15,596 [ERROR] LogOutputStream:75 - [STDERR_REDIRECT] [Fatal Error] :1:1: Premature end of file.
2026-07-09 00:53:15,596 [ERROR] LogOutputStream:75 - [STDERR_REDIRECT] 
2026-07-09 00:53:15,648 [ERROR] LogOutputStream:75 - [STDERR_REDIRECT] [Fatal Error] :1:1: Premature end of file.
2026-07-09 00:53:15,649 [ERROR] LogOutputStream:75 - [STDERR_REDIRECT] 
2026-07-09 00:53:15,693 [ERROR] LogOutputStream:75 - [STDERR_REDIRECT] [Fatal Error] :1:1: Premature end of file.
2026-07-09 00:53:15,694 [ERROR] LogOutputStream:75 - [STDERR_REDIRECT] 
2026-07-09 00:53:15,739 [ERROR] LogOutputStream:75 - [STDERR_REDIRECT] [Fatal Error] :1:1: Premature end of file.
2026-07-09 00:53:15,739 [ERROR] LogOutputStream:75 - [STDERR_REDIRECT] 
2026-07-09 00:53:15,793 [ERROR] LogOutputStream:75 - [STDERR_REDIRECT] [Fatal Error] :1:1: Premature end of file.
2026-07-09 00:53:15,794 [ERROR] LogOutputStream:75 - [STDERR_REDIRECT] 
2026-07-09 00:53:15,841 [ERROR] LogOutputStream:75 - [STDERR_REDIRECT] [Fatal Error] :1:1: Premature end of file.
2026-07-09 00:53:15,841 [ERROR] LogOutputStream:75 - [STDERR_REDIRECT] 
2026-07-09 00:53:15,883 [ERROR] LogOutputStream:75 - [STDERR_REDIRECT] [Fatal Error] :1:1: Premature end of file.
2026-07-09 00:53:15,884 [ERROR] LogOutputStream:75 - [STDERR_REDIRECT] 
2026-07-09 00:53:15,945 [ERROR] LogOutputStream:75 - [STDERR_REDIRECT] [Fatal Error] :1:1: Premature end of file.
2026-07-09 00:53:15,945 [ERROR] LogOutputStream:75 - [STDERR_REDIRECT] 
2026-07-09 00:53:16,008 [ERROR] LogOutputStream:75 - [STDERR_REDIRECT] [Fatal Error] :1:1: Premature end of file.
2026-07-09 00:53:16,008 [ERROR] LogOutputStream:75 - [STDERR_REDIRECT] 
2026-07-09 00:53:16,063 [ERROR] LogOutputStream:75 - [STDERR_REDIRECT] [Fatal Error] :1:1: Premature end of file.
2026-07-09 00:53:16,064 [ERROR] LogOutputStream:75 - [STDERR_REDIRECT] 
2026-07-09 00:53:16,114 [ERROR] LogOutputStream:75 - [STDERR_REDIRECT] [Fatal Error] :1:1: Premature end of file.
2026-07-09 00:53:16,114 [ERROR] LogOutputStream:75 - [STDERR_REDIRECT] 
2026-07-09 00:53:16,180 [ERROR] LogOutputStream:75 - [STDERR_REDIRECT] [Fatal Error] :1:1: Premature end of file.
2026-07-09 00:53:16,180 [ERROR] LogOutputStream:75 - [STDERR_REDIRECT] 
2026-07-09 00:53:16,226 [ERROR] LogOutputStream:75 - [STDERR_REDIRECT] [Fatal Error] :1:1: Premature end of file.
2026-07-09 00:53:16,226 [ERROR] LogOutputStream:75 - [STDERR_REDIRECT] 
2026-07-09 00:53:16,291 [ERROR] LogOutputStream:75 - [STDERR_REDIRECT] [Fatal Error] :1:1: Premature end of file.
2026-07-09 00:53:16,292 [ERROR] LogOutputStream:75 - [STDERR_REDIRECT] 
2026-07-09 00:53:16,351 [ERROR] LogOutputStream:75 - [STDERR_REDIRECT] [Fatal Error] :1:1: Premature end of file.
2026-07-09 00:53:16,351 [ERROR] LogOutputStream:75 - [STDERR_REDIRECT] 
2026-07-09 00:53:16,407 [ERROR] LogOutputStream:75 - [STDERR_REDIRECT] [Fatal Error] :1:1: Premature end of file.
2026-07-09 00:53:16,407 [ERROR] LogOutputStream:75 - [STDERR_REDIRECT] 
2026-07-09 00:53:16,461 [ERROR] LogOutputStream:75 - [STDERR_REDIRECT] [Fatal Error] :1:1: Premature end of file.
2026-07-09 00:53:16,461 [ERROR] LogOutputStream:75 - [STDERR_REDIRECT] 
2026-07-09 00:53:16,518 [ERROR] LogOutputStream:75 - [STDERR_REDIRECT] [Fatal Error] :1:1: Premature end of file.
2026-07-09 00:53:16,518 [ERROR] LogOutputStream:75 - [STDERR_REDIRECT] 
2026-07-09 00:53:16,574 [ERROR] LogOutputStream:75 - [STDERR_REDIRECT] [Fatal Error] :1:1: Premature end of file.
2026-07-09 00:53:16,575 [ERROR] LogOutputStream:75 - [STDERR_REDIRECT] 
2026-07-09 00:53:16,622 [ERROR] LogOutputStream:75 - [STDERR_REDIRECT] [Fatal Error] :1:1: Premature end of file.
2026-07-09 00:53:16,622 [ERROR] LogOutputStream:75 - [STDERR_REDIRECT] 
2026-07-09 00:53:17,025 [ERROR] LogOutputStream:75 - [STDERR_REDIRECT] [Fatal Error] :1:1: Premature end of file.
2026-07-09 00:53:17,025 [ERROR] LogOutputStream:75 - [STDERR_REDIRECT] 
2026-07-09 00:53:18,024 [ERROR] LogOutputStream:75 - [STDERR_REDIRECT] [Fatal Error] :1:1: Premature end of file.
2026-07-09 00:53:18,024 [ERROR] LogOutputStream:75 - [STDERR_REDIRECT] 
2026-07-09 00:53:19,012 [ERROR] LogOutputStream:75 - [STDERR_REDIRECT] [Fatal Error] :1:1: Premature end of file.
2026-07-09 00:53:19,012 [ERROR] LogOutputStream:75 - [STDERR_REDIRECT] 
2026-07-09 00:53:20,006 [ERROR] LogOutputStream:75 - [STDERR_REDIRECT] [Fatal Error] :1:1: Premature end of file.
2026-07-09 00:53:20,006 [ERROR] LogOutputStream:75 - [STDERR_REDIRECT] 
2026-07-09 00:53:21,015 [ERROR] LogOutputStream:75 - [STDERR_REDIRECT] [Fatal Error] :1:1: Premature end of file.
2026-07-09 00:53:21,015 [ERROR] LogOutputStream:75 - [STDERR_REDIRECT] 
2026-07-09 00:53:22,016 [ERROR] LogOutputStream:75 - [STDERR_REDIRECT] [Fatal Error] :1:1: Premature end of file.
2026-07-09 00:53:22,017 [ERROR] LogOutputStream:75 - [STDERR_REDIRECT] 
2026-07-09 00:53:23,009 [ERROR] LogOutputStream:75 - [STDERR_REDIRECT] [Fatal Error] :1:1: Premature end of file.
2026-07-09 00:53:23,010 [ERROR] LogOutputStream:75 - [STDERR_REDIRECT] 
2026-07-09 00:53:24,009 [ERROR] LogOutputStream:75 - [STDERR_REDIRECT] [Fatal Error] :1:1: Premature end of file.
2026-07-09 00:53:24,010 [ERROR] LogOutputStream:75 - [STDERR_REDIRECT] 
2026-07-09 00:53:25,015 [ERROR] LogOutputStream:75 - [STDERR_REDIRECT] [Fatal Error] :1:1: Premature end of file.
2026-07-09 00:53:25,016 [ERROR] LogOutputStream:75 - [STDERR_REDIRECT] 
2026-07-09 00:53:26,006 [ERROR] LogOutputStream:75 - [STDERR_REDIRECT] [Fatal Error] :1:1: Premature end of file.
2026-07-09 00:53:26,006 [ERROR] LogOutputStream:75 - [STDERR_REDIRECT] 
2026-07-09 00:53:27,022 [ERROR] LogOutputStream:75 - [STDERR_REDIRECT] [Fatal Error] :1:1: Premature end of file.
2026-07-09 00:53:27,023 [ERROR] LogOutputStream:75 - [STDERR_REDIRECT] 
2026-07-09 00:53:28,014 [ERROR] LogOutputStream:75 - [STDERR_REDIRECT] [Fatal Error] :1:1: Premature end of file.
2026-07-09 00:53:28,014 [ERROR] LogOutputStream:75 - [STDERR_REDIRECT] 
2026-07-09 00:53:29,019 [ERROR] LogOutputStream:75 - [STDERR_REDIRECT] [Fatal Error] :1:1: Premature end of file.
2026-07-09 00:53:29,019 [ERROR] LogOutputStream:75 - [STDERR_REDIRECT] 
2026-07-09 00:53:30,005 [ERROR] LogOutputStream:75 - [STDERR_REDIRECT] [Fatal Error] :1:1: Premature end of file.
2026-07-09 00:53:30,005 [ERROR] LogOutputStream:75 - [STDERR_REDIRECT] 
2026-07-09 00:53:31,017 [ERROR] LogOutputStream:75 - [STDERR_REDIRECT] [Fatal Error] :1:1: Premature end of file.
2026-07-09 00:53:31,018 [ERROR] LogOutputStream:75 - [STDERR_REDIRECT] 
2026-07-09 00:53:32,017 [ERROR] LogOutputStream:75 - [STDERR_REDIRECT] [Fatal Error] :1:1: Premature end of file.
2026-07-09 00:53:32,018 [ERROR] LogOutputStream:75 - [STDERR_REDIRECT] 
2026-07-09 00:53:33,007 [ERROR] LogOutputStream:75 - [STDERR_REDIRECT] [Fatal Error] :1:1: Premature end of file.
2026-07-09 00:53:33,008 [ERROR] LogOutputStream:75 - [STDERR_REDIRECT] 
2026-07-09 00:53:34,010 [ERROR] LogOutputStream:75 - [STDERR_REDIRECT] [Fatal Error] :1:1: Premature end of file.
2026-07-09 00:53:34,010 [ERROR] LogOutputStream:75 - [STDERR_REDIRECT] 
2026-07-09 00:53:35,002 [ERROR] LogOutputStream:75 - [STDERR_REDIRECT] [Fatal Error] :1:1: Premature end of file.
2026-07-09 00:53:35,002 [ERROR] LogOutputStream:75 - [STDERR_REDIRECT] 
2026-07-09 00:53:36,016 [ERROR] LogOutputStream:75 - [STDERR_REDIRECT] [Fatal Error] :1:1: Premature end of file.
2026-07-09 00:53:36,017 [ERROR] LogOutputStream:75 - [STDERR_REDIRECT] 
2026-07-09 00:53:37,340 [ERROR] LogOutputStream:75 - [STDERR_REDIRECT] [Fatal Error] :1:1: Premature end of file.
2026-07-09 00:53:37,340 [ERROR] LogOutputStream:75 - [STDERR_REDIRECT] 
2026-07-09 00:53:38,011 [ERROR] LogOutputStream:75 - [STDERR_REDIRECT] [Fatal Error] :1:1: Premature end of file.
2026-07-09 00:53:38,011 [ERROR] LogOutputStream:75 - [STDERR_REDIRECT] 
2026-07-09 00:53:39,010 [ERROR] LogOutputStream:75 - [STDERR_REDIRECT] [Fatal Error] :1:1: Premature end of file.
2026-07-09 00:53:39,010 [ERROR] LogOutputStream:75 - [STDERR_REDIRECT] 
2026-07-09 00:53:40,016 [ERROR] LogOutputStream:75 - [STDERR_REDIRECT] [Fatal Error] :1:1: Premature end of file.
2026-07-09 00:53:40,017 [ERROR] LogOutputStream:75 - [STDERR_REDIRECT] 
2026-07-09 00:53:41,007 [ERROR] LogOutputStream:75 - [STDERR_REDIRECT] [Fatal Error] :1:1: Premature end of file.
2026-07-09 00:53:41,008 [ERROR] LogOutputStream:75 - [STDERR_REDIRECT] 
2026-07-09 00:53:54,914 [ERROR] LogOutputStream:75 - [STDERR_REDIRECT] [Fatal Error] :1:1: Premature end of file.
2026-07-09 00:53:54,914 [ERROR] LogOutputStream:75 - [STDERR_REDIRECT] 
2026-07-09 00:53:54,978 [ERROR] LogOutputStream:75 - [STDERR_REDIRECT] [Fatal Error] :1:1: Premature end of file.
2026-07-09 00:53:54,979 [ERROR] LogOutputStream:75 - [STDERR_REDIRECT] 
2026-07-09 00:53:55,038 [ERROR] LogOutputStream:75 - [STDERR_REDIRECT] [Fatal Error] :1:1: Premature end of file.
2026-07-09 00:53:55,038 [ERROR] LogOutputStream:75 - [STDERR_REDIRECT] 
2026-07-09 00:53:55,088 [ERROR] LogOutputStream:75 - [STDERR_REDIRECT] [Fatal Error] :1:1: Premature end of file.
2026-07-09 00:53:55,088 [ERROR] LogOutputStream:75 - [STDERR_REDIRECT] 
2026-07-09 00:53:55,140 [ERROR] LogOutputStream:75 - [STDERR_REDIRECT] [Fatal Error] :1:1: Premature end of file.
2026-07-09 00:53:55,141 [ERROR] LogOutputStream:75 - [STDERR_REDIRECT] 
2026-07-09 00:53:55,195 [ERROR] LogOutputStream:75 - [STDERR_REDIRECT] [Fatal Error] :1:1: Premature end of file.
2026-07-09 00:53:55,195 [ERROR] LogOutputStream:75 - [STDERR_REDIRECT] 
2026-07-09 00:53:55,261 [ERROR] LogOutputStream:75 - [STDERR_REDIRECT] [Fatal Error] :1:1: Premature end of file.
2026-07-09 00:53:55,261 [ERROR] LogOutputStream:75 - [STDERR_REDIRECT] 
2026-07-09 00:53:55,308 [ERROR] LogOutputStream:75 - [STDERR_REDIRECT] [Fatal Error] :1:1: Premature end of file.
2026-07-09 00:53:55,308 [ERROR] LogOutputStream:75 - [STDERR_REDIRECT] 
2026-07-09 00:53:55,378 [ERROR] LogOutputStream:75 - [STDERR_REDIRECT] [Fatal Error] :1:1: Premature end of file.
2026-07-09 00:53:55,379 [ERROR] LogOutputStream:75 - [STDERR_REDIRECT] 
2026-07-09 00:53:55,432 [ERROR] LogOutputStream:75 - [STDERR_REDIRECT] [Fatal Error] :1:1: Premature end of file.
2026-07-09 00:53:55,433 [ERROR] LogOutputStream:75 - [STDERR_REDIRECT] 
2026-07-09 00:53:55,497 [ERROR] LogOutputStream:75 - [STDERR_REDIRECT] [Fatal Error] :1:1: Premature end of file.
2026-07-09 00:53:55,497 [ERROR] LogOutputStream:75 - [STDERR_REDIRECT] 
2026-07-09 00:53:55,548 [ERROR] LogOutputStream:75 - [STDERR_REDIRECT] [Fatal Error] :1:1: Premature end of file.
2026-07-09 00:53:55,548 [ERROR] LogOutputStream:75 - [STDERR_REDIRECT] 
2026-07-09 00:53:55,601 [ERROR] LogOutputStream:75 - [STDERR_REDIRECT] [Fatal Error] :1:1: Premature end of file.
2026-07-09 00:53:55,601 [ERROR] LogOutputStream:75 - [STDERR_REDIRECT] 
2026-07-09 00:53:55,655 [ERROR] LogOutputStream:75 - [STDERR_REDIRECT] [Fatal Error] :1:1: Premature end of file.
2026-07-09 00:53:55,656 [ERROR] LogOutputStream:75 - [STDERR_REDIRECT] 
2026-07-09 00:53:56,025 [ERROR] LogOutputStream:75 - [STDERR_REDIRECT] [Fatal Error] :1:1: Premature end of file.
2026-07-09 00:53:56,026 [ERROR] LogOutputStream:75 - [STDERR_REDIRECT] 
2026-07-09 00:53:57,009 [ERROR] LogOutputStream:75 - [STDERR_REDIRECT] [Fatal Error] :1:1: Premature end of file.
2026-07-09 00:53:57,009 [ERROR] LogOutputStream:75 - [STDERR_REDIRECT] 
2026-07-09 00:53:58,012 [ERROR] LogOutputStream:75 - [STDERR_REDIRECT] [Fatal Error] :1:1: Premature end of file.
2026-07-09 00:53:58,013 [ERROR] LogOutputStream:75 - [STDERR_REDIRECT] 
2026-07-09 00:53:59,015 [ERROR] LogOutputStream:75 - [STDERR_REDIRECT] [Fatal Error] :1:1: Premature end of file.
2026-07-09 00:53:59,015 [ERROR] LogOutputStream:75 - [STDERR_REDIRECT] 
2026-07-09 00:54:00,013 [ERROR] LogOutputStream:75 - [STDERR_REDIRECT] [Fatal Error] :1:1: Premature end of file.
2026-07-09 00:54:00,014 [ERROR] LogOutputStream:75 - [STDERR_REDIRECT] 
2026-07-09 00:54:01,016 [ERROR] LogOutputStream:75 - [STDERR_REDIRECT] [Fatal Error] :1:1: Premature end of file.
2026-07-09 00:54:01,016 [ERROR] LogOutputStream:75 - [STDERR_REDIRECT] 
2026-07-09 00:54:02,015 [ERROR] LogOutputStream:75 - [STDERR_REDIRECT] [Fatal Error] :1:1: Premature end of file.
2026-07-09 00:54:02,015 [ERROR] LogOutputStream:75 - [STDERR_REDIRECT] 
2026-07-09 00:54:03,027 [ERROR] LogOutputStream:75 - [STDERR_REDIRECT] [Fatal Error] :1:1: Premature end of file.
2026-07-09 00:54:03,028 [ERROR] LogOutputStream:75 - [STDERR_REDIRECT] 
2026-07-09 00:54:04,015 [ERROR] LogOutputStream:75 - [STDERR_REDIRECT] [Fatal Error] :1:1: Premature end of file.
2026-07-09 00:54:04,015 [ERROR] LogOutputStream:75 - [STDERR_REDIRECT] 
2026-07-09 00:54:05,015 [ERROR] LogOutputStream:75 - [STDERR_REDIRECT] [Fatal Error] :1:1: Premature end of file.
2026-07-09 00:54:05,015 [ERROR] LogOutputStream:75 - [STDERR_REDIRECT] 
2026-07-09 00:54:06,015 [ERROR] LogOutputStream:75 - [STDERR_REDIRECT] [Fatal Error] :1:1: Premature end of file.
2026-07-09 00:54:06,016 [ERROR] LogOutputStream:75 - [STDERR_REDIRECT] 
2026-07-09 00:54:07,019 [ERROR] LogOutputStream:75 - [STDERR_REDIRECT] [Fatal Error] :1:1: Premature end of file.
2026-07-09 00:54:07,020 [ERROR] LogOutputStream:75 - [STDERR_REDIRECT] 
2026-07-09 00:54:08,006 [ERROR] LogOutputStream:75 - [STDERR_REDIRECT] [Fatal Error] :1:1: Premature end of file.
2026-07-09 00:54:08,007 [ERROR] LogOutputStream:75 - [STDERR_REDIRECT] 
2026-07-09 00:54:09,014 [ERROR] LogOutputStream:75 - [STDERR_REDIRECT] [Fatal Error] :1:1: Premature end of file.
2026-07-09 00:54:09,014 [ERROR] LogOutputStream:75 - [STDERR_REDIRECT] 
2026-07-09 00:54:10,004 [ERROR] LogOutputStream:75 - [STDERR_REDIRECT] [Fatal Error] :1:1: Premature end of file.
2026-07-09 00:54:10,004 [ERROR] LogOutputStream:75 - [STDERR_REDIRECT] 
2026-07-09 00:54:11,011 [ERROR] LogOutputStream:75 - [STDERR_REDIRECT] [Fatal Error] :1:1: Premature end of file.
2026-07-09 00:54:11,012 [ERROR] LogOutputStream:75 - [STDERR_REDIRECT] 
2026-07-09 00:54:12,018 [ERROR] LogOutputStream:75 - [STDERR_REDIRECT] [Fatal Error] :1:1: Premature end of file.
2026-07-09 00:54:12,018 [ERROR] LogOutputStream:75 - [STDERR_REDIRECT] 
2026-07-09 00:54:13,008 [ERROR] LogOutputStream:75 - [STDERR_REDIRECT] [Fatal Error] :1:1: Premature end of file.
2026-07-09 00:54:13,008 [ERROR] LogOutputStream:75 - [STDERR_REDIRECT] 
2026-07-09 00:54:14,017 [ERROR] LogOutputStream:75 - [STDERR_REDIRECT] [Fatal Error] :1:1: Premature end of file.
2026-07-09 00:54:14,018 [ERROR] LogOutputStream:75 - [STDERR_REDIRECT] 
2026-07-09 00:54:15,010 [ERROR] LogOutputStream:75 - [STDERR_REDIRECT] [Fatal Error] :1:1: Premature end of file.
2026-07-09 00:54:15,010 [ERROR] LogOutputStream:75 - [STDERR_REDIRECT] 
2026-07-09 00:54:16,016 [ERROR] LogOutputStream:75 - [STDERR_REDIRECT] [Fatal Error] :1:1: Premature end of file.
2026-07-09 00:54:16,016 [ERROR] LogOutputStream:75 - [STDERR_REDIRECT] 
2026-07-09 00:54:17,007 [ERROR] LogOutputStream:75 - [STDERR_REDIRECT] [Fatal Error] :1:1: Premature end of file.
2026-07-09 00:54:17,007 [ERROR] LogOutputStream:75 - [STDERR_REDIRECT] 
2026-07-09 00:54:18,027 [ERROR] LogOutputStream:75 - [STDERR_REDIRECT] [Fatal Error] :1:1: Premature end of file.
2026-07-09 00:54:18,027 [ERROR] LogOutputStream:75 - [STDERR_REDIRECT] 
2026-07-09 00:54:19,010 [ERROR] LogOutputStream:75 - [STDERR_REDIRECT] [Fatal Error] :1:1: Premature end of file.
2026-07-09 00:54:19,010 [ERROR] LogOutputStream:75 - [STDERR_REDIRECT] 
2026-07-09 00:54:20,014 [ERROR] LogOutputStream:75 - [STDERR_REDIRECT] [Fatal Error] :1:1: Premature end of file.
2026-07-09 00:54:20,014 [ERROR] LogOutputStream:75 - [STDERR_REDIRECT] 
2026-07-09 00:54:21,006 [ERROR] LogOutputStream:75 - [STDERR_REDIRECT] [Fatal Error] :1:1: Premature end of file.
2026-07-09 00:54:21,007 [ERROR] LogOutputStream:75 - [STDERR_REDIRECT] 
2026-07-09 00:54:22,006 [ERROR] LogOutputStream:75 - [STDERR_REDIRECT] [Fatal Error] :1:1: Premature end of file.
2026-07-09 00:54:22,008 [ERROR] LogOutputStream:75 - [STDERR_REDIRECT] 
2026-07-09 00:54:37,828 [ERROR] LogOutputStream:75 - [STDERR_REDIRECT] [Fatal Error] :1:1: Premature end of file.
2026-07-09 00:54:37,828 [ERROR] LogOutputStream:75 - [STDERR_REDIRECT] 
2026-07-09 00:54:37,885 [ERROR] LogOutputStream:75 - [STDERR_REDIRECT] [Fatal Error] :1:1: Premature end of file.
2026-07-09 00:54:37,885 [ERROR] LogOutputStream:75 - [STDERR_REDIRECT] 
2026-07-09 00:54:37,938 [ERROR] LogOutputStream:75 - [STDERR_REDIRECT] [Fatal Error] :1:1: Premature end of file.
2026-07-09 00:54:37,938 [ERROR] LogOutputStream:75 - [STDERR_REDIRECT] 
2026-07-09 00:54:38,019 [ERROR] LogOutputStream:75 - [STDERR_REDIRECT] [Fatal Error] :1:1: Premature end of file.
2026-07-09 00:54:38,019 [ERROR] LogOutputStream:75 - [STDERR_REDIRECT] 
2026-07-09 00:54:38,095 [ERROR] LogOutputStream:75 - [STDERR_REDIRECT] [Fatal Error] :1:1: Premature end of file.
2026-07-09 00:54:38,095 [ERROR] LogOutputStream:75 - [STDERR_REDIRECT] 
2026-07-09 00:54:38,160 [ERROR] LogOutputStream:75 - [STDERR_REDIRECT] [Fatal Error] :1:1: Premature end of file.
2026-07-09 00:54:38,160 [ERROR] LogOutputStream:75 - [STDERR_REDIRECT] 
2026-07-09 00:54:38,219 [ERROR] LogOutputStream:75 - [STDERR_REDIRECT] [Fatal Error] :1:1: Premature end of file.
2026-07-09 00:54:38,219 [ERROR] LogOutputStream:75 - [STDERR_REDIRECT] 
2026-07-09 00:54:38,275 [ERROR] LogOutputStream:75 - [STDERR_REDIRECT] [Fatal Error] :1:1: Premature end of file.
2026-07-09 00:54:38,275 [ERROR] LogOutputStream:75 - [STDERR_REDIRECT] 
2026-07-09 00:54:38,321 [ERROR] LogOutputStream:75 - [STDERR_REDIRECT] [Fatal Error] :1:1: Premature end of file.
2026-07-09 00:54:38,321 [ERROR] LogOutputStream:75 - [STDERR_REDIRECT] 
2026-07-09 00:54:38,366 [ERROR] LogOutputStream:75 - [STDERR_REDIRECT] [Fatal Error] :1:1: Premature end of file.
2026-07-09 00:54:38,366 [ERROR] LogOutputStream:75 - [STDERR_REDIRECT] 
2026-07-09 00:54:38,420 [ERROR] LogOutputStream:75 - [STDERR_REDIRECT] [Fatal Error] :1:1: Premature end of file.
2026-07-09 00:54:38,420 [ERROR] LogOutputStream:75 - [STDERR_REDIRECT] 
2026-07-09 00:54:38,468 [ERROR] LogOutputStream:75 - [STDERR_REDIRECT] [Fatal Error] :1:1: Premature end of file.
2026-07-09 00:54:38,468 [ERROR] LogOutputStream:75 - [STDERR_REDIRECT] 
2026-07-09 00:54:38,526 [ERROR] LogOutputStream:75 - [STDERR_REDIRECT] [Fatal Error] :1:1: Premature end of file.
2026-07-09 00:54:38,526 [ERROR] LogOutputStream:75 - [STDERR_REDIRECT] 
2026-07-09 00:54:38,574 [ERROR] LogOutputStream:75 - [STDERR_REDIRECT] [Fatal Error] :1:1: Premature end of file.
2026-07-09 00:54:38,574 [ERROR] LogOutputStream:75 - [STDERR_REDIRECT] 
2026-07-09 00:54:38,629 [ERROR] LogOutputStream:75 - [STDERR_REDIRECT] [Fatal Error] :1:1: Premature end of file.
2026-07-09 00:54:38,630 [ERROR] LogOutputStream:75 - [STDERR_REDIRECT] 
2026-07-09 00:54:38,692 [ERROR] LogOutputStream:75 - [STDERR_REDIRECT] [Fatal Error] :1:1: Premature end of file.
2026-07-09 00:54:38,693 [ERROR] LogOutputStream:75 - [STDERR_REDIRECT] 
2026-07-09 00:54:39,071 [ERROR] LogOutputStream:75 - [STDERR_REDIRECT] [Fatal Error] :1:1: Premature end of file.
2026-07-09 00:54:39,072 [ERROR] LogOutputStream:75 - [STDERR_REDIRECT] 
2026-07-09 00:54:40,008 [ERROR] LogOutputStream:75 - [STDERR_REDIRECT] [Fatal Error] :1:1: Premature end of file.
2026-07-09 00:54:40,009 [ERROR] LogOutputStream:75 - [STDERR_REDIRECT] 
2026-07-09 00:54:41,017 [ERROR] LogOutputStream:75 - [STDERR_REDIRECT] [Fatal Error] :1:1: Premature end of file.
2026-07-09 00:54:41,018 [ERROR] LogOutputStream:75 - [STDERR_REDIRECT] 
2026-07-09 00:54:42,017 [ERROR] LogOutputStream:75 - [STDERR_REDIRECT] [Fatal Error] :1:1: Premature end of file.
2026-07-09 00:54:42,018 [ERROR] LogOutputStream:75 - [STDERR_REDIRECT] 
2026-07-09 00:54:43,007 [ERROR] LogOutputStream:75 - [STDERR_REDIRECT] [Fatal Error] :1:1: Premature end of file.
2026-07-09 00:54:43,007 [ERROR] LogOutputStream:75 - [STDERR_REDIRECT] 
2026-07-09 00:54:44,021 [ERROR] LogOutputStream:75 - [STDERR_REDIRECT] [Fatal Error] :1:1: Premature end of file.
2026-07-09 00:54:44,021 [ERROR] LogOutputStream:75 - [STDERR_REDIRECT] 
2026-07-09 00:54:45,019 [ERROR] LogOutputStream:75 - [STDERR_REDIRECT] [Fatal Error] :1:1: Premature end of file.
2026-07-09 00:54:45,020 [ERROR] LogOutputStream:75 - [STDERR_REDIRECT] 
2026-07-09 00:54:46,011 [ERROR] LogOutputStream:75 - [STDERR_REDIRECT] [Fatal Error] :1:1: Premature end of file.
2026-07-09 00:54:46,011 [ERROR] LogOutputStream:75 - [STDERR_REDIRECT] 
2026-07-09 00:54:47,018 [ERROR] LogOutputStream:75 - [STDERR_REDIRECT] [Fatal Error] :1:1: Premature end of file.
2026-07-09 00:54:47,018 [ERROR] LogOutputStream:75 - [STDERR_REDIRECT] 
2026-07-09 00:54:48,010 [ERROR] LogOutputStream:75 - [STDERR_REDIRECT] [Fatal Error] :1:1: Premature end of file.
2026-07-09 00:54:48,011 [ERROR] LogOutputStream:75 - [STDERR_REDIRECT] 
2026-07-09 00:54:49,020 [ERROR] LogOutputStream:75 - [STDERR_REDIRECT] [Fatal Error] :1:1: Premature end of file.
2026-07-09 00:54:49,020 [ERROR] LogOutputStream:75 - [STDERR_REDIRECT] 
2026-07-09 00:54:50,013 [ERROR] LogOutputStream:75 - [STDERR_REDIRECT] [Fatal Error] :1:1: Premature end of file.
2026-07-09 00:54:50,015 [ERROR] LogOutputStream:75 - [STDERR_REDIRECT] 
2026-07-09 00:54:51,009 [ERROR] LogOutputStream:75 - [STDERR_REDIRECT] [Fatal Error] :1:1: Premature end of file.
2026-07-09 00:54:51,010 [ERROR] LogOutputStream:75 - [STDERR_REDIRECT] 
2026-07-09 00:54:52,015 [ERROR] LogOutputStream:75 - [STDERR_REDIRECT] [Fatal Error] :1:1: Premature end of file.
2026-07-09 00:54:52,016 [ERROR] LogOutputStream:75 - [STDERR_REDIRECT] 
2026-07-09 00:54:53,009 [ERROR] LogOutputStream:75 - [STDERR_REDIRECT] [Fatal Error] :1:1: Premature end of file.
2026-07-09 00:54:53,010 [ERROR] LogOutputStream:75 - [STDERR_REDIRECT] 
2026-07-09 00:54:54,004 [ERROR] LogOutputStream:75 - [STDERR_REDIRECT] [Fatal Error] :1:1: Premature end of file.
2026-07-09 00:54:54,005 [ERROR] LogOutputStream:75 - [STDERR_REDIRECT] 
2026-07-09 00:54:55,010 [ERROR] LogOutputStream:75 - [STDERR_REDIRECT] [Fatal Error] :1:1: Premature end of file.
2026-07-09 00:54:55,010 [ERROR] LogOutputStream:75 - [STDERR_REDIRECT] 
2026-07-09 00:54:56,008 [ERROR] LogOutputStream:75 - [STDERR_REDIRECT] [Fatal Error] :1:1: Premature end of file.
2026-07-09 00:54:56,008 [ERROR] LogOutputStream:75 - [STDERR_REDIRECT] 
2026-07-09 00:54:57,018 [ERROR] LogOutputStream:75 - [STDERR_REDIRECT] [Fatal Error] :1:1: Premature end of file.
2026-07-09 00:54:57,018 [ERROR] LogOutputStream:75 - [STDERR_REDIRECT] 
2026-07-09 00:54:58,015 [ERROR] LogOutputStream:75 - [STDERR_REDIRECT] [Fatal Error] :1:1: Premature end of file.
2026-07-09 00:54:58,015 [ERROR] LogOutputStream:75 - [STDERR_REDIRECT] 
2026-07-09 00:54:59,014 [ERROR] LogOutputStream:75 - [STDERR_REDIRECT] [Fatal Error] :1:1: Premature end of file.
2026-07-09 00:54:59,014 [ERROR] LogOutputStream:75 - [STDERR_REDIRECT] 
2026-07-09 00:55:00,515 [ERROR] LogOutputStream:75 - [STDERR_REDIRECT] [Fatal Error] :1:1: Premature end of file.
2026-07-09 00:55:00,515 [ERROR] LogOutputStream:75 - [STDERR_REDIRECT] 
2026-07-09 00:55:01,014 [ERROR] LogOutputStream:75 - [STDERR_REDIRECT] [Fatal Error] :1:1: Premature end of file.
2026-07-09 00:55:01,014 [ERROR] LogOutputStream:75 - [STDERR_REDIRECT] 
2026-07-09 00:55:02,005 [ERROR] LogOutputStream:75 - [STDERR_REDIRECT] [Fatal Error] :1:1: Premature end of file.
2026-07-09 00:55:02,005 [ERROR] LogOutputStream:75 - [STDERR_REDIRECT] 
2026-07-09 00:55:03,003 [ERROR] LogOutputStream:75 - [STDERR_REDIRECT] [Fatal Error] :1:1: Premature end of file.
2026-07-09 00:55:03,003 [ERROR] LogOutputStream:75 - [STDERR_REDIRECT] 
2026-07-09 00:55:04,015 [ERROR] LogOutputStream:75 - [STDERR_REDIRECT] [Fatal Error] :1:1: Premature end of file.
2026-07-09 00:55:04,015 [ERROR] LogOutputStream:75 - [STDERR_REDIRECT] 
2026-07-09 00:55:05,012 [ERROR] LogOutputStream:75 - [STDERR_REDIRECT] [Fatal Error] :1:1: Premature end of file.
2026-07-09 00:55:05,013 [ERROR] LogOutputStream:75 - [STDERR_REDIRECT] 
2026-07-09 00:56:37,272 [ERROR] LogOutputStream:75 - [STDERR_REDIRECT] [Fatal Error] :1:1: Premature end of file.
2026-07-09 00:56:37,272 [ERROR] LogOutputStream:75 - [STDERR_REDIRECT] 
2026-07-09 00:56:37,519 [ERROR] LogOutputStream:75 - [STDERR_REDIRECT] [Fatal Error] :1:1: Premature end of file.
2026-07-09 00:56:37,519 [ERROR] LogOutputStream:75 - [STDERR_REDIRECT] 
2026-07-09 00:56:37,657 [ERROR] LogOutputStream:75 - [STDERR_REDIRECT] [Fatal Error] :1:1: Premature end of file.
2026-07-09 00:56:37,657 [ERROR] LogOutputStream:75 - [STDERR_REDIRECT] 
2026-07-09 00:56:37,895 [ERROR] LogOutputStream:75 - [STDERR_REDIRECT] [Fatal Error] :1:1: Premature end of file.
2026-07-09 00:56:37,896 [ERROR] LogOutputStream:75 - [STDERR_REDIRECT] 
2026-07-09 00:56:38,124 [ERROR] LogOutputStream:75 - [STDERR_REDIRECT] [Fatal Error] :1:1: Premature end of file.
2026-07-09 00:56:38,125 [ERROR] LogOutputStream:75 - [STDERR_REDIRECT] 
2026-07-09 00:56:38,335 [ERROR] LogOutputStream:75 - [STDERR_REDIRECT] [Fatal Error] :1:1: Premature end of file.
2026-07-09 00:56:38,335 [ERROR] LogOutputStream:75 - [STDERR_REDIRECT] 
2026-07-09 00:56:38,552 [ERROR] LogOutputStream:75 - [STDERR_REDIRECT] [Fatal Error] :1:1: Premature end of file.
2026-07-09 00:56:38,552 [ERROR] LogOutputStream:75 - [STDERR_REDIRECT] 
2026-07-09 00:56:38,785 [ERROR] LogOutputStream:75 - [STDERR_REDIRECT] [Fatal Error] :1:1: Premature end of file.
2026-07-09 00:56:38,785 [ERROR] LogOutputStream:75 - [STDERR_REDIRECT] 
2026-07-09 00:56:38,968 [ERROR] LogOutputStream:75 - [STDERR_REDIRECT] [Fatal Error] :1:1: Premature end of file.
2026-07-09 00:56:38,969 [ERROR] LogOutputStream:75 - [STDERR_REDIRECT] 
2026-07-09 00:56:39,164 [INFO] WebApp:194 - Connection lost
2026-07-09 00:56:39,400 [ERROR] LogOutputStream:75 - [STDERR_REDIRECT] [Fatal Error] :1:1: Premature end of file.
2026-07-09 00:56:39,401 [ERROR] LogOutputStream:75 - [STDERR_REDIRECT] 
2026-07-09 00:56:39,805 [ERROR] LogOutputStream:75 - [STDERR_REDIRECT] [Fatal Error] :1:1: Premature end of file.
2026-07-09 00:56:39,805 [ERROR] LogOutputStream:75 - [STDERR_REDIRECT] 
2026-07-09 00:56:40,028 [ERROR] LogOutputStream:75 - [STDERR_REDIRECT] [Fatal Error] :1:1: Premature end of file.
2026-07-09 00:56:40,029 [ERROR] LogOutputStream:75 - [STDERR_REDIRECT] 
2026-07-09 00:56:40,199 [ERROR] LogOutputStream:75 - [STDERR_REDIRECT] [Fatal Error] :1:1: Premature end of file.
2026-07-09 00:56:40,199 [ERROR] LogOutputStream:75 - [STDERR_REDIRECT] 
2026-07-09 00:56:40,350 [ERROR] LogOutputStream:75 - [STDERR_REDIRECT] [Fatal Error] :1:1: Premature end of file.
2026-07-09 00:56:40,350 [ERROR] LogOutputStream:75 - [STDERR_REDIRECT] 
2026-07-09 00:56:40,522 [ERROR] LogOutputStream:75 - [STDERR_REDIRECT] [Fatal Error] :1:1: Premature end of file.
2026-07-09 00:56:40,523 [ERROR] LogOutputStream:75 - [STDERR_REDIRECT] 
2026-07-09 00:56:40,654 [ERROR] LogOutputStream:75 - [STDERR_REDIRECT] [Fatal Error] :1:1: Premature end of file.
2026-07-09 00:56:40,654 [ERROR] LogOutputStream:75 - [STDERR_REDIRECT] 
2026-07-09 00:56:40,823 [ERROR] LogOutputStream:75 - [STDERR_REDIRECT] [Fatal Error] :1:1: Premature end of file.
2026-07-09 00:56:40,823 [ERROR] LogOutputStream:75 - [STDERR_REDIRECT] 
2026-07-09 00:56:41,033 [ERROR] LogOutputStream:75 - [STDERR_REDIRECT] [Fatal Error] :1:1: Premature end of file.
2026-07-09 00:56:41,033 [ERROR] LogOutputStream:75 - [STDERR_REDIRECT] 
2026-07-09 00:56:41,186 [ERROR] LogOutputStream:75 - [STDERR_REDIRECT] [Fatal Error] :1:1: Premature end of file.
2026-07-09 00:56:41,186 [ERROR] LogOutputStream:75 - [STDERR_REDIRECT] 
2026-07-09 00:56:41,318 [ERROR] LogOutputStream:75 - [STDERR_REDIRECT] [Fatal Error] :1:1: Premature end of file.
2026-07-09 00:56:41,318 [ERROR] LogOutputStream:75 - [STDERR_REDIRECT] 
2026-07-09 00:56:41,434 [ERROR] LogOutputStream:75 - [STDERR_REDIRECT] [Fatal Error] :1:1: Premature end of file.
2026-07-09 00:56:41,435 [ERROR] LogOutputStream:75 - [STDERR_REDIRECT] 
2026-07-09 00:56:41,603 [ERROR] LogOutputStream:75 - [STDERR_REDIRECT] [Fatal Error] :1:1: Premature end of file.
2026-07-09 00:56:41,603 [ERROR] LogOutputStream:75 - [STDERR_REDIRECT] 
2026-07-09 00:56:41,766 [ERROR] LogOutputStream:75 - [STDERR_REDIRECT] [Fatal Error] :1:1: Premature end of file.
2026-07-09 00:56:41,766 [ERROR] LogOutputStream:75 - [STDERR_REDIRECT] 
2026-07-09 00:56:41,906 [ERROR] LogOutputStream:75 - [STDERR_REDIRECT] [Fatal Error] :1:1: Premature end of file.
2026-07-09 00:56:41,906 [ERROR] LogOutputStream:75 - [STDERR_REDIRECT] 
2026-07-09 00:56:42,071 [ERROR] LogOutputStream:75 - [STDERR_REDIRECT] [Fatal Error] :1:1: Premature end of file.
2026-07-09 00:56:42,071 [ERROR] LogOutputStream:75 - [STDERR_REDIRECT] 
2026-07-09 00:56:42,130 [ERROR] LogOutputStream:75 - [STDERR_REDIRECT] [Fatal Error] :1:1: Premature end of file.
2026-07-09 00:56:42,130 [ERROR] LogOutputStream:75 - [STDERR_REDIRECT] 
2026-07-09 00:56:42,186 [ERROR] LogOutputStream:75 - [STDERR_REDIRECT] [Fatal Error] :1:1: Premature end of file.
2026-07-09 00:56:42,186 [ERROR] LogOutputStream:75 - [STDERR_REDIRECT] 
2026-07-09 00:56:42,254 [ERROR] LogOutputStream:75 - [STDERR_REDIRECT] [Fatal Error] :1:1: Premature end of file.
2026-07-09 00:56:42,254 [ERROR] LogOutputStream:75 - [STDERR_REDIRECT] 
2026-07-09 00:56:42,348 [ERROR] LogOutputStream:75 - [STDERR_REDIRECT] [Fatal Error] :1:1: Premature end of file.
2026-07-09 00:56:42,348 [ERROR] LogOutputStream:75 - [STDERR_REDIRECT] 
2026-07-09 00:56:42,424 [ERROR] LogOutputStream:75 - [STDERR_REDIRECT] [Fatal Error] :1:1: Premature end of file.
2026-07-09 00:56:42,424 [ERROR] LogOutputStream:75 - [STDERR_REDIRECT] 
2026-07-09 00:56:42,630 [ERROR] LogOutputStream:75 - [STDERR_REDIRECT] [Fatal Error] :1:1: Premature end of file.
2026-07-09 00:56:42,630 [ERROR] LogOutputStream:75 - [STDERR_REDIRECT] 
2026-07-09 00:56:42,739 [ERROR] LogOutputStream:75 - [STDERR_REDIRECT] [Fatal Error] :1:1: Premature end of file.
2026-07-09 00:56:42,740 [ERROR] LogOutputStream:75 - [STDERR_REDIRECT] 
2026-07-09 00:56:42,858 [ERROR] LogOutputStream:75 - [STDERR_REDIRECT] [Fatal Error] :1:1: Premature end of file.
2026-07-09 00:56:42,859 [ERROR] LogOutputStream:75 - [STDERR_REDIRECT] 
2026-07-09 00:56:43,003 [ERROR] LogOutputStream:75 - [STDERR_REDIRECT] [Fatal Error] :1:1: Premature end of file.
2026-07-09 00:56:43,003 [ERROR] LogOutputStream:75 - [STDERR_REDIRECT] 
2026-07-09 00:56:43,106 [ERROR] LogOutputStream:75 - [STDERR_REDIRECT] [Fatal Error] :1:1: Premature end of file.
2026-07-09 00:56:43,106 [ERROR] LogOutputStream:75 - [STDERR_REDIRECT] 
2026-07-09 00:56:43,191 [ERROR] LogOutputStream:75 - [STDERR_REDIRECT] [Fatal Error] :1:1: Premature end of file.
2026-07-09 00:56:43,191 [ERROR] LogOutputStream:75 - [STDERR_REDIRECT] 
2026-07-09 00:56:43,319 [ERROR] LogOutputStream:75 - [STDERR_REDIRECT] [Fatal Error] :1:1: Premature end of file.
2026-07-09 00:56:43,319 [ERROR] LogOutputStream:75 - [STDERR_REDIRECT] 
2026-07-09 00:56:43,420 [ERROR] LogOutputStream:75 - [STDERR_REDIRECT] [Fatal Error] :1:1: Premature end of file.
2026-07-09 00:56:43,420 [ERROR] LogOutputStream:75 - [STDERR_REDIRECT] 
2026-07-09 00:56:43,553 [ERROR] LogOutputStream:75 - [STDERR_REDIRECT] [Fatal Error] :1:1: Premature end of file.
2026-07-09 00:56:43,553 [ERROR] LogOutputStream:75 - [STDERR_REDIRECT] 
2026-07-09 00:56:43,631 [ERROR] LogOutputStream:75 - [STDERR_REDIRECT] [Fatal Error] :1:1: Premature end of file.
2026-07-09 00:56:43,632 [ERROR] LogOutputStream:75 - [STDERR_REDIRECT] 
2026-07-09 00:56:43,706 [ERROR] LogOutputStream:75 - [STDERR_REDIRECT] [Fatal Error] :1:1: Premature end of file.
2026-07-09 00:56:43,706 [ERROR] LogOutputStream:75 - [STDERR_REDIRECT] 
2026-07-09 00:56:43,785 [ERROR] LogOutputStream:75 - [STDERR_REDIRECT] [Fatal Error] :1:1: Premature end of file.
2026-07-09 00:56:43,785 [ERROR] LogOutputStream:75 - [STDERR_REDIRECT] 
2026-07-09 00:56:43,853 [ERROR] LogOutputStream:75 - [STDERR_REDIRECT] [Fatal Error] :1:1: Premature end of file.
2026-07-09 00:56:43,853 [ERROR] LogOutputStream:75 - [STDERR_REDIRECT] 
2026-07-09 00:56:43,960 [ERROR] LogOutputStream:75 - [STDERR_REDIRECT] [Fatal Error] :1:1: Premature end of file.
2026-07-09 00:56:43,961 [ERROR] LogOutputStream:75 - [STDERR_REDIRECT] 
2026-07-09 00:56:44,135 [ERROR] LogOutputStream:75 - [STDERR_REDIRECT] [Fatal Error] :1:1: Premature end of file.
2026-07-09 00:56:44,135 [ERROR] LogOutputStream:75 - [STDERR_REDIRECT] 
2026-07-09 00:56:44,264 [ERROR] LogOutputStream:75 - [STDERR_REDIRECT] [Fatal Error] :1:1: Premature end of file.
2026-07-09 00:56:44,264 [ERROR] LogOutputStream:75 - [STDERR_REDIRECT] 
2026-07-09 00:56:44,379 [ERROR] LogOutputStream:75 - [STDERR_REDIRECT] [Fatal Error] :1:1: Premature end of file.
2026-07-09 00:56:44,380 [ERROR] LogOutputStream:75 - [STDERR_REDIRECT] 
2026-07-09 00:56:44,449 [ERROR] LogOutputStream:75 - [STDERR_REDIRECT] [Fatal Error] :1:1: Premature end of file.
2026-07-09 00:56:44,449 [ERROR] LogOutputStream:75 - [STDERR_REDIRECT] 
2026-07-09 00:56:44,596 [ERROR] LogOutputStream:75 - [STDERR_REDIRECT] [Fatal Error] :1:1: Premature end of file.
2026-07-09 00:56:44,597 [ERROR] LogOutputStream:75 - [STDERR_REDIRECT] 
2026-07-09 00:56:44,732 [ERROR] LogOutputStream:75 - [STDERR_REDIRECT] [Fatal Error] :1:1: Premature end of file.
2026-07-09 00:56:44,732 [ERROR] LogOutputStream:75 - [STDERR_REDIRECT] 
2026-07-09 00:56:44,761 [INFO] WebApp:191 - Connection restablished
2026-07-09 00:56:44,962 [ERROR] LogOutputStream:75 - [STDERR_REDIRECT] [Fatal Error] :1:1: Premature end of file.
2026-07-09 00:56:44,963 [ERROR] LogOutputStream:75 - [STDERR_REDIRECT] 
2026-07-09 00:56:45,126 [ERROR] LogOutputStream:75 - [STDERR_REDIRECT] [Fatal Error] :1:1: Premature end of file.
2026-07-09 00:56:45,127 [ERROR] LogOutputStream:75 - [STDERR_REDIRECT] 
2026-07-09 00:56:45,283 [ERROR] LogOutputStream:75 - [STDERR_REDIRECT] [Fatal Error] :1:1: Premature end of file.
2026-07-09 00:56:45,284 [ERROR] LogOutputStream:75 - [STDERR_REDIRECT] 
2026-07-09 00:56:45,500 [ERROR] LogOutputStream:75 - [STDERR_REDIRECT] [Fatal Error] :1:1: Premature end of file.
2026-07-09 00:56:45,500 [ERROR] LogOutputStream:75 - [STDERR_REDIRECT] 
2026-07-09 00:56:45,685 [ERROR] LogOutputStream:75 - [STDERR_REDIRECT] [Fatal Error] :1:1: Premature end of file.
2026-07-09 00:56:45,685 [ERROR] LogOutputStream:75 - [STDERR_REDIRECT] 
2026-07-09 00:56:45,747 [ERROR] LogOutputStream:75 - [STDERR_REDIRECT] [Fatal Error] :1:1: Premature end of file.
2026-07-09 00:56:45,748 [ERROR] LogOutputStream:75 - [STDERR_REDIRECT] 
2026-07-09 00:56:45,906 [ERROR] LogOutputStream:75 - [STDERR_REDIRECT] [Fatal Error] :1:1: Premature end of file.
2026-07-09 00:56:45,906 [ERROR] LogOutputStream:75 - [STDERR_REDIRECT] 
2026-07-09 00:56:46,048 [ERROR] LogOutputStream:75 - [STDERR_REDIRECT] [Fatal Error] :1:1: Premature end of file.
2026-07-09 00:56:46,048 [ERROR] LogOutputStream:75 - [STDERR_REDIRECT] 
2026-07-09 00:56:46,203 [ERROR] LogOutputStream:75 - [STDERR_REDIRECT] [Fatal Error] :1:1: Premature end of file.
2026-07-09 00:56:46,206 [ERROR] LogOutputStream:75 - [STDERR_REDIRECT] 
2026-07-09 00:56:46,382 [ERROR] LogOutputStream:75 - [STDERR_REDIRECT] [Fatal Error] :1:1: Premature end of file.
2026-07-09 00:56:46,383 [ERROR] LogOutputStream:75 - [STDERR_REDIRECT] 
2026-07-09 00:56:46,631 [ERROR] LogOutputStream:75 - [STDERR_REDIRECT] [Fatal Error] :1:1: Premature end of file.
2026-07-09 00:56:46,631 [ERROR] LogOutputStream:75 - [STDERR_REDIRECT] 
2026-07-09 00:56:46,760 [ERROR] LogOutputStream:75 - [STDERR_REDIRECT] [Fatal Error] :1:1: Premature end of file.
2026-07-09 00:56:46,761 [ERROR] LogOutputStream:75 - [STDERR_REDIRECT] 
2026-07-09 00:56:46,903 [ERROR] LogOutputStream:75 - [STDERR_REDIRECT] [Fatal Error] :1:1: Premature end of file.
2026-07-09 00:56:46,904 [ERROR] LogOutputStream:75 - [STDERR_REDIRECT] 
2026-07-09 00:56:46,972 [ERROR] LogOutputStream:75 - [STDERR_REDIRECT] [Fatal Error] :1:1: Premature end of file.
2026-07-09 00:56:46,972 [ERROR] LogOutputStream:75 - [STDERR_REDIRECT] 
2026-07-09 00:56:47,041 [ERROR] LogOutputStream:75 - [STDERR_REDIRECT] [Fatal Error] :1:1: Premature end of file.
2026-07-09 00:56:47,041 [ERROR] LogOutputStream:75 - [STDERR_REDIRECT] 
2026-07-09 00:56:47,106 [ERROR] LogOutputStream:75 - [STDERR_REDIRECT] [Fatal Error] :1:1: Premature end of file.
2026-07-09 00:56:47,106 [ERROR] LogOutputStream:75 - [STDERR_REDIRECT] 
2026-07-09 00:56:47,165 [ERROR] LogOutputStream:75 - [STDERR_REDIRECT] [Fatal Error] :1:1: Premature end of file.
2026-07-09 00:56:47,165 [ERROR] LogOutputStream:75 - [STDERR_REDIRECT] 
2026-07-09 00:56:47,246 [ERROR] LogOutputStream:75 - [STDERR_REDIRECT] [Fatal Error] :1:1: Premature end of file.
2026-07-09 00:56:47,247 [ERROR] LogOutputStream:75 - [STDERR_REDIRECT] 
2026-07-09 00:56:47,322 [ERROR] LogOutputStream:75 - [STDERR_REDIRECT] [Fatal Error] :1:1: Premature end of file.
2026-07-09 00:56:47,322 [ERROR] LogOutputStream:75 - [STDERR_REDIRECT] 
2026-07-09 00:56:47,400 [ERROR] LogOutputStream:75 - [STDERR_REDIRECT] [Fatal Error] :1:1: Premature end of file.
2026-07-09 00:56:47,400 [ERROR] LogOutputStream:75 - [STDERR_REDIRECT] 
2026-07-09 00:56:47,457 [ERROR] LogOutputStream:75 - [STDERR_REDIRECT] [Fatal Error] :1:1: Premature end of file.
2026-07-09 00:56:47,460 [ERROR] LogOutputStream:75 - [STDERR_REDIRECT] 
2026-07-09 00:56:47,519 [ERROR] LogOutputStream:75 - [STDERR_REDIRECT] [Fatal Error] :1:1: Premature end of file.
2026-07-09 00:56:47,520 [ERROR] LogOutputStream:75 - [STDERR_REDIRECT] 
2026-07-09 00:56:47,596 [ERROR] LogOutputStream:75 - [STDERR_REDIRECT] [Fatal Error] :1:1: Premature end of file.
2026-07-09 00:56:47,597 [ERROR] LogOutputStream:75 - [STDERR_REDIRECT] 
2026-07-09 00:56:47,680 [ERROR] LogOutputStream:75 - [STDERR_REDIRECT] [Fatal Error] :1:1: Premature end of file.
2026-07-09 00:56:47,680 [ERROR] LogOutputStream:75 - [STDERR_REDIRECT] 
2026-07-09 00:56:47,754 [ERROR] LogOutputStream:75 - [STDERR_REDIRECT] [Fatal Error] :1:1: Premature end of file.
2026-07-09 00:56:47,754 [ERROR] LogOutputStream:75 - [STDERR_REDIRECT] 
2026-07-09 00:56:47,829 [ERROR] LogOutputStream:75 - [STDERR_REDIRECT] [Fatal Error] :1:1: Premature end of file.
2026-07-09 00:56:47,829 [ERROR] LogOutputStream:75 - [STDERR_REDIRECT] 
2026-07-09 00:56:47,932 [ERROR] LogOutputStream:75 - [STDERR_REDIRECT] [Fatal Error] :1:1: Premature end of file.
2026-07-09 00:56:47,933 [ERROR] LogOutputStream:75 - [STDERR_REDIRECT] 
2026-07-09 00:56:48,003 [ERROR] LogOutputStream:75 - [STDERR_REDIRECT] [Fatal Error] :1:1: Premature end of file.
2026-07-09 00:56:48,004 [ERROR] LogOutputStream:75 - [STDERR_REDIRECT] 
2026-07-09 00:56:48,078 [ERROR] LogOutputStream:75 - [STDERR_REDIRECT] [Fatal Error] :1:1: Premature end of file.
2026-07-09 00:56:48,078 [ERROR] LogOutputStream:75 - [STDERR_REDIRECT] 
2026-07-09 00:56:48,148 [ERROR] LogOutputStream:75 - [STDERR_REDIRECT] [Fatal Error] :1:1: Premature end of file.
2026-07-09 00:56:48,149 [ERROR] LogOutputStream:75 - [STDERR_REDIRECT] 
2026-07-09 00:56:48,223 [ERROR] LogOutputStream:75 - [STDERR_REDIRECT] [Fatal Error] :1:1: Premature end of file.
2026-07-09 00:56:48,224 [ERROR] LogOutputStream:75 - [STDERR_REDIRECT] 
2026-07-09 00:56:48,294 [ERROR] LogOutputStream:75 - [STDERR_REDIRECT] [Fatal Error] :1:1: Premature end of file.
2026-07-09 00:56:48,295 [ERROR] LogOutputStream:75 - [STDERR_REDIRECT] 
2026-07-09 00:56:48,385 [ERROR] LogOutputStream:75 - [STDERR_REDIRECT] [Fatal Error] :1:1: Premature end of file.
2026-07-09 00:56:48,385 [ERROR] LogOutputStream:75 - [STDERR_REDIRECT] 
2026-07-09 00:56:48,449 [ERROR] LogOutputStream:75 - [STDERR_REDIRECT] [Fatal Error] :1:1: Premature end of file.
2026-07-09 00:56:48,449 [ERROR] LogOutputStream:75 - [STDERR_REDIRECT] 
2026-07-09 00:56:48,511 [ERROR] LogOutputStream:75 - [STDERR_REDIRECT] [Fatal Error] :1:1: Premature end of file.
2026-07-09 00:56:48,512 [ERROR] LogOutputStream:75 - [STDERR_REDIRECT] 
2026-07-09 00:56:48,572 [ERROR] LogOutputStream:75 - [STDERR_REDIRECT] [Fatal Error] :1:1: Premature end of file.
2026-07-09 00:56:48,572 [ERROR] LogOutputStream:75 - [STDERR_REDIRECT] 
2026-07-09 00:56:48,632 [ERROR] LogOutputStream:75 - [STDERR_REDIRECT] [Fatal Error] :1:1: Premature end of file.
2026-07-09 00:56:48,633 [ERROR] LogOutputStream:75 - [STDERR_REDIRECT] 
2026-07-09 00:56:48,687 [ERROR] LogOutputStream:75 - [STDERR_REDIRECT] [Fatal Error] :1:1: Premature end of file.
2026-07-09 00:56:48,687 [ERROR] LogOutputStream:75 - [STDERR_REDIRECT] 
2026-07-09 00:56:48,745 [ERROR] LogOutputStream:75 - [STDERR_REDIRECT] [Fatal Error] :1:1: Premature end of file.
2026-07-09 00:56:48,745 [ERROR] LogOutputStream:75 - [STDERR_REDIRECT] 
2026-07-09 00:56:48,800 [ERROR] LogOutputStream:75 - [STDERR_REDIRECT] [Fatal Error] :1:1: Premature end of file.
2026-07-09 00:56:48,800 [ERROR] LogOutputStream:75 - [STDERR_REDIRECT] 
2026-07-09 00:56:48,859 [ERROR] LogOutputStream:75 - [STDERR_REDIRECT] [Fatal Error] :1:1: Premature end of file.
2026-07-09 00:56:48,859 [ERROR] LogOutputStream:75 - [STDERR_REDIRECT] 
2026-07-09 00:56:48,913 [ERROR] LogOutputStream:75 - [STDERR_REDIRECT] [Fatal Error] :1:1: Premature end of file.
2026-07-09 00:56:48,913 [ERROR] LogOutputStream:75 - [STDERR_REDIRECT] 
2026-07-09 00:56:48,969 [ERROR] LogOutputStream:75 - [STDERR_REDIRECT] [Fatal Error] :1:1: Premature end of file.
2026-07-09 00:56:48,969 [ERROR] LogOutputStream:75 - [STDERR_REDIRECT] 
2026-07-09 00:56:49,023 [ERROR] LogOutputStream:75 - [STDERR_REDIRECT] [Fatal Error] :1:1: Premature end of file.
2026-07-09 00:56:49,023 [ERROR] LogOutputStream:75 - [STDERR_REDIRECT] 
2026-07-09 00:56:49,082 [ERROR] LogOutputStream:75 - [STDERR_REDIRECT] [Fatal Error] :1:1: Premature end of file.
2026-07-09 00:56:49,082 [ERROR] LogOutputStream:75 - [STDERR_REDIRECT] 
2026-07-09 00:56:49,129 [ERROR] LogOutputStream:75 - [STDERR_REDIRECT] [Fatal Error] :1:1: Premature end of file.
2026-07-09 00:56:49,130 [ERROR] LogOutputStream:75 - [STDERR_REDIRECT] 
2026-07-09 00:56:49,204 [ERROR] LogOutputStream:75 - [STDERR_REDIRECT] [Fatal Error] :1:1: Premature end of file.
2026-07-09 00:56:49,207 [ERROR] LogOutputStream:75 - [STDERR_REDIRECT] 
2026-07-09 00:56:49,404 [ERROR] LogOutputStream:75 - [STDERR_REDIRECT] [Fatal Error] :1:1: Premature end of file.
2026-07-09 00:56:49,404 [ERROR] LogOutputStream:75 - [STDERR_REDIRECT] 
2026-07-09 00:56:49,515 [ERROR] LogOutputStream:75 - [STDERR_REDIRECT] [Fatal Error] :1:1: Premature end of file.
2026-07-09 00:56:49,516 [ERROR] LogOutputStream:75 - [STDERR_REDIRECT] 
2026-07-09 00:56:49,694 [ERROR] LogOutputStream:75 - [STDERR_REDIRECT] [Fatal Error] :1:1: Premature end of file.
2026-07-09 00:56:49,695 [ERROR] LogOutputStream:75 - [STDERR_REDIRECT] 
2026-07-09 00:56:49,847 [ERROR] LogOutputStream:75 - [STDERR_REDIRECT] [Fatal Error] :1:1: Premature end of file.
2026-07-09 00:56:49,847 [ERROR] LogOutputStream:75 - [STDERR_REDIRECT] 
2026-07-09 00:56:50,077 [ERROR] LogOutputStream:75 - [STDERR_REDIRECT] [Fatal Error] :1:1: Premature end of file.
2026-07-09 00:56:50,078 [ERROR] LogOutputStream:75 - [STDERR_REDIRECT] 
2026-07-09 00:56:50,192 [ERROR] LogOutputStream:75 - [STDERR_REDIRECT] [Fatal Error] :1:1: Premature end of file.
2026-07-09 00:56:50,194 [ERROR] LogOutputStream:75 - [STDERR_REDIRECT] 
2026-07-09 00:56:50,299 [ERROR] LogOutputStream:75 - [STDERR_REDIRECT] [Fatal Error] :1:1: Premature end of file.
2026-07-09 00:56:50,300 [ERROR] LogOutputStream:75 - [STDERR_REDIRECT] 
2026-07-09 00:56:50,365 [ERROR] LogOutputStream:75 - [STDERR_REDIRECT] [Fatal Error] :1:1: Premature end of file.
2026-07-09 00:56:50,365 [ERROR] LogOutputStream:75 - [STDERR_REDIRECT] 
2026-07-09 00:56:51,027 [ERROR] LogOutputStream:75 - [STDERR_REDIRECT] [Fatal Error] :1:1: Premature end of file.
2026-07-09 00:56:51,028 [ERROR] LogOutputStream:75 - [STDERR_REDIRECT] 
2026-07-09 00:56:52,091 [ERROR] LogOutputStream:75 - [STDERR_REDIRECT] [Fatal Error] :1:1: Premature end of file.
2026-07-09 00:56:52,093 [ERROR] LogOutputStream:75 - [STDERR_REDIRECT] 
2026-07-09 00:56:53,017 [ERROR] LogOutputStream:75 - [STDERR_REDIRECT] [Fatal Error] :1:1: Premature end of file.
2026-07-09 00:56:53,017 [ERROR] LogOutputStream:75 - [STDERR_REDIRECT] 
2026-07-09 00:56:54,010 [ERROR] LogOutputStream:75 - [STDERR_REDIRECT] [Fatal Error] :1:1: Premature end of file.
2026-07-09 00:56:54,011 [ERROR] LogOutputStream:75 - [STDERR_REDIRECT] 
2026-07-09 00:56:55,021 [ERROR] LogOutputStream:75 - [STDERR_REDIRECT] [Fatal Error] :1:1: Premature end of file.
2026-07-09 00:56:55,021 [ERROR] LogOutputStream:75 - [STDERR_REDIRECT] 
2026-07-09 00:56:56,116 [ERROR] LogOutputStream:75 - [STDERR_REDIRECT] [Fatal Error] :1:1: Premature end of file.
2026-07-09 00:56:56,116 [ERROR] LogOutputStream:75 - [STDERR_REDIRECT] 
2026-07-09 00:56:57,015 [ERROR] LogOutputStream:75 - [STDERR_REDIRECT] [Fatal Error] :1:1: Premature end of file.
2026-07-09 00:56:57,015 [ERROR] LogOutputStream:75 - [STDERR_REDIRECT] 
2026-07-09 00:56:58,013 [ERROR] LogOutputStream:75 - [STDERR_REDIRECT] [Fatal Error] :1:1: Premature end of file.
2026-07-09 00:56:58,013 [ERROR] LogOutputStream:75 - [STDERR_REDIRECT] 
2026-07-09 00:56:59,401 [ERROR] LogOutputStream:75 - [STDERR_REDIRECT] [Fatal Error] :1:1: Premature end of file.
2026-07-09 00:56:59,402 [ERROR] LogOutputStream:75 - [STDERR_REDIRECT] 
2026-07-09 00:57:00,025 [ERROR] LogOutputStream:75 - [STDERR_REDIRECT] [Fatal Error] :1:1: Premature end of file.
2026-07-09 00:57:00,025 [ERROR] LogOutputStream:75 - [STDERR_REDIRECT] 
2026-07-09 00:57:01,021 [ERROR] LogOutputStream:75 - [STDERR_REDIRECT] [Fatal Error] :1:1: Premature end of file.
2026-07-09 00:57:01,021 [ERROR] LogOutputStream:75 - [STDERR_REDIRECT] 
2026-07-09 00:57:02,012 [ERROR] LogOutputStream:75 - [STDERR_REDIRECT] [Fatal Error] :1:1: Premature end of file.
2026-07-09 00:57:02,012 [ERROR] LogOutputStream:75 - [STDERR_REDIRECT] 
2026-07-09 00:57:03,019 [ERROR] LogOutputStream:75 - [STDERR_REDIRECT] [Fatal Error] :1:1: Premature end of file.
2026-07-09 00:57:03,019 [ERROR] LogOutputStream:75 - [STDERR_REDIRECT] 
2026-07-09 01:03:20,245 [ERROR] LogOutputStream:75 - [STDERR_REDIRECT] [Fatal Error] :1:1: Premature end of file.
2026-07-09 01:03:20,246 [ERROR] LogOutputStream:75 - [STDERR_REDIRECT] 
2026-07-09 01:03:20,439 [ERROR] LogOutputStream:75 - [STDERR_REDIRECT] [Fatal Error] :1:1: Premature end of file.
2026-07-09 01:03:20,439 [ERROR] LogOutputStream:75 - [STDERR_REDIRECT] 
2026-07-09 01:03:20,722 [ERROR] LogOutputStream:75 - [STDERR_REDIRECT] [Fatal Error] :1:1: Premature end of file.
2026-07-09 01:03:20,723 [ERROR] LogOutputStream:75 - [STDERR_REDIRECT] 
2026-07-09 01:03:20,964 [ERROR] LogOutputStream:75 - [STDERR_REDIRECT] [Fatal Error] :1:1: Premature end of file.
2026-07-09 01:03:20,964 [ERROR] LogOutputStream:75 - [STDERR_REDIRECT] 
2026-07-09 01:03:21,428 [INFO] WebApp:194 - Connection lost
2026-07-09 01:03:21,527 [ERROR] LogOutputStream:75 - [STDERR_REDIRECT] [Fatal Error] :1:1: Premature end of file.
2026-07-09 01:03:21,527 [ERROR] LogOutputStream:75 - [STDERR_REDIRECT] 
2026-07-09 01:03:21,840 [ERROR] LogOutputStream:75 - [STDERR_REDIRECT] [Fatal Error] :1:1: Premature end of file.
2026-07-09 01:03:21,840 [ERROR] LogOutputStream:75 - [STDERR_REDIRECT] 
2026-07-09 01:03:22,235 [ERROR] LogOutputStream:75 - [STDERR_REDIRECT] [Fatal Error] :1:1: Premature end of file.
2026-07-09 01:03:22,235 [ERROR] LogOutputStream:75 - [STDERR_REDIRECT] 
2026-07-09 01:03:22,319 [INFO] WebApp:191 - Connection restablished
2026-07-09 01:03:22,633 [ERROR] LogOutputStream:75 - [STDERR_REDIRECT] [Fatal Error] :1:1: Premature end of file.
2026-07-09 01:03:22,634 [ERROR] LogOutputStream:75 - [STDERR_REDIRECT] 
2026-07-09 01:03:23,112 [ERROR] LogOutputStream:75 - [STDERR_REDIRECT] [Fatal Error] :1:1: Premature end of file.
2026-07-09 01:03:23,114 [ERROR] LogOutputStream:75 - [STDERR_REDIRECT] 
2026-07-09 01:03:24,018 [ERROR] LogOutputStream:75 - [STDERR_REDIRECT] [Fatal Error] :1:1: Premature end of file.
2026-07-09 01:03:24,019 [ERROR] LogOutputStream:75 - [STDERR_REDIRECT] 
2026-07-09 01:03:24,303 [ERROR] LogOutputStream:75 - [STDERR_REDIRECT] [Fatal Error] :1:1: Premature end of file.
2026-07-09 01:03:24,303 [ERROR] LogOutputStream:75 - [STDERR_REDIRECT] 
2026-07-09 01:03:24,483 [ERROR] LogOutputStream:75 - [STDERR_REDIRECT] [Fatal Error] :1:1: Premature end of file.
2026-07-09 01:03:24,483 [ERROR] LogOutputStream:75 - [STDERR_REDIRECT] 
2026-07-09 01:03:24,735 [ERROR] LogOutputStream:75 - [STDERR_REDIRECT] [Fatal Error] :1:1: Premature end of file.
2026-07-09 01:03:24,736 [ERROR] LogOutputStream:75 - [STDERR_REDIRECT] 
2026-07-09 01:03:24,972 [ERROR] LogOutputStream:75 - [STDERR_REDIRECT] [Fatal Error] :1:1: Premature end of file.
2026-07-09 01:03:24,972 [ERROR] LogOutputStream:75 - [STDERR_REDIRECT] 
2026-07-09 01:03:25,128 [ERROR] LogOutputStream:75 - [STDERR_REDIRECT] [Fatal Error] :1:1: Premature end of file.
2026-07-09 01:03:25,131 [ERROR] LogOutputStream:75 - [STDERR_REDIRECT] 
2026-07-09 01:03:25,233 [ERROR] LogOutputStream:75 - [STDERR_REDIRECT] [Fatal Error] :1:1: Premature end of file.
2026-07-09 01:03:25,233 [ERROR] LogOutputStream:75 - [STDERR_REDIRECT] 
2026-07-09 01:03:25,339 [ERROR] LogOutputStream:75 - [STDERR_REDIRECT] [Fatal Error] :1:1: Premature end of file.
2026-07-09 01:03:25,339 [ERROR] LogOutputStream:75 - [STDERR_REDIRECT] 
2026-07-09 01:03:25,471 [ERROR] LogOutputStream:75 - [STDERR_REDIRECT] [Fatal Error] :1:1: Premature end of file.
2026-07-09 01:03:25,471 [ERROR] LogOutputStream:75 - [STDERR_REDIRECT] 
2026-07-09 01:03:25,622 [ERROR] LogOutputStream:75 - [STDERR_REDIRECT] [Fatal Error] :1:1: Premature end of file.
2026-07-09 01:03:25,623 [ERROR] LogOutputStream:75 - [STDERR_REDIRECT] 
2026-07-09 01:03:25,826 [ERROR] LogOutputStream:75 - [STDERR_REDIRECT] [Fatal Error] :1:1: Premature end of file.
2026-07-09 01:03:25,827 [ERROR] LogOutputStream:75 - [STDERR_REDIRECT] 
2026-07-09 01:03:26,023 [ERROR] LogOutputStream:75 - [STDERR_REDIRECT] [Fatal Error] :1:1: Premature end of file.
2026-07-09 01:03:26,024 [ERROR] LogOutputStream:75 - [STDERR_REDIRECT] 
2026-07-09 01:03:26,324 [ERROR] LogOutputStream:75 - [STDERR_REDIRECT] [Fatal Error] :1:1: Premature end of file.
2026-07-09 01:03:26,324 [ERROR] LogOutputStream:75 - [STDERR_REDIRECT] 
2026-07-09 01:03:26,494 [ERROR] LogOutputStream:75 - [STDERR_REDIRECT] [Fatal Error] :1:1: Premature end of file.
2026-07-09 01:03:26,498 [ERROR] LogOutputStream:75 - [STDERR_REDIRECT] 
2026-07-09 01:03:26,636 [ERROR] LogOutputStream:75 - [STDERR_REDIRECT] [Fatal Error] :1:1: Premature end of file.
2026-07-09 01:03:26,653 [ERROR] LogOutputStream:75 - [STDERR_REDIRECT] 
2026-07-09 01:03:26,786 [ERROR] LogOutputStream:75 - [STDERR_REDIRECT] [Fatal Error] :1:1: Premature end of file.
2026-07-09 01:03:26,786 [ERROR] LogOutputStream:75 - [STDERR_REDIRECT] 
2026-07-09 01:03:26,881 [ERROR] LogOutputStream:75 - [STDERR_REDIRECT] [Fatal Error] :1:1: Premature end of file.
2026-07-09 01:03:26,881 [ERROR] LogOutputStream:75 - [STDERR_REDIRECT] 
2026-07-09 01:03:26,983 [ERROR] LogOutputStream:75 - [STDERR_REDIRECT] [Fatal Error] :1:1: Premature end of file.
2026-07-09 01:03:26,984 [ERROR] LogOutputStream:75 - [STDERR_REDIRECT] 
2026-07-09 01:03:27,085 [ERROR] LogOutputStream:75 - [STDERR_REDIRECT] [Fatal Error] :1:1: Premature end of file.
2026-07-09 01:03:27,086 [ERROR] LogOutputStream:75 - [STDERR_REDIRECT] 
2026-07-09 01:03:27,191 [ERROR] LogOutputStream:75 - [STDERR_REDIRECT] [Fatal Error] :1:1: Premature end of file.
2026-07-09 01:03:27,191 [ERROR] LogOutputStream:75 - [STDERR_REDIRECT] 
2026-07-09 01:03:27,342 [ERROR] LogOutputStream:75 - [STDERR_REDIRECT] [Fatal Error] :1:1: Premature end of file.
2026-07-09 01:03:27,342 [ERROR] LogOutputStream:75 - [STDERR_REDIRECT] 
2026-07-09 01:03:27,473 [ERROR] LogOutputStream:75 - [STDERR_REDIRECT] [Fatal Error] :1:1: Premature end of file.
2026-07-09 01:03:27,473 [ERROR] LogOutputStream:75 - [STDERR_REDIRECT] 
2026-07-09 01:03:27,556 [ERROR] LogOutputStream:75 - [STDERR_REDIRECT] [Fatal Error] :1:1: Premature end of file.
2026-07-09 01:03:27,557 [ERROR] LogOutputStream:75 - [STDERR_REDIRECT] 
2026-07-09 01:03:27,701 [ERROR] LogOutputStream:75 - [STDERR_REDIRECT] [Fatal Error] :1:1: Premature end of file.
2026-07-09 01:03:27,702 [ERROR] LogOutputStream:75 - [STDERR_REDIRECT] 
2026-07-09 01:03:27,798 [ERROR] LogOutputStream:75 - [STDERR_REDIRECT] [Fatal Error] :1:1: Premature end of file.
2026-07-09 01:03:27,798 [ERROR] LogOutputStream:75 - [STDERR_REDIRECT] 
2026-07-09 01:03:27,886 [ERROR] LogOutputStream:75 - [STDERR_REDIRECT] [Fatal Error] :1:1: Premature end of file.
2026-07-09 01:03:27,886 [ERROR] LogOutputStream:75 - [STDERR_REDIRECT] 
2026-07-09 01:03:27,966 [ERROR] LogOutputStream:75 - [STDERR_REDIRECT] [Fatal Error] :1:1: Premature end of file.
2026-07-09 01:03:27,966 [ERROR] LogOutputStream:75 - [STDERR_REDIRECT] 
2026-07-09 01:03:28,059 [ERROR] LogOutputStream:75 - [STDERR_REDIRECT] [Fatal Error] :1:1: Premature end of file.
2026-07-09 01:03:28,059 [ERROR] LogOutputStream:75 - [STDERR_REDIRECT] 
2026-07-09 01:03:28,134 [ERROR] LogOutputStream:75 - [STDERR_REDIRECT] [Fatal Error] :1:1: Premature end of file.
2026-07-09 01:03:28,134 [ERROR] LogOutputStream:75 - [STDERR_REDIRECT] 
2026-07-09 01:03:28,199 [ERROR] LogOutputStream:75 - [STDERR_REDIRECT] [Fatal Error] :1:1: Premature end of file.
2026-07-09 01:03:28,199 [ERROR] LogOutputStream:75 - [STDERR_REDIRECT] 
2026-07-09 01:03:28,259 [ERROR] LogOutputStream:75 - [STDERR_REDIRECT] [Fatal Error] :1:1: Premature end of file.
2026-07-09 01:03:28,260 [ERROR] LogOutputStream:75 - [STDERR_REDIRECT] 
2026-07-09 01:03:28,322 [ERROR] LogOutputStream:75 - [STDERR_REDIRECT] [Fatal Error] :1:1: Premature end of file.
2026-07-09 01:03:28,322 [ERROR] LogOutputStream:75 - [STDERR_REDIRECT] 
2026-07-09 01:03:28,404 [ERROR] LogOutputStream:75 - [STDERR_REDIRECT] [Fatal Error] :1:1: Premature end of file.
2026-07-09 01:03:28,404 [ERROR] LogOutputStream:75 - [STDERR_REDIRECT] 
2026-07-09 01:03:28,479 [ERROR] LogOutputStream:75 - [STDERR_REDIRECT] [Fatal Error] :1:1: Premature end of file.
2026-07-09 01:03:28,480 [ERROR] LogOutputStream:75 - [STDERR_REDIRECT] 
2026-07-09 01:03:28,543 [ERROR] LogOutputStream:75 - [STDERR_REDIRECT] [Fatal Error] :1:1: Premature end of file.
2026-07-09 01:03:28,547 [ERROR] LogOutputStream:75 - [STDERR_REDIRECT] 
2026-07-09 01:03:28,657 [ERROR] LogOutputStream:75 - [STDERR_REDIRECT] [Fatal Error] :1:1: Premature end of file.
2026-07-09 01:03:28,657 [ERROR] LogOutputStream:75 - [STDERR_REDIRECT] 
2026-07-09 01:03:28,748 [ERROR] LogOutputStream:75 - [STDERR_REDIRECT] [Fatal Error] :1:1: Premature end of file.
2026-07-09 01:03:28,748 [ERROR] LogOutputStream:75 - [STDERR_REDIRECT] 
2026-07-09 01:03:28,826 [ERROR] LogOutputStream:75 - [STDERR_REDIRECT] [Fatal Error] :1:1: Premature end of file.
2026-07-09 01:03:28,827 [ERROR] LogOutputStream:75 - [STDERR_REDIRECT] 
2026-07-09 01:03:28,902 [ERROR] LogOutputStream:75 - [STDERR_REDIRECT] [Fatal Error] :1:1: Premature end of file.
2026-07-09 01:03:28,902 [ERROR] LogOutputStream:75 - [STDERR_REDIRECT] 
2026-07-09 01:03:28,965 [ERROR] LogOutputStream:75 - [STDERR_REDIRECT] [Fatal Error] :1:1: Premature end of file.
2026-07-09 01:03:28,965 [ERROR] LogOutputStream:75 - [STDERR_REDIRECT] 
2026-07-09 01:03:29,039 [ERROR] LogOutputStream:75 - [STDERR_REDIRECT] [Fatal Error] :1:1: Premature end of file.
2026-07-09 01:03:29,040 [ERROR] LogOutputStream:75 - [STDERR_REDIRECT] 
2026-07-09 01:03:29,113 [ERROR] LogOutputStream:75 - [STDERR_REDIRECT] [Fatal Error] :1:1: Premature end of file.
2026-07-09 01:03:29,113 [ERROR] LogOutputStream:75 - [STDERR_REDIRECT] 
2026-07-09 01:03:29,187 [ERROR] LogOutputStream:75 - [STDERR_REDIRECT] [Fatal Error] :1:1: Premature end of file.
2026-07-09 01:03:29,188 [ERROR] LogOutputStream:75 - [STDERR_REDIRECT] 
2026-07-09 01:03:29,248 [ERROR] LogOutputStream:75 - [STDERR_REDIRECT] [Fatal Error] :1:1: Premature end of file.
2026-07-09 01:03:29,249 [ERROR] LogOutputStream:75 - [STDERR_REDIRECT] 
2026-07-09 01:03:29,326 [ERROR] LogOutputStream:75 - [STDERR_REDIRECT] [Fatal Error] :1:1: Premature end of file.
2026-07-09 01:03:29,326 [ERROR] LogOutputStream:75 - [STDERR_REDIRECT] 
2026-07-09 01:03:29,451 [ERROR] LogOutputStream:75 - [STDERR_REDIRECT] [Fatal Error] :1:1: Premature end of file.
2026-07-09 01:03:29,451 [ERROR] LogOutputStream:75 - [STDERR_REDIRECT] 
2026-07-09 01:03:29,653 [ERROR] LogOutputStream:75 - [STDERR_REDIRECT] [Fatal Error] :1:1: Premature end of file.
2026-07-09 01:03:29,654 [ERROR] LogOutputStream:75 - [STDERR_REDIRECT] 
2026-07-09 01:03:29,752 [ERROR] LogOutputStream:75 - [STDERR_REDIRECT] [Fatal Error] :1:1: Premature end of file.
2026-07-09 01:03:29,752 [ERROR] LogOutputStream:75 - [STDERR_REDIRECT] 
2026-07-09 01:03:29,884 [ERROR] LogOutputStream:75 - [STDERR_REDIRECT] [Fatal Error] :1:1: Premature end of file.
2026-07-09 01:03:29,884 [ERROR] LogOutputStream:75 - [STDERR_REDIRECT] 
2026-07-09 01:03:29,964 [ERROR] LogOutputStream:75 - [STDERR_REDIRECT] [Fatal Error] :1:1: Premature end of file.
2026-07-09 01:03:29,964 [ERROR] LogOutputStream:75 - [STDERR_REDIRECT] 
2026-07-09 01:03:30,033 [ERROR] LogOutputStream:75 - [STDERR_REDIRECT] [Fatal Error] :1:1: Premature end of file.
2026-07-09 01:03:30,033 [ERROR] LogOutputStream:75 - [STDERR_REDIRECT] 
2026-07-09 01:03:30,191 [ERROR] LogOutputStream:75 - [STDERR_REDIRECT] [Fatal Error] :1:1: Premature end of file.
2026-07-09 01:03:30,191 [ERROR] LogOutputStream:75 - [STDERR_REDIRECT] 
2026-07-09 01:03:30,287 [ERROR] LogOutputStream:75 - [STDERR_REDIRECT] [Fatal Error] :1:1: Premature end of file.
2026-07-09 01:03:30,288 [ERROR] LogOutputStream:75 - [STDERR_REDIRECT] 
2026-07-09 01:03:30,372 [ERROR] LogOutputStream:75 - [STDERR_REDIRECT] [Fatal Error] :1:1: Premature end of file.
2026-07-09 01:03:30,372 [ERROR] LogOutputStream:75 - [STDERR_REDIRECT] 
2026-07-09 01:03:30,540 [ERROR] LogOutputStream:75 - [STDERR_REDIRECT] [Fatal Error] :1:1: Premature end of file.
2026-07-09 01:03:30,540 [ERROR] LogOutputStream:75 - [STDERR_REDIRECT] 
2026-07-09 01:03:30,725 [ERROR] LogOutputStream:75 - [STDERR_REDIRECT] [Fatal Error] :1:1: Premature end of file.
2026-07-09 01:03:30,725 [ERROR] LogOutputStream:75 - [STDERR_REDIRECT] 
2026-07-09 01:03:30,808 [ERROR] LogOutputStream:75 - [STDERR_REDIRECT] [Fatal Error] :1:1: Premature end of file.
2026-07-09 01:03:30,808 [ERROR] LogOutputStream:75 - [STDERR_REDIRECT] 
2026-07-09 01:03:30,923 [ERROR] LogOutputStream:75 - [STDERR_REDIRECT] [Fatal Error] :1:1: Premature end of file.
2026-07-09 01:03:30,923 [ERROR] LogOutputStream:75 - [STDERR_REDIRECT] 
2026-07-09 01:03:31,002 [ERROR] LogOutputStream:75 - [STDERR_REDIRECT] [Fatal Error] :1:1: Premature end of file.
2026-07-09 01:03:31,003 [ERROR] LogOutputStream:75 - [STDERR_REDIRECT] 
2026-07-09 01:03:31,070 [ERROR] LogOutputStream:75 - [STDERR_REDIRECT] [Fatal Error] :1:1: Premature end of file.
2026-07-09 01:03:31,071 [ERROR] LogOutputStream:75 - [STDERR_REDIRECT] 
2026-07-09 01:03:31,149 [ERROR] LogOutputStream:75 - [STDERR_REDIRECT] [Fatal Error] :1:1: Premature end of file.
2026-07-09 01:03:31,150 [ERROR] LogOutputStream:75 - [STDERR_REDIRECT] 
2026-07-09 01:03:31,222 [ERROR] LogOutputStream:75 - [STDERR_REDIRECT] [Fatal Error] :1:1: Premature end of file.
2026-07-09 01:03:31,223 [ERROR] LogOutputStream:75 - [STDERR_REDIRECT] 
2026-07-09 01:03:31,288 [ERROR] LogOutputStream:75 - [STDERR_REDIRECT] [Fatal Error] :1:1: Premature end of file.
2026-07-09 01:03:31,288 [ERROR] LogOutputStream:75 - [STDERR_REDIRECT] 
2026-07-09 01:03:31,343 [ERROR] LogOutputStream:75 - [STDERR_REDIRECT] [Fatal Error] :1:1: Premature end of file.
2026-07-09 01:03:31,346 [ERROR] LogOutputStream:75 - [STDERR_REDIRECT] 
2026-07-09 01:03:31,437 [ERROR] LogOutputStream:75 - [STDERR_REDIRECT] [Fatal Error] :1:1: Premature end of file.
2026-07-09 01:03:31,437 [ERROR] LogOutputStream:75 - [STDERR_REDIRECT] 
2026-07-09 01:03:31,491 [ERROR] LogOutputStream:75 - [STDERR_REDIRECT] [Fatal Error] :1:1: Premature end of file.
2026-07-09 01:03:31,491 [ERROR] LogOutputStream:75 - [STDERR_REDIRECT] 
2026-07-09 01:03:31,562 [ERROR] LogOutputStream:75 - [STDERR_REDIRECT] [Fatal Error] :1:1: Premature end of file.
2026-07-09 01:03:31,562 [ERROR] LogOutputStream:75 - [STDERR_REDIRECT] 
2026-07-09 01:03:31,627 [ERROR] LogOutputStream:75 - [STDERR_REDIRECT] [Fatal Error] :1:1: Premature end of file.
2026-07-09 01:03:31,629 [ERROR] LogOutputStream:75 - [STDERR_REDIRECT] 
2026-07-09 01:03:31,708 [ERROR] LogOutputStream:75 - [STDERR_REDIRECT] [Fatal Error] :1:1: Premature end of file.
2026-07-09 01:03:31,709 [ERROR] LogOutputStream:75 - [STDERR_REDIRECT] 
2026-07-09 01:03:31,778 [ERROR] LogOutputStream:75 - [STDERR_REDIRECT] [Fatal Error] :1:1: Premature end of file.
2026-07-09 01:03:31,778 [ERROR] LogOutputStream:75 - [STDERR_REDIRECT] 
2026-07-09 01:03:31,863 [ERROR] LogOutputStream:75 - [STDERR_REDIRECT] [Fatal Error] :1:1: Premature end of file.
2026-07-09 01:03:31,863 [ERROR] LogOutputStream:75 - [STDERR_REDIRECT] 
2026-07-09 01:03:31,913 [ERROR] LogOutputStream:75 - [STDERR_REDIRECT] [Fatal Error] :1:1: Premature end of file.
2026-07-09 01:03:31,913 [ERROR] LogOutputStream:75 - [STDERR_REDIRECT] 
2026-07-09 01:03:31,966 [ERROR] LogOutputStream:75 - [STDERR_REDIRECT] [Fatal Error] :1:1: Premature end of file.
2026-07-09 01:03:31,966 [ERROR] LogOutputStream:75 - [STDERR_REDIRECT] 
2026-07-09 01:03:32,028 [ERROR] LogOutputStream:75 - [STDERR_REDIRECT] [Fatal Error] :1:1: Premature end of file.
2026-07-09 01:03:32,028 [ERROR] LogOutputStream:75 - [STDERR_REDIRECT] 
2026-07-09 01:03:32,117 [ERROR] LogOutputStream:75 - [STDERR_REDIRECT] [Fatal Error] :1:1: Premature end of file.
2026-07-09 01:03:32,117 [ERROR] LogOutputStream:75 - [STDERR_REDIRECT] 
2026-07-09 01:03:32,181 [ERROR] LogOutputStream:75 - [STDERR_REDIRECT] [Fatal Error] :1:1: Premature end of file.
2026-07-09 01:03:32,181 [ERROR] LogOutputStream:75 - [STDERR_REDIRECT] 
2026-07-09 01:03:32,236 [ERROR] LogOutputStream:75 - [STDERR_REDIRECT] [Fatal Error] :1:1: Premature end of file.
2026-07-09 01:03:32,237 [ERROR] LogOutputStream:75 - [STDERR_REDIRECT] 
2026-07-09 01:03:32,289 [ERROR] LogOutputStream:75 - [STDERR_REDIRECT] [Fatal Error] :1:1: Premature end of file.
2026-07-09 01:03:32,289 [ERROR] LogOutputStream:75 - [STDERR_REDIRECT] 
2026-07-09 01:03:32,354 [ERROR] LogOutputStream:75 - [STDERR_REDIRECT] [Fatal Error] :1:1: Premature end of file.
2026-07-09 01:03:32,354 [ERROR] LogOutputStream:75 - [STDERR_REDIRECT] 
2026-07-09 01:03:32,417 [ERROR] LogOutputStream:75 - [STDERR_REDIRECT] [Fatal Error] :1:1: Premature end of file.
2026-07-09 01:03:32,418 [ERROR] LogOutputStream:75 - [STDERR_REDIRECT] 
2026-07-09 01:03:32,482 [ERROR] LogOutputStream:75 - [STDERR_REDIRECT] [Fatal Error] :1:1: Premature end of file.
2026-07-09 01:03:32,482 [ERROR] LogOutputStream:75 - [STDERR_REDIRECT] 
2026-07-09 01:03:32,540 [ERROR] LogOutputStream:75 - [STDERR_REDIRECT] [Fatal Error] :1:1: Premature end of file.
2026-07-09 01:03:32,540 [ERROR] LogOutputStream:75 - [STDERR_REDIRECT] 
2026-07-09 01:03:32,599 [ERROR] LogOutputStream:75 - [STDERR_REDIRECT] [Fatal Error] :1:1: Premature end of file.
2026-07-09 01:03:32,599 [ERROR] LogOutputStream:75 - [STDERR_REDIRECT] 
2026-07-09 01:03:32,654 [ERROR] LogOutputStream:75 - [STDERR_REDIRECT] [Fatal Error] :1:1: Premature end of file.
2026-07-09 01:03:32,654 [ERROR] LogOutputStream:75 - [STDERR_REDIRECT] 
2026-07-09 01:03:32,718 [ERROR] LogOutputStream:75 - [STDERR_REDIRECT] [Fatal Error] :1:1: Premature end of file.
2026-07-09 01:03:32,718 [ERROR] LogOutputStream:75 - [STDERR_REDIRECT] 
2026-07-09 01:03:32,781 [ERROR] LogOutputStream:75 - [STDERR_REDIRECT] [Fatal Error] :1:1: Premature end of file.
2026-07-09 01:03:32,783 [ERROR] LogOutputStream:75 - [STDERR_REDIRECT] 
2026-07-09 01:03:32,831 [ERROR] LogOutputStream:75 - [STDERR_REDIRECT] [Fatal Error] :1:1: Premature end of file.
2026-07-09 01:03:32,831 [ERROR] LogOutputStream:75 - [STDERR_REDIRECT] 
2026-07-09 01:03:32,883 [ERROR] LogOutputStream:75 - [STDERR_REDIRECT] [Fatal Error] :1:1: Premature end of file.
2026-07-09 01:03:32,884 [ERROR] LogOutputStream:75 - [STDERR_REDIRECT] 
2026-07-09 01:03:32,935 [ERROR] LogOutputStream:75 - [STDERR_REDIRECT] [Fatal Error] :1:1: Premature end of file.
2026-07-09 01:03:32,936 [ERROR] LogOutputStream:75 - [STDERR_REDIRECT] 
2026-07-09 01:03:32,989 [ERROR] LogOutputStream:75 - [STDERR_REDIRECT] [Fatal Error] :1:1: Premature end of file.
2026-07-09 01:03:32,989 [ERROR] LogOutputStream:75 - [STDERR_REDIRECT] 
2026-07-09 01:03:33,047 [ERROR] LogOutputStream:75 - [STDERR_REDIRECT] [Fatal Error] :1:1: Premature end of file.
2026-07-09 01:03:33,047 [ERROR] LogOutputStream:75 - [STDERR_REDIRECT] 
2026-07-09 01:03:33,097 [ERROR] LogOutputStream:75 - [STDERR_REDIRECT] [Fatal Error] :1:1: Premature end of file.
2026-07-09 01:03:33,098 [ERROR] LogOutputStream:75 - [STDERR_REDIRECT] 
2026-07-09 01:03:33,151 [ERROR] LogOutputStream:75 - [STDERR_REDIRECT] [Fatal Error] :1:1: Premature end of file.
2026-07-09 01:03:33,151 [ERROR] LogOutputStream:75 - [STDERR_REDIRECT] 
2026-07-09 01:03:33,197 [ERROR] LogOutputStream:75 - [STDERR_REDIRECT] [Fatal Error] :1:1: Premature end of file.
2026-07-09 01:03:33,198 [ERROR] LogOutputStream:75 - [STDERR_REDIRECT] 
2026-07-09 01:03:33,245 [ERROR] LogOutputStream:75 - [STDERR_REDIRECT] [Fatal Error] :1:1: Premature end of file.
2026-07-09 01:03:33,246 [ERROR] LogOutputStream:75 - [STDERR_REDIRECT] 
2026-07-09 01:03:33,294 [ERROR] LogOutputStream:75 - [STDERR_REDIRECT] [Fatal Error] :1:1: Premature end of file.
2026-07-09 01:03:33,296 [ERROR] LogOutputStream:75 - [STDERR_REDIRECT] 
2026-07-09 01:03:33,341 [ERROR] LogOutputStream:75 - [STDERR_REDIRECT] [Fatal Error] :1:1: Premature end of file.
2026-07-09 01:03:33,341 [ERROR] LogOutputStream:75 - [STDERR_REDIRECT] 
2026-07-09 01:03:33,397 [ERROR] LogOutputStream:75 - [STDERR_REDIRECT] [Fatal Error] :1:1: Premature end of file.
2026-07-09 01:03:33,397 [ERROR] LogOutputStream:75 - [STDERR_REDIRECT] 
2026-07-09 01:03:33,440 [ERROR] LogOutputStream:75 - [STDERR_REDIRECT] [Fatal Error] :1:1: Premature end of file.
2026-07-09 01:03:33,440 [ERROR] LogOutputStream:75 - [STDERR_REDIRECT] 
2026-07-09 01:03:33,492 [ERROR] LogOutputStream:75 - [STDERR_REDIRECT] [Fatal Error] :1:1: Premature end of file.
2026-07-09 01:03:33,492 [ERROR] LogOutputStream:75 - [STDERR_REDIRECT] 
2026-07-09 01:03:33,553 [ERROR] LogOutputStream:75 - [STDERR_REDIRECT] [Fatal Error] :1:1: Premature end of file.
2026-07-09 01:03:33,553 [ERROR] LogOutputStream:75 - [STDERR_REDIRECT] 
2026-07-09 01:03:33,612 [ERROR] LogOutputStream:75 - [STDERR_REDIRECT] [Fatal Error] :1:1: Premature end of file.
2026-07-09 01:03:33,614 [ERROR] LogOutputStream:75 - [STDERR_REDIRECT] 
2026-07-09 01:03:33,672 [ERROR] LogOutputStream:75 - [STDERR_REDIRECT] [Fatal Error] :1:1: Premature end of file.
2026-07-09 01:03:33,672 [ERROR] LogOutputStream:75 - [STDERR_REDIRECT] 
2026-07-09 01:03:33,771 [ERROR] LogOutputStream:75 - [STDERR_REDIRECT] [Fatal Error] :1:1: Premature end of file.
2026-07-09 01:03:33,771 [ERROR] LogOutputStream:75 - [STDERR_REDIRECT] 
2026-07-09 01:03:33,828 [ERROR] LogOutputStream:75 - [STDERR_REDIRECT] [Fatal Error] :1:1: Premature end of file.
2026-07-09 01:03:33,829 [ERROR] LogOutputStream:75 - [STDERR_REDIRECT] 
2026-07-09 01:03:33,879 [ERROR] LogOutputStream:75 - [STDERR_REDIRECT] [Fatal Error] :1:1: Premature end of file.
2026-07-09 01:03:33,880 [ERROR] LogOutputStream:75 - [STDERR_REDIRECT] 
2026-07-09 01:03:33,949 [ERROR] LogOutputStream:75 - [STDERR_REDIRECT] [Fatal Error] :1:1: Premature end of file.
2026-07-09 01:03:33,949 [ERROR] LogOutputStream:75 - [STDERR_REDIRECT] 
2026-07-09 01:03:33,998 [ERROR] LogOutputStream:75 - [STDERR_REDIRECT] [Fatal Error] :1:1: Premature end of file.
2026-07-09 01:03:33,999 [ERROR] LogOutputStream:75 - [STDERR_REDIRECT] 
2026-07-09 01:03:34,073 [ERROR] LogOutputStream:75 - [STDERR_REDIRECT] [Fatal Error] :1:1: Premature end of file.
2026-07-09 01:03:34,074 [ERROR] LogOutputStream:75 - [STDERR_REDIRECT] 
2026-07-09 01:03:34,130 [ERROR] LogOutputStream:75 - [STDERR_REDIRECT] [Fatal Error] :1:1: Premature end of file.
2026-07-09 01:03:34,130 [ERROR] LogOutputStream:75 - [STDERR_REDIRECT] 
2026-07-09 01:03:34,173 [ERROR] LogOutputStream:75 - [STDERR_REDIRECT] [Fatal Error] :1:1: Premature end of file.
2026-07-09 01:03:34,173 [ERROR] LogOutputStream:75 - [STDERR_REDIRECT] 
2026-07-09 01:03:34,225 [ERROR] LogOutputStream:75 - [STDERR_REDIRECT] [Fatal Error] :1:1: Premature end of file.
2026-07-09 01:03:34,225 [ERROR] LogOutputStream:75 - [STDERR_REDIRECT] 
2026-07-09 01:03:34,285 [ERROR] LogOutputStream:75 - [STDERR_REDIRECT] [Fatal Error] :1:1: Premature end of file.
2026-07-09 01:03:34,285 [ERROR] LogOutputStream:75 - [STDERR_REDIRECT] 
2026-07-09 01:03:34,357 [ERROR] LogOutputStream:75 - [STDERR_REDIRECT] [Fatal Error] :1:1: Premature end of file.
2026-07-09 01:03:34,357 [ERROR] LogOutputStream:75 - [STDERR_REDIRECT] 
2026-07-09 01:03:34,416 [ERROR] LogOutputStream:75 - [STDERR_REDIRECT] [Fatal Error] :1:1: Premature end of file.
2026-07-09 01:03:34,416 [ERROR] LogOutputStream:75 - [STDERR_REDIRECT] 
2026-07-09 01:03:34,467 [ERROR] LogOutputStream:75 - [STDERR_REDIRECT] [Fatal Error] :1:1: Premature end of file.
2026-07-09 01:03:34,468 [ERROR] LogOutputStream:75 - [STDERR_REDIRECT] 
2026-07-09 01:03:34,519 [ERROR] LogOutputStream:75 - [STDERR_REDIRECT] [Fatal Error] :1:1: Premature end of file.
2026-07-09 01:03:34,520 [ERROR] LogOutputStream:75 - [STDERR_REDIRECT] 
2026-07-09 01:03:34,566 [ERROR] LogOutputStream:75 - [STDERR_REDIRECT] [Fatal Error] :1:1: Premature end of file.
2026-07-09 01:03:34,566 [ERROR] LogOutputStream:75 - [STDERR_REDIRECT] 
2026-07-09 01:03:34,617 [ERROR] LogOutputStream:75 - [STDERR_REDIRECT] [Fatal Error] :1:1: Premature end of file.
2026-07-09 01:03:34,618 [ERROR] LogOutputStream:75 - [STDERR_REDIRECT] 
2026-07-09 01:03:34,667 [ERROR] LogOutputStream:75 - [STDERR_REDIRECT] [Fatal Error] :1:1: Premature end of file.
2026-07-09 01:03:34,667 [ERROR] LogOutputStream:75 - [STDERR_REDIRECT] 
2026-07-09 01:03:34,721 [ERROR] LogOutputStream:75 - [STDERR_REDIRECT] [Fatal Error] :1:1: Premature end of file.
2026-07-09 01:03:34,722 [ERROR] LogOutputStream:75 - [STDERR_REDIRECT] 
2026-07-09 01:03:34,769 [ERROR] LogOutputStream:75 - [STDERR_REDIRECT] [Fatal Error] :1:1: Premature end of file.
2026-07-09 01:03:34,770 [ERROR] LogOutputStream:75 - [STDERR_REDIRECT] 
2026-07-09 01:03:34,823 [ERROR] LogOutputStream:75 - [STDERR_REDIRECT] [Fatal Error] :1:1: Premature end of file.
2026-07-09 01:03:34,823 [ERROR] LogOutputStream:75 - [STDERR_REDIRECT] 
2026-07-09 01:03:34,880 [ERROR] LogOutputStream:75 - [STDERR_REDIRECT] [Fatal Error] :1:1: Premature end of file.
2026-07-09 01:03:34,881 [ERROR] LogOutputStream:75 - [STDERR_REDIRECT] 
2026-07-09 01:03:34,931 [ERROR] LogOutputStream:75 - [STDERR_REDIRECT] [Fatal Error] :1:1: Premature end of file.
2026-07-09 01:03:34,932 [ERROR] LogOutputStream:75 - [STDERR_REDIRECT] 
2026-07-09 01:03:34,982 [ERROR] LogOutputStream:75 - [STDERR_REDIRECT] [Fatal Error] :1:1: Premature end of file.
2026-07-09 01:03:34,982 [ERROR] LogOutputStream:75 - [STDERR_REDIRECT] 
2026-07-09 01:03:35,036 [ERROR] LogOutputStream:75 - [STDERR_REDIRECT] [Fatal Error] :1:1: Premature end of file.
2026-07-09 01:03:35,036 [ERROR] LogOutputStream:75 - [STDERR_REDIRECT] 
2026-07-09 01:03:35,089 [ERROR] LogOutputStream:75 - [STDERR_REDIRECT] [Fatal Error] :1:1: Premature end of file.
2026-07-09 01:03:35,090 [ERROR] LogOutputStream:75 - [STDERR_REDIRECT] 
2026-07-09 01:03:35,142 [ERROR] LogOutputStream:75 - [STDERR_REDIRECT] [Fatal Error] :1:1: Premature end of file.
2026-07-09 01:03:35,142 [ERROR] LogOutputStream:75 - [STDERR_REDIRECT] 
2026-07-09 01:03:35,189 [ERROR] LogOutputStream:75 - [STDERR_REDIRECT] [Fatal Error] :1:1: Premature end of file.
2026-07-09 01:03:35,189 [ERROR] LogOutputStream:75 - [STDERR_REDIRECT] 
2026-07-09 01:03:35,237 [ERROR] LogOutputStream:75 - [STDERR_REDIRECT] [Fatal Error] :1:1: Premature end of file.
2026-07-09 01:03:35,238 [ERROR] LogOutputStream:75 - [STDERR_REDIRECT] 
2026-07-09 01:03:35,297 [ERROR] LogOutputStream:75 - [STDERR_REDIRECT] [Fatal Error] :1:1: Premature end of file.
2026-07-09 01:03:35,298 [ERROR] LogOutputStream:75 - [STDERR_REDIRECT] 
2026-07-09 01:03:35,346 [ERROR] LogOutputStream:75 - [STDERR_REDIRECT] [Fatal Error] :1:1: Premature end of file.
2026-07-09 01:03:35,346 [ERROR] LogOutputStream:75 - [STDERR_REDIRECT] 
2026-07-09 01:03:35,413 [ERROR] LogOutputStream:75 - [STDERR_REDIRECT] [Fatal Error] :1:1: Premature end of file.
2026-07-09 01:03:35,414 [ERROR] LogOutputStream:75 - [STDERR_REDIRECT] 
2026-07-09 01:03:35,464 [ERROR] LogOutputStream:75 - [STDERR_REDIRECT] [Fatal Error] :1:1: Premature end of file.
2026-07-09 01:03:35,464 [ERROR] LogOutputStream:75 - [STDERR_REDIRECT] 
2026-07-09 01:03:35,521 [ERROR] LogOutputStream:75 - [STDERR_REDIRECT] [Fatal Error] :1:1: Premature end of file.
2026-07-09 01:03:35,521 [ERROR] LogOutputStream:75 - [STDERR_REDIRECT] 
2026-07-09 01:03:35,567 [ERROR] LogOutputStream:75 - [STDERR_REDIRECT] [Fatal Error] :1:1: Premature end of file.
2026-07-09 01:03:35,568 [ERROR] LogOutputStream:75 - [STDERR_REDIRECT] 
2026-07-09 01:03:35,617 [ERROR] LogOutputStream:75 - [STDERR_REDIRECT] [Fatal Error] :1:1: Premature end of file.
2026-07-09 01:03:35,618 [ERROR] LogOutputStream:75 - [STDERR_REDIRECT] 
2026-07-09 01:03:35,674 [ERROR] LogOutputStream:75 - [STDERR_REDIRECT] [Fatal Error] :1:1: Premature end of file.
2026-07-09 01:03:35,674 [ERROR] LogOutputStream:75 - [STDERR_REDIRECT] 
2026-07-09 01:03:35,724 [ERROR] LogOutputStream:75 - [STDERR_REDIRECT] [Fatal Error] :1:1: Premature end of file.
2026-07-09 01:03:35,724 [ERROR] LogOutputStream:75 - [STDERR_REDIRECT] 
2026-07-09 01:03:35,781 [ERROR] LogOutputStream:75 - [STDERR_REDIRECT] [Fatal Error] :1:1: Premature end of file.
2026-07-09 01:03:35,781 [ERROR] LogOutputStream:75 - [STDERR_REDIRECT] 
2026-07-09 01:03:35,834 [ERROR] LogOutputStream:75 - [STDERR_REDIRECT] [Fatal Error] :1:1: Premature end of file.
2026-07-09 01:03:35,834 [ERROR] LogOutputStream:75 - [STDERR_REDIRECT] 
2026-07-09 01:03:35,879 [ERROR] LogOutputStream:75 - [STDERR_REDIRECT] [Fatal Error] :1:1: Premature end of file.
2026-07-09 01:03:35,880 [ERROR] LogOutputStream:75 - [STDERR_REDIRECT] 
2026-07-09 01:03:35,932 [ERROR] LogOutputStream:75 - [STDERR_REDIRECT] [Fatal Error] :1:1: Premature end of file.
2026-07-09 01:03:35,933 [ERROR] LogOutputStream:75 - [STDERR_REDIRECT] 
2026-07-09 01:03:35,979 [ERROR] LogOutputStream:75 - [STDERR_REDIRECT] [Fatal Error] :1:1: Premature end of file.
2026-07-09 01:03:35,980 [ERROR] LogOutputStream:75 - [STDERR_REDIRECT] 
2026-07-09 01:03:36,032 [ERROR] LogOutputStream:75 - [STDERR_REDIRECT] [Fatal Error] :1:1: Premature end of file.
2026-07-09 01:03:36,032 [ERROR] LogOutputStream:75 - [STDERR_REDIRECT] 
2026-07-09 01:03:36,080 [ERROR] LogOutputStream:75 - [STDERR_REDIRECT] [Fatal Error] :1:1: Premature end of file.
2026-07-09 01:03:36,080 [ERROR] LogOutputStream:75 - [STDERR_REDIRECT] 
2026-07-09 01:03:36,130 [ERROR] LogOutputStream:75 - [STDERR_REDIRECT] [Fatal Error] :1:1: Premature end of file.
2026-07-09 01:03:36,130 [ERROR] LogOutputStream:75 - [STDERR_REDIRECT] 
2026-07-09 01:03:36,179 [ERROR] LogOutputStream:75 - [STDERR_REDIRECT] [Fatal Error] :1:1: Premature end of file.
2026-07-09 01:03:36,179 [ERROR] LogOutputStream:75 - [STDERR_REDIRECT] 
2026-07-09 01:03:36,220 [ERROR] LogOutputStream:75 - [STDERR_REDIRECT] [Fatal Error] :1:1: Premature end of file.
2026-07-09 01:03:36,221 [ERROR] LogOutputStream:75 - [STDERR_REDIRECT] 
2026-07-09 01:03:36,266 [ERROR] LogOutputStream:75 - [STDERR_REDIRECT] [Fatal Error] :1:1: Premature end of file.
2026-07-09 01:03:36,266 [ERROR] LogOutputStream:75 - [STDERR_REDIRECT] 
2026-07-09 01:03:36,320 [ERROR] LogOutputStream:75 - [STDERR_REDIRECT] [Fatal Error] :1:1: Premature end of file.
2026-07-09 01:03:36,320 [ERROR] LogOutputStream:75 - [STDERR_REDIRECT] 
2026-07-09 01:03:36,370 [ERROR] LogOutputStream:75 - [STDERR_REDIRECT] [Fatal Error] :1:1: Premature end of file.
2026-07-09 01:03:36,370 [ERROR] LogOutputStream:75 - [STDERR_REDIRECT] 
2026-07-09 01:03:36,421 [ERROR] LogOutputStream:75 - [STDERR_REDIRECT] [Fatal Error] :1:1: Premature end of file.
2026-07-09 01:03:36,421 [ERROR] LogOutputStream:75 - [STDERR_REDIRECT] 
2026-07-09 01:03:36,477 [ERROR] LogOutputStream:75 - [STDERR_REDIRECT] [Fatal Error] :1:1: Premature end of file.
2026-07-09 01:03:36,477 [ERROR] LogOutputStream:75 - [STDERR_REDIRECT] 
2026-07-09 01:03:36,527 [ERROR] LogOutputStream:75 - [STDERR_REDIRECT] [Fatal Error] :1:1: Premature end of file.
2026-07-09 01:03:36,528 [ERROR] LogOutputStream:75 - [STDERR_REDIRECT] 
2026-07-09 01:03:36,580 [ERROR] LogOutputStream:75 - [STDERR_REDIRECT] [Fatal Error] :1:1: Premature end of file.
2026-07-09 01:03:36,580 [ERROR] LogOutputStream:75 - [STDERR_REDIRECT] 
2026-07-09 01:03:36,630 [ERROR] LogOutputStream:75 - [STDERR_REDIRECT] [Fatal Error] :1:1: Premature end of file.
2026-07-09 01:03:36,631 [ERROR] LogOutputStream:75 - [STDERR_REDIRECT] 
2026-07-09 01:03:36,679 [ERROR] LogOutputStream:75 - [STDERR_REDIRECT] [Fatal Error] :1:1: Premature end of file.
2026-07-09 01:03:36,679 [ERROR] LogOutputStream:75 - [STDERR_REDIRECT] 
2026-07-09 01:03:36,728 [ERROR] LogOutputStream:75 - [STDERR_REDIRECT] [Fatal Error] :1:1: Premature end of file.
2026-07-09 01:03:36,728 [ERROR] LogOutputStream:75 - [STDERR_REDIRECT] 
2026-07-09 01:03:36,776 [ERROR] LogOutputStream:75 - [STDERR_REDIRECT] [Fatal Error] :1:1: Premature end of file.
2026-07-09 01:03:36,776 [ERROR] LogOutputStream:75 - [STDERR_REDIRECT] 
2026-07-09 01:03:36,838 [ERROR] LogOutputStream:75 - [STDERR_REDIRECT] [Fatal Error] :1:1: Premature end of file.
2026-07-09 01:03:36,838 [ERROR] LogOutputStream:75 - [STDERR_REDIRECT] 
2026-07-09 01:03:36,888 [ERROR] LogOutputStream:75 - [STDERR_REDIRECT] [Fatal Error] :1:1: Premature end of file.
2026-07-09 01:03:36,888 [ERROR] LogOutputStream:75 - [STDERR_REDIRECT] 
2026-07-09 01:03:36,939 [ERROR] LogOutputStream:75 - [STDERR_REDIRECT] [Fatal Error] :1:1: Premature end of file.
2026-07-09 01:03:36,939 [ERROR] LogOutputStream:75 - [STDERR_REDIRECT] 
2026-07-09 01:03:36,995 [ERROR] LogOutputStream:75 - [STDERR_REDIRECT] [Fatal Error] :1:1: Premature end of file.
2026-07-09 01:03:36,996 [ERROR] LogOutputStream:75 - [STDERR_REDIRECT] 
2026-07-09 01:03:37,047 [ERROR] LogOutputStream:75 - [STDERR_REDIRECT] [Fatal Error] :1:1: Premature end of file.
2026-07-09 01:03:37,047 [ERROR] LogOutputStream:75 - [STDERR_REDIRECT] 
2026-07-09 01:03:37,100 [ERROR] LogOutputStream:75 - [STDERR_REDIRECT] [Fatal Error] :1:1: Premature end of file.
2026-07-09 01:03:37,100 [ERROR] LogOutputStream:75 - [STDERR_REDIRECT] 
2026-07-09 01:03:37,143 [ERROR] LogOutputStream:75 - [STDERR_REDIRECT] [Fatal Error] :1:1: Premature end of file.
2026-07-09 01:03:37,144 [ERROR] LogOutputStream:75 - [STDERR_REDIRECT] 
2026-07-09 01:03:37,188 [ERROR] LogOutputStream:75 - [STDERR_REDIRECT] [Fatal Error] :1:1: Premature end of file.
2026-07-09 01:03:37,189 [ERROR] LogOutputStream:75 - [STDERR_REDIRECT] 
2026-07-09 01:03:37,238 [ERROR] LogOutputStream:75 - [STDERR_REDIRECT] [Fatal Error] :1:1: Premature end of file.
2026-07-09 01:03:37,238 [ERROR] LogOutputStream:75 - [STDERR_REDIRECT] 
2026-07-09 01:03:37,283 [ERROR] LogOutputStream:75 - [STDERR_REDIRECT] [Fatal Error] :1:1: Premature end of file.
2026-07-09 01:03:37,283 [ERROR] LogOutputStream:75 - [STDERR_REDIRECT] 
2026-07-09 01:03:37,330 [ERROR] LogOutputStream:75 - [STDERR_REDIRECT] [Fatal Error] :1:1: Premature end of file.
2026-07-09 01:03:37,330 [ERROR] LogOutputStream:75 - [STDERR_REDIRECT] 
2026-07-09 01:03:37,379 [ERROR] LogOutputStream:75 - [STDERR_REDIRECT] [Fatal Error] :1:1: Premature end of file.
2026-07-09 01:03:37,379 [ERROR] LogOutputStream:75 - [STDERR_REDIRECT] 
2026-07-09 01:03:37,427 [ERROR] LogOutputStream:75 - [STDERR_REDIRECT] [Fatal Error] :1:1: Premature end of file.
2026-07-09 01:03:37,428 [ERROR] LogOutputStream:75 - [STDERR_REDIRECT] 
2026-07-09 01:03:37,472 [ERROR] LogOutputStream:75 - [STDERR_REDIRECT] [Fatal Error] :1:1: Premature end of file.
2026-07-09 01:03:37,473 [ERROR] LogOutputStream:75 - [STDERR_REDIRECT] 
2026-07-09 01:03:37,522 [ERROR] LogOutputStream:75 - [STDERR_REDIRECT] [Fatal Error] :1:1: Premature end of file.
2026-07-09 01:03:37,522 [ERROR] LogOutputStream:75 - [STDERR_REDIRECT] 
2026-07-09 01:03:37,569 [ERROR] LogOutputStream:75 - [STDERR_REDIRECT] [Fatal Error] :1:1: Premature end of file.
2026-07-09 01:03:37,570 [ERROR] LogOutputStream:75 - [STDERR_REDIRECT] 
2026-07-09 01:03:37,618 [ERROR] LogOutputStream:75 - [STDERR_REDIRECT] [Fatal Error] :1:1: Premature end of file.
2026-07-09 01:03:37,618 [ERROR] LogOutputStream:75 - [STDERR_REDIRECT] 
2026-07-09 01:03:37,664 [ERROR] LogOutputStream:75 - [STDERR_REDIRECT] [Fatal Error] :1:1: Premature end of file.
2026-07-09 01:03:37,664 [ERROR] LogOutputStream:75 - [STDERR_REDIRECT] 
2026-07-09 01:03:37,710 [ERROR] LogOutputStream:75 - [STDERR_REDIRECT] [Fatal Error] :1:1: Premature end of file.
2026-07-09 01:03:37,711 [ERROR] LogOutputStream:75 - [STDERR_REDIRECT] 
2026-07-09 01:03:37,757 [ERROR] LogOutputStream:75 - [STDERR_REDIRECT] [Fatal Error] :1:1: Premature end of file.
2026-07-09 01:03:37,757 [ERROR] LogOutputStream:75 - [STDERR_REDIRECT] 
2026-07-09 01:03:37,808 [ERROR] LogOutputStream:75 - [STDERR_REDIRECT] [Fatal Error] :1:1: Premature end of file.
2026-07-09 01:03:37,811 [ERROR] LogOutputStream:75 - [STDERR_REDIRECT] 
2026-07-09 01:03:37,856 [ERROR] LogOutputStream:75 - [STDERR_REDIRECT] [Fatal Error] :1:1: Premature end of file.
2026-07-09 01:03:37,856 [ERROR] LogOutputStream:75 - [STDERR_REDIRECT] 
2026-07-09 01:03:37,915 [ERROR] LogOutputStream:75 - [STDERR_REDIRECT] [Fatal Error] :1:1: Premature end of file.
2026-07-09 01:03:37,915 [ERROR] LogOutputStream:75 - [STDERR_REDIRECT] 
2026-07-09 01:03:37,956 [ERROR] LogOutputStream:75 - [STDERR_REDIRECT] [Fatal Error] :1:1: Premature end of file.
2026-07-09 01:03:37,956 [ERROR] LogOutputStream:75 - [STDERR_REDIRECT] 
2026-07-09 01:03:38,002 [ERROR] LogOutputStream:75 - [STDERR_REDIRECT] [Fatal Error] :1:1: Premature end of file.
2026-07-09 01:03:38,002 [ERROR] LogOutputStream:75 - [STDERR_REDIRECT] 
2026-07-09 01:03:38,060 [ERROR] LogOutputStream:75 - [STDERR_REDIRECT] [Fatal Error] :1:1: Premature end of file.
2026-07-09 01:03:38,060 [ERROR] LogOutputStream:75 - [STDERR_REDIRECT] 
2026-07-09 01:03:38,115 [ERROR] LogOutputStream:75 - [STDERR_REDIRECT] [Fatal Error] :1:1: Premature end of file.
2026-07-09 01:03:38,115 [ERROR] LogOutputStream:75 - [STDERR_REDIRECT] 
2026-07-09 01:03:38,166 [ERROR] LogOutputStream:75 - [STDERR_REDIRECT] [Fatal Error] :1:1: Premature end of file.
2026-07-09 01:03:38,167 [ERROR] LogOutputStream:75 - [STDERR_REDIRECT] 
2026-07-09 01:03:38,211 [ERROR] LogOutputStream:75 - [STDERR_REDIRECT] [Fatal Error] :1:1: Premature end of file.
2026-07-09 01:03:38,212 [ERROR] LogOutputStream:75 - [STDERR_REDIRECT] 
2026-07-09 01:03:38,261 [ERROR] LogOutputStream:75 - [STDERR_REDIRECT] [Fatal Error] :1:1: Premature end of file.
2026-07-09 01:03:38,261 [ERROR] LogOutputStream:75 - [STDERR_REDIRECT] 
2026-07-09 01:03:38,318 [ERROR] LogOutputStream:75 - [STDERR_REDIRECT] [Fatal Error] :1:1: Premature end of file.
2026-07-09 01:03:38,318 [ERROR] LogOutputStream:75 - [STDERR_REDIRECT] 
2026-07-09 01:03:38,369 [ERROR] LogOutputStream:75 - [STDERR_REDIRECT] [Fatal Error] :1:1: Premature end of file.
2026-07-09 01:03:38,370 [ERROR] LogOutputStream:75 - [STDERR_REDIRECT] 
2026-07-09 01:03:38,424 [ERROR] LogOutputStream:75 - [STDERR_REDIRECT] [Fatal Error] :1:1: Premature end of file.
2026-07-09 01:03:38,427 [ERROR] LogOutputStream:75 - [STDERR_REDIRECT] 
2026-07-09 01:03:38,472 [ERROR] LogOutputStream:75 - [STDERR_REDIRECT] [Fatal Error] :1:1: Premature end of file.
2026-07-09 01:03:38,472 [ERROR] LogOutputStream:75 - [STDERR_REDIRECT] 
2026-07-09 01:03:38,516 [ERROR] LogOutputStream:75 - [STDERR_REDIRECT] [Fatal Error] :1:1: Premature end of file.
2026-07-09 01:03:38,517 [ERROR] LogOutputStream:75 - [STDERR_REDIRECT] 
2026-07-09 01:03:38,568 [ERROR] LogOutputStream:75 - [STDERR_REDIRECT] [Fatal Error] :1:1: Premature end of file.
2026-07-09 01:03:38,568 [ERROR] LogOutputStream:75 - [STDERR_REDIRECT] 
2026-07-09 01:03:38,620 [ERROR] LogOutputStream:75 - [STDERR_REDIRECT] [Fatal Error] :1:1: Premature end of file.
2026-07-09 01:03:38,620 [ERROR] LogOutputStream:75 - [STDERR_REDIRECT] 
2026-07-09 01:03:38,668 [ERROR] LogOutputStream:75 - [STDERR_REDIRECT] [Fatal Error] :1:1: Premature end of file.
2026-07-09 01:03:38,668 [ERROR] LogOutputStream:75 - [STDERR_REDIRECT] 
2026-07-09 01:03:38,719 [ERROR] LogOutputStream:75 - [STDERR_REDIRECT] [Fatal Error] :1:1: Premature end of file.
2026-07-09 01:03:38,720 [ERROR] LogOutputStream:75 - [STDERR_REDIRECT] 
2026-07-09 01:03:38,770 [ERROR] LogOutputStream:75 - [STDERR_REDIRECT] [Fatal Error] :1:1: Premature end of file.
2026-07-09 01:03:38,770 [ERROR] LogOutputStream:75 - [STDERR_REDIRECT] 
2026-07-09 01:03:38,837 [ERROR] LogOutputStream:75 - [STDERR_REDIRECT] [Fatal Error] :1:1: Premature end of file.
2026-07-09 01:03:38,838 [ERROR] LogOutputStream:75 - [STDERR_REDIRECT] 
2026-07-09 01:03:38,889 [ERROR] LogOutputStream:75 - [STDERR_REDIRECT] [Fatal Error] :1:1: Premature end of file.
2026-07-09 01:03:38,890 [ERROR] LogOutputStream:75 - [STDERR_REDIRECT] 
2026-07-09 01:03:38,937 [ERROR] LogOutputStream:75 - [STDERR_REDIRECT] [Fatal Error] :1:1: Premature end of file.
2026-07-09 01:03:38,937 [ERROR] LogOutputStream:75 - [STDERR_REDIRECT] 
2026-07-09 01:03:38,986 [ERROR] LogOutputStream:75 - [STDERR_REDIRECT] [Fatal Error] :1:1: Premature end of file.
2026-07-09 01:03:38,986 [ERROR] LogOutputStream:75 - [STDERR_REDIRECT] 
2026-07-09 01:03:39,034 [ERROR] LogOutputStream:75 - [STDERR_REDIRECT] [Fatal Error] :1:1: Premature end of file.
2026-07-09 01:03:39,035 [ERROR] LogOutputStream:75 - [STDERR_REDIRECT] 
2026-07-09 01:03:39,083 [ERROR] LogOutputStream:75 - [STDERR_REDIRECT] [Fatal Error] :1:1: Premature end of file.
2026-07-09 01:03:39,083 [ERROR] LogOutputStream:75 - [STDERR_REDIRECT] 
2026-07-09 01:03:39,132 [ERROR] LogOutputStream:75 - [STDERR_REDIRECT] [Fatal Error] :1:1: Premature end of file.
2026-07-09 01:03:39,132 [ERROR] LogOutputStream:75 - [STDERR_REDIRECT] 
2026-07-09 01:03:39,179 [ERROR] LogOutputStream:75 - [STDERR_REDIRECT] [Fatal Error] :1:1: Premature end of file.
2026-07-09 01:03:39,179 [ERROR] LogOutputStream:75 - [STDERR_REDIRECT] 
2026-07-09 01:03:39,228 [ERROR] LogOutputStream:75 - [STDERR_REDIRECT] [Fatal Error] :1:1: Premature end of file.
2026-07-09 01:03:39,229 [ERROR] LogOutputStream:75 - [STDERR_REDIRECT] 
2026-07-09 01:03:39,272 [ERROR] LogOutputStream:75 - [STDERR_REDIRECT] [Fatal Error] :1:1: Premature end of file.
2026-07-09 01:03:39,273 [ERROR] LogOutputStream:75 - [STDERR_REDIRECT] 
2026-07-09 01:03:39,316 [ERROR] LogOutputStream:75 - [STDERR_REDIRECT] [Fatal Error] :1:1: Premature end of file.
2026-07-09 01:03:39,317 [ERROR] LogOutputStream:75 - [STDERR_REDIRECT] 
2026-07-09 01:03:39,372 [ERROR] LogOutputStream:75 - [STDERR_REDIRECT] [Fatal Error] :1:1: Premature end of file.
2026-07-09 01:03:39,372 [ERROR] LogOutputStream:75 - [STDERR_REDIRECT] 
2026-07-09 01:03:39,418 [ERROR] LogOutputStream:75 - [STDERR_REDIRECT] [Fatal Error] :1:1: Premature end of file.
2026-07-09 01:03:39,419 [ERROR] LogOutputStream:75 - [STDERR_REDIRECT] 
2026-07-09 01:03:39,467 [ERROR] LogOutputStream:75 - [STDERR_REDIRECT] [Fatal Error] :1:1: Premature end of file.
2026-07-09 01:03:39,467 [ERROR] LogOutputStream:75 - [STDERR_REDIRECT] 
2026-07-09 01:03:39,518 [ERROR] LogOutputStream:75 - [STDERR_REDIRECT] [Fatal Error] :1:1: Premature end of file.
2026-07-09 01:03:39,518 [ERROR] LogOutputStream:75 - [STDERR_REDIRECT] 
2026-07-09 01:03:39,562 [ERROR] LogOutputStream:75 - [STDERR_REDIRECT] [Fatal Error] :1:1: Premature end of file.
2026-07-09 01:03:39,562 [ERROR] LogOutputStream:75 - [STDERR_REDIRECT] 
2026-07-09 01:03:39,607 [ERROR] LogOutputStream:75 - [STDERR_REDIRECT] [Fatal Error] :1:1: Premature end of file.
2026-07-09 01:03:39,608 [ERROR] LogOutputStream:75 - [STDERR_REDIRECT] 
2026-07-09 01:03:39,656 [ERROR] LogOutputStream:75 - [STDERR_REDIRECT] [Fatal Error] :1:1: Premature end of file.
2026-07-09 01:03:39,656 [ERROR] LogOutputStream:75 - [STDERR_REDIRECT] 
2026-07-09 01:03:39,701 [ERROR] LogOutputStream:75 - [STDERR_REDIRECT] [Fatal Error] :1:1: Premature end of file.
2026-07-09 01:03:39,701 [ERROR] LogOutputStream:75 - [STDERR_REDIRECT] 
2026-07-09 01:03:39,753 [ERROR] LogOutputStream:75 - [STDERR_REDIRECT] [Fatal Error] :1:1: Premature end of file.
2026-07-09 01:03:39,754 [ERROR] LogOutputStream:75 - [STDERR_REDIRECT] 
2026-07-09 01:03:39,802 [ERROR] LogOutputStream:75 - [STDERR_REDIRECT] [Fatal Error] :1:1: Premature end of file.
2026-07-09 01:03:39,802 [ERROR] LogOutputStream:75 - [STDERR_REDIRECT] 
2026-07-09 01:03:39,856 [ERROR] LogOutputStream:75 - [STDERR_REDIRECT] [Fatal Error] :1:1: Premature end of file.
2026-07-09 01:03:39,856 [ERROR] LogOutputStream:75 - [STDERR_REDIRECT] 
2026-07-09 01:03:39,917 [ERROR] LogOutputStream:75 - [STDERR_REDIRECT] [Fatal Error] :1:1: Premature end of file.
2026-07-09 01:03:39,917 [ERROR] LogOutputStream:75 - [STDERR_REDIRECT] 
2026-07-09 01:03:39,971 [ERROR] LogOutputStream:75 - [STDERR_REDIRECT] [Fatal Error] :1:1: Premature end of file.
2026-07-09 01:03:39,971 [ERROR] LogOutputStream:75 - [STDERR_REDIRECT] 
2026-07-09 01:03:40,020 [ERROR] LogOutputStream:75 - [STDERR_REDIRECT] [Fatal Error] :1:1: Premature end of file.
2026-07-09 01:03:40,020 [ERROR] LogOutputStream:75 - [STDERR_REDIRECT] 
2026-07-09 01:03:40,066 [ERROR] LogOutputStream:75 - [STDERR_REDIRECT] [Fatal Error] :1:1: Premature end of file.
2026-07-09 01:03:40,066 [ERROR] LogOutputStream:75 - [STDERR_REDIRECT] 
2026-07-09 01:03:40,114 [ERROR] LogOutputStream:75 - [STDERR_REDIRECT] [Fatal Error] :1:1: Premature end of file.
2026-07-09 01:03:40,115 [ERROR] LogOutputStream:75 - [STDERR_REDIRECT] 
2026-07-09 01:03:40,170 [ERROR] LogOutputStream:75 - [STDERR_REDIRECT] [Fatal Error] :1:1: Premature end of file.
2026-07-09 01:03:40,171 [ERROR] LogOutputStream:75 - [STDERR_REDIRECT] 
2026-07-09 01:03:40,219 [ERROR] LogOutputStream:75 - [STDERR_REDIRECT] [Fatal Error] :1:1: Premature end of file.
2026-07-09 01:03:40,219 [ERROR] LogOutputStream:75 - [STDERR_REDIRECT] 
2026-07-09 01:03:40,263 [ERROR] LogOutputStream:75 - [STDERR_REDIRECT] [Fatal Error] :1:1: Premature end of file.
2026-07-09 01:03:40,264 [ERROR] LogOutputStream:75 - [STDERR_REDIRECT] 
2026-07-09 01:03:40,310 [ERROR] LogOutputStream:75 - [STDERR_REDIRECT] [Fatal Error] :1:1: Premature end of file.
2026-07-09 01:03:40,311 [ERROR] LogOutputStream:75 - [STDERR_REDIRECT] 
2026-07-09 01:03:40,359 [ERROR] LogOutputStream:75 - [STDERR_REDIRECT] [Fatal Error] :1:1: Premature end of file.
2026-07-09 01:03:40,359 [ERROR] LogOutputStream:75 - [STDERR_REDIRECT] 
2026-07-09 01:03:40,414 [ERROR] LogOutputStream:75 - [STDERR_REDIRECT] [Fatal Error] :1:1: Premature end of file.
2026-07-09 01:03:40,414 [ERROR] LogOutputStream:75 - [STDERR_REDIRECT] 
2026-07-09 01:03:40,454 [ERROR] LogOutputStream:75 - [STDERR_REDIRECT] [Fatal Error] :1:1: Premature end of file.
2026-07-09 01:03:40,454 [ERROR] LogOutputStream:75 - [STDERR_REDIRECT] 
2026-07-09 01:03:40,502 [ERROR] LogOutputStream:75 - [STDERR_REDIRECT] [Fatal Error] :1:1: Premature end of file.
2026-07-09 01:03:40,502 [ERROR] LogOutputStream:75 - [STDERR_REDIRECT] 
2026-07-09 01:03:40,554 [ERROR] LogOutputStream:75 - [STDERR_REDIRECT] [Fatal Error] :1:1: Premature end of file.
2026-07-09 01:03:40,554 [ERROR] LogOutputStream:75 - [STDERR_REDIRECT] 
2026-07-09 01:03:40,606 [ERROR] LogOutputStream:75 - [STDERR_REDIRECT] [Fatal Error] :1:1: Premature end of file.
2026-07-09 01:03:40,606 [ERROR] LogOutputStream:75 - [STDERR_REDIRECT] 
2026-07-09 01:03:40,655 [ERROR] LogOutputStream:75 - [STDERR_REDIRECT] [Fatal Error] :1:1: Premature end of file.
2026-07-09 01:03:40,655 [ERROR] LogOutputStream:75 - [STDERR_REDIRECT] 
2026-07-09 01:03:40,713 [ERROR] LogOutputStream:75 - [STDERR_REDIRECT] [Fatal Error] :1:1: Premature end of file.
2026-07-09 01:03:40,713 [ERROR] LogOutputStream:75 - [STDERR_REDIRECT] 
2026-07-09 01:03:40,762 [ERROR] LogOutputStream:75 - [STDERR_REDIRECT] [Fatal Error] :1:1: Premature end of file.
2026-07-09 01:03:40,762 [ERROR] LogOutputStream:75 - [STDERR_REDIRECT] 
2026-07-09 01:03:41,686 [ERROR] LogOutputStream:75 - [STDERR_REDIRECT] [Fatal Error] :1:1: Premature end of file.
2026-07-09 01:03:41,691 [ERROR] LogOutputStream:75 - [STDERR_REDIRECT] 
2026-07-09 01:03:41,796 [ERROR] LogOutputStream:75 - [STDERR_REDIRECT] [Fatal Error] :1:1: Premature end of file.
2026-07-09 01:03:41,796 [ERROR] LogOutputStream:75 - [STDERR_REDIRECT] 
2026-07-09 01:03:41,857 [ERROR] LogOutputStream:75 - [STDERR_REDIRECT] [Fatal Error] :1:1: Premature end of file.
2026-07-09 01:03:41,857 [ERROR] LogOutputStream:75 - [STDERR_REDIRECT] 
2026-07-09 01:03:41,924 [ERROR] LogOutputStream:75 - [STDERR_REDIRECT] [Fatal Error] :1:1: Premature end of file.
2026-07-09 01:03:41,924 [ERROR] LogOutputStream:75 - [STDERR_REDIRECT] 
2026-07-09 01:03:41,996 [ERROR] LogOutputStream:75 - [STDERR_REDIRECT] [Fatal Error] :1:1: Premature end of file.
2026-07-09 01:03:41,997 [ERROR] LogOutputStream:75 - [STDERR_REDIRECT] 
2026-07-09 01:03:42,076 [ERROR] LogOutputStream:75 - [STDERR_REDIRECT] [Fatal Error] :1:1: Premature end of file.
2026-07-09 01:03:42,076 [ERROR] LogOutputStream:75 - [STDERR_REDIRECT] 
2026-07-09 01:03:42,145 [ERROR] LogOutputStream:75 - [STDERR_REDIRECT] [Fatal Error] :1:1: Premature end of file.
2026-07-09 01:03:42,145 [ERROR] LogOutputStream:75 - [STDERR_REDIRECT] 
2026-07-09 01:03:42,231 [ERROR] LogOutputStream:75 - [STDERR_REDIRECT] [Fatal Error] :1:1: Premature end of file.
2026-07-09 01:03:42,233 [ERROR] LogOutputStream:75 - [STDERR_REDIRECT] 
2026-07-09 01:03:42,341 [ERROR] LogOutputStream:75 - [STDERR_REDIRECT] [Fatal Error] :1:1: Premature end of file.
2026-07-09 01:03:42,341 [ERROR] LogOutputStream:75 - [STDERR_REDIRECT] 
2026-07-09 01:03:42,400 [ERROR] LogOutputStream:75 - [STDERR_REDIRECT] [Fatal Error] :1:1: Premature end of file.
2026-07-09 01:03:42,400 [ERROR] LogOutputStream:75 - [STDERR_REDIRECT] 
2026-07-09 01:03:42,463 [ERROR] LogOutputStream:75 - [STDERR_REDIRECT] [Fatal Error] :1:1: Premature end of file.
2026-07-09 01:03:42,463 [ERROR] LogOutputStream:75 - [STDERR_REDIRECT] 
2026-07-09 01:03:42,516 [ERROR] LogOutputStream:75 - [STDERR_REDIRECT] [Fatal Error] :1:1: Premature end of file.
2026-07-09 01:03:42,516 [ERROR] LogOutputStream:75 - [STDERR_REDIRECT] 
2026-07-09 01:03:42,577 [ERROR] LogOutputStream:75 - [STDERR_REDIRECT] [Fatal Error] :1:1: Premature end of file.
2026-07-09 01:03:42,577 [ERROR] LogOutputStream:75 - [STDERR_REDIRECT] 
2026-07-09 01:03:42,639 [ERROR] LogOutputStream:75 - [STDERR_REDIRECT] [Fatal Error] :1:1: Premature end of file.
2026-07-09 01:03:42,639 [ERROR] LogOutputStream:75 - [STDERR_REDIRECT] 
2026-07-09 01:03:42,694 [ERROR] LogOutputStream:75 - [STDERR_REDIRECT] [Fatal Error] :1:1: Premature end of file.
2026-07-09 01:03:42,694 [ERROR] LogOutputStream:75 - [STDERR_REDIRECT] 
2026-07-09 01:03:42,753 [ERROR] LogOutputStream:75 - [STDERR_REDIRECT] [Fatal Error] :1:1: Premature end of file.
2026-07-09 01:03:42,753 [ERROR] LogOutputStream:75 - [STDERR_REDIRECT] 
2026-07-09 01:03:42,818 [ERROR] LogOutputStream:75 - [STDERR_REDIRECT] [Fatal Error] :1:1: Premature end of file.
2026-07-09 01:03:42,818 [ERROR] LogOutputStream:75 - [STDERR_REDIRECT] 
2026-07-09 01:03:42,867 [ERROR] LogOutputStream:75 - [STDERR_REDIRECT] [Fatal Error] :1:1: Premature end of file.
2026-07-09 01:03:42,868 [ERROR] LogOutputStream:75 - [STDERR_REDIRECT] 
2026-07-09 01:03:42,919 [ERROR] LogOutputStream:75 - [STDERR_REDIRECT] [Fatal Error] :1:1: Premature end of file.
2026-07-09 01:03:42,922 [ERROR] LogOutputStream:75 - [STDERR_REDIRECT] 
2026-07-09 01:03:42,991 [ERROR] LogOutputStream:75 - [STDERR_REDIRECT] [Fatal Error] :1:1: Premature end of file.
2026-07-09 01:03:42,992 [ERROR] LogOutputStream:75 - [STDERR_REDIRECT] 
2026-07-09 01:03:43,065 [ERROR] LogOutputStream:75 - [STDERR_REDIRECT] [Fatal Error] :1:1: Premature end of file.
2026-07-09 01:03:43,065 [ERROR] LogOutputStream:75 - [STDERR_REDIRECT] 
2026-07-09 01:03:43,115 [ERROR] LogOutputStream:75 - [STDERR_REDIRECT] [Fatal Error] :1:1: Premature end of file.
2026-07-09 01:03:43,116 [ERROR] LogOutputStream:75 - [STDERR_REDIRECT] 
2026-07-09 01:03:43,170 [ERROR] LogOutputStream:75 - [STDERR_REDIRECT] [Fatal Error] :1:1: Premature end of file.
2026-07-09 01:03:43,170 [ERROR] LogOutputStream:75 - [STDERR_REDIRECT] 
2026-07-09 01:03:43,227 [ERROR] LogOutputStream:75 - [STDERR_REDIRECT] [Fatal Error] :1:1: Premature end of file.
2026-07-09 01:03:43,227 [ERROR] LogOutputStream:75 - [STDERR_REDIRECT] 
2026-07-09 01:03:43,286 [ERROR] LogOutputStream:75 - [STDERR_REDIRECT] [Fatal Error] :1:1: Premature end of file.
2026-07-09 01:03:43,286 [ERROR] LogOutputStream:75 - [STDERR_REDIRECT] 
2026-07-09 01:03:43,355 [ERROR] LogOutputStream:75 - [STDERR_REDIRECT] [Fatal Error] :1:1: Premature end of file.
2026-07-09 01:03:43,356 [ERROR] LogOutputStream:75 - [STDERR_REDIRECT] 
2026-07-09 01:03:43,408 [ERROR] LogOutputStream:75 - [STDERR_REDIRECT] [Fatal Error] :1:1: Premature end of file.
2026-07-09 01:03:43,408 [ERROR] LogOutputStream:75 - [STDERR_REDIRECT] 
2026-07-09 01:03:43,457 [ERROR] LogOutputStream:75 - [STDERR_REDIRECT] [Fatal Error] :1:1: Premature end of file.
2026-07-09 01:03:43,458 [ERROR] LogOutputStream:75 - [STDERR_REDIRECT] 
2026-07-09 01:03:43,504 [ERROR] LogOutputStream:75 - [STDERR_REDIRECT] [Fatal Error] :1:1: Premature end of file.
2026-07-09 01:03:43,504 [ERROR] LogOutputStream:75 - [STDERR_REDIRECT] 
2026-07-09 01:03:43,554 [ERROR] LogOutputStream:75 - [STDERR_REDIRECT] [Fatal Error] :1:1: Premature end of file.
2026-07-09 01:03:43,554 [ERROR] LogOutputStream:75 - [STDERR_REDIRECT] 
2026-07-09 01:03:43,611 [ERROR] LogOutputStream:75 - [STDERR_REDIRECT] [Fatal Error] :1:1: Premature end of file.
2026-07-09 01:03:43,611 [ERROR] LogOutputStream:75 - [STDERR_REDIRECT] 
2026-07-09 01:03:43,662 [ERROR] LogOutputStream:75 - [STDERR_REDIRECT] [Fatal Error] :1:1: Premature end of file.
2026-07-09 01:03:43,662 [ERROR] LogOutputStream:75 - [STDERR_REDIRECT] 
2026-07-09 01:03:43,711 [ERROR] LogOutputStream:75 - [STDERR_REDIRECT] [Fatal Error] :1:1: Premature end of file.
2026-07-09 01:03:43,711 [ERROR] LogOutputStream:75 - [STDERR_REDIRECT] 
2026-07-09 01:03:43,766 [ERROR] LogOutputStream:75 - [STDERR_REDIRECT] [Fatal Error] :1:1: Premature end of file.
2026-07-09 01:03:43,766 [ERROR] LogOutputStream:75 - [STDERR_REDIRECT] 
2026-07-09 01:03:43,808 [ERROR] LogOutputStream:75 - [STDERR_REDIRECT] [Fatal Error] :1:1: Premature end of file.
2026-07-09 01:03:43,809 [ERROR] LogOutputStream:75 - [STDERR_REDIRECT] 
2026-07-09 01:03:43,865 [ERROR] LogOutputStream:75 - [STDERR_REDIRECT] [Fatal Error] :1:1: Premature end of file.
2026-07-09 01:03:43,865 [ERROR] LogOutputStream:75 - [STDERR_REDIRECT] 
2026-07-09 01:03:43,915 [ERROR] LogOutputStream:75 - [STDERR_REDIRECT] [Fatal Error] :1:1: Premature end of file.
2026-07-09 01:03:43,915 [ERROR] LogOutputStream:75 - [STDERR_REDIRECT] 
2026-07-09 01:03:43,961 [ERROR] LogOutputStream:75 - [STDERR_REDIRECT] [Fatal Error] :1:1: Premature end of file.
2026-07-09 01:03:43,961 [ERROR] LogOutputStream:75 - [STDERR_REDIRECT] 
2026-07-09 01:03:44,013 [ERROR] LogOutputStream:75 - [STDERR_REDIRECT] [Fatal Error] :1:1: Premature end of file.
2026-07-09 01:03:44,013 [ERROR] LogOutputStream:75 - [STDERR_REDIRECT] 
2026-07-09 01:03:44,070 [ERROR] LogOutputStream:75 - [STDERR_REDIRECT] [Fatal Error] :1:1: Premature end of file.
2026-07-09 01:03:44,071 [ERROR] LogOutputStream:75 - [STDERR_REDIRECT] 
2026-07-09 01:03:44,125 [ERROR] LogOutputStream:75 - [STDERR_REDIRECT] [Fatal Error] :1:1: Premature end of file.
2026-07-09 01:03:44,125 [ERROR] LogOutputStream:75 - [STDERR_REDIRECT] 
2026-07-09 01:03:44,173 [ERROR] LogOutputStream:75 - [STDERR_REDIRECT] [Fatal Error] :1:1: Premature end of file.
2026-07-09 01:03:44,175 [ERROR] LogOutputStream:75 - [STDERR_REDIRECT] 
2026-07-09 01:03:44,235 [ERROR] LogOutputStream:75 - [STDERR_REDIRECT] [Fatal Error] :1:1: Premature end of file.
2026-07-09 01:03:44,235 [ERROR] LogOutputStream:75 - [STDERR_REDIRECT] 
2026-07-09 01:03:44,299 [ERROR] LogOutputStream:75 - [STDERR_REDIRECT] [Fatal Error] :1:1: Premature end of file.
2026-07-09 01:03:44,300 [ERROR] LogOutputStream:75 - [STDERR_REDIRECT] 
2026-07-09 01:03:44,352 [ERROR] LogOutputStream:75 - [STDERR_REDIRECT] [Fatal Error] :1:1: Premature end of file.
2026-07-09 01:03:44,352 [ERROR] LogOutputStream:75 - [STDERR_REDIRECT] 
2026-07-09 01:03:44,415 [ERROR] LogOutputStream:75 - [STDERR_REDIRECT] [Fatal Error] :1:1: Premature end of file.
2026-07-09 01:03:44,415 [ERROR] LogOutputStream:75 - [STDERR_REDIRECT] 
2026-07-09 01:03:44,463 [ERROR] LogOutputStream:75 - [STDERR_REDIRECT] [Fatal Error] :1:1: Premature end of file.
2026-07-09 01:03:44,463 [ERROR] LogOutputStream:75 - [STDERR_REDIRECT] 
2026-07-09 01:03:44,514 [ERROR] LogOutputStream:75 - [STDERR_REDIRECT] [Fatal Error] :1:1: Premature end of file.
2026-07-09 01:03:44,515 [ERROR] LogOutputStream:75 - [STDERR_REDIRECT] 
2026-07-09 01:03:44,575 [ERROR] LogOutputStream:75 - [STDERR_REDIRECT] [Fatal Error] :1:1: Premature end of file.
2026-07-09 01:03:44,575 [ERROR] LogOutputStream:75 - [STDERR_REDIRECT] 
2026-07-09 01:03:44,625 [ERROR] LogOutputStream:75 - [STDERR_REDIRECT] [Fatal Error] :1:1: Premature end of file.
2026-07-09 01:03:44,625 [ERROR] LogOutputStream:75 - [STDERR_REDIRECT] 
2026-07-09 01:03:44,677 [ERROR] LogOutputStream:75 - [STDERR_REDIRECT] [Fatal Error] :1:1: Premature end of file.
2026-07-09 01:03:44,677 [ERROR] LogOutputStream:75 - [STDERR_REDIRECT] 
2026-07-09 01:03:44,728 [ERROR] LogOutputStream:75 - [STDERR_REDIRECT] [Fatal Error] :1:1: Premature end of file.
2026-07-09 01:03:44,728 [ERROR] LogOutputStream:75 - [STDERR_REDIRECT] 
2026-07-09 01:03:44,777 [ERROR] LogOutputStream:75 - [STDERR_REDIRECT] [Fatal Error] :1:1: Premature end of file.
2026-07-09 01:03:44,778 [ERROR] LogOutputStream:75 - [STDERR_REDIRECT] 
2026-07-09 01:03:44,824 [ERROR] LogOutputStream:75 - [STDERR_REDIRECT] [Fatal Error] :1:1: Premature end of file.
2026-07-09 01:03:44,824 [ERROR] LogOutputStream:75 - [STDERR_REDIRECT] 
2026-07-09 01:03:44,869 [ERROR] LogOutputStream:75 - [STDERR_REDIRECT] [Fatal Error] :1:1: Premature end of file.
2026-07-09 01:03:44,869 [ERROR] LogOutputStream:75 - [STDERR_REDIRECT] 
2026-07-09 01:03:44,925 [ERROR] LogOutputStream:75 - [STDERR_REDIRECT] [Fatal Error] :1:1: Premature end of file.
2026-07-09 01:03:44,928 [ERROR] LogOutputStream:75 - [STDERR_REDIRECT] 
2026-07-09 01:03:44,982 [ERROR] LogOutputStream:75 - [STDERR_REDIRECT] [Fatal Error] :1:1: Premature end of file.
2026-07-09 01:03:44,982 [ERROR] LogOutputStream:75 - [STDERR_REDIRECT] 
2026-07-09 01:03:45,047 [ERROR] LogOutputStream:75 - [STDERR_REDIRECT] [Fatal Error] :1:1: Premature end of file.
2026-07-09 01:03:45,048 [ERROR] LogOutputStream:75 - [STDERR_REDIRECT] 
2026-07-09 01:03:45,098 [ERROR] LogOutputStream:75 - [STDERR_REDIRECT] [Fatal Error] :1:1: Premature end of file.
2026-07-09 01:03:45,099 [ERROR] LogOutputStream:75 - [STDERR_REDIRECT] 
2026-07-09 01:03:45,152 [ERROR] LogOutputStream:75 - [STDERR_REDIRECT] [Fatal Error] :1:1: Premature end of file.
2026-07-09 01:03:45,153 [ERROR] LogOutputStream:75 - [STDERR_REDIRECT] 
2026-07-09 01:03:45,226 [ERROR] LogOutputStream:75 - [STDERR_REDIRECT] [Fatal Error] :1:1: Premature end of file.
2026-07-09 01:03:45,227 [ERROR] LogOutputStream:75 - [STDERR_REDIRECT] 
2026-07-09 01:03:45,292 [ERROR] LogOutputStream:75 - [STDERR_REDIRECT] [Fatal Error] :1:1: Premature end of file.
2026-07-09 01:03:45,293 [ERROR] LogOutputStream:75 - [STDERR_REDIRECT] 
2026-07-09 01:03:45,363 [ERROR] LogOutputStream:75 - [STDERR_REDIRECT] [Fatal Error] :1:1: Premature end of file.
2026-07-09 01:03:45,365 [ERROR] LogOutputStream:75 - [STDERR_REDIRECT] 
2026-07-09 01:03:45,419 [ERROR] LogOutputStream:75 - [STDERR_REDIRECT] [Fatal Error] :1:1: Premature end of file.
2026-07-09 01:03:45,420 [ERROR] LogOutputStream:75 - [STDERR_REDIRECT] 
2026-07-09 01:03:45,475 [ERROR] LogOutputStream:75 - [STDERR_REDIRECT] [Fatal Error] :1:1: Premature end of file.
2026-07-09 01:03:45,475 [ERROR] LogOutputStream:75 - [STDERR_REDIRECT] 
2026-07-09 01:03:45,530 [ERROR] LogOutputStream:75 - [STDERR_REDIRECT] [Fatal Error] :1:1: Premature end of file.
2026-07-09 01:03:45,531 [ERROR] LogOutputStream:75 - [STDERR_REDIRECT] 
2026-07-09 01:03:45,580 [ERROR] LogOutputStream:75 - [STDERR_REDIRECT] [Fatal Error] :1:1: Premature end of file.
2026-07-09 01:03:45,580 [ERROR] LogOutputStream:75 - [STDERR_REDIRECT] 
2026-07-09 01:03:45,647 [ERROR] LogOutputStream:75 - [STDERR_REDIRECT] [Fatal Error] :1:1: Premature end of file.
2026-07-09 01:03:45,648 [ERROR] LogOutputStream:75 - [STDERR_REDIRECT] 
2026-07-09 01:03:45,719 [ERROR] LogOutputStream:75 - [STDERR_REDIRECT] [Fatal Error] :1:1: Premature end of file.
2026-07-09 01:03:45,720 [ERROR] LogOutputStream:75 - [STDERR_REDIRECT] 
2026-07-09 01:03:45,769 [ERROR] LogOutputStream:75 - [STDERR_REDIRECT] [Fatal Error] :1:1: Premature end of file.
2026-07-09 01:03:45,769 [ERROR] LogOutputStream:75 - [STDERR_REDIRECT] 
2026-07-09 01:03:45,837 [ERROR] LogOutputStream:75 - [STDERR_REDIRECT] [Fatal Error] :1:1: Premature end of file.
2026-07-09 01:03:45,841 [ERROR] LogOutputStream:75 - [STDERR_REDIRECT] 
2026-07-09 01:03:45,947 [ERROR] LogOutputStream:75 - [STDERR_REDIRECT] [Fatal Error] :1:1: Premature end of file.
2026-07-09 01:03:45,947 [ERROR] LogOutputStream:75 - [STDERR_REDIRECT] 
2026-07-09 01:03:46,030 [ERROR] LogOutputStream:75 - [STDERR_REDIRECT] [Fatal Error] :1:1: Premature end of file.
2026-07-09 01:03:46,031 [ERROR] LogOutputStream:75 - [STDERR_REDIRECT] 
2026-07-09 01:03:46,097 [ERROR] LogOutputStream:75 - [STDERR_REDIRECT] [Fatal Error] :1:1: Premature end of file.
2026-07-09 01:03:46,097 [ERROR] LogOutputStream:75 - [STDERR_REDIRECT] 
2026-07-09 01:03:46,162 [ERROR] LogOutputStream:75 - [STDERR_REDIRECT] [Fatal Error] :1:1: Premature end of file.
2026-07-09 01:03:46,162 [ERROR] LogOutputStream:75 - [STDERR_REDIRECT] 
2026-07-09 01:03:46,216 [ERROR] LogOutputStream:75 - [STDERR_REDIRECT] [Fatal Error] :1:1: Premature end of file.
2026-07-09 01:03:46,216 [ERROR] LogOutputStream:75 - [STDERR_REDIRECT] 
2026-07-09 01:03:46,282 [ERROR] LogOutputStream:75 - [STDERR_REDIRECT] [Fatal Error] :1:1: Premature end of file.
2026-07-09 01:03:46,282 [ERROR] LogOutputStream:75 - [STDERR_REDIRECT] 
2026-07-09 01:03:51,973 [ERROR] LogOutputStream:75 - [STDERR_REDIRECT] [Fatal Error] :1:1: Premature end of file.
2026-07-09 01:03:51,973 [ERROR] LogOutputStream:75 - [STDERR_REDIRECT] 
2026-07-09 01:03:52,028 [ERROR] LogOutputStream:75 - [STDERR_REDIRECT] [Fatal Error] :1:1: Premature end of file.
2026-07-09 01:03:52,028 [ERROR] LogOutputStream:75 - [STDERR_REDIRECT] 
2026-07-09 01:03:52,075 [ERROR] LogOutputStream:75 - [STDERR_REDIRECT] [Fatal Error] :1:1: Premature end of file.
2026-07-09 01:03:52,075 [ERROR] LogOutputStream:75 - [STDERR_REDIRECT] 
2026-07-09 01:03:52,128 [ERROR] LogOutputStream:75 - [STDERR_REDIRECT] [Fatal Error] :1:1: Premature end of file.
2026-07-09 01:03:52,128 [ERROR] LogOutputStream:75 - [STDERR_REDIRECT] 
2026-07-09 01:03:52,174 [ERROR] LogOutputStream:75 - [STDERR_REDIRECT] [Fatal Error] :1:1: Premature end of file.
2026-07-09 01:03:52,174 [ERROR] LogOutputStream:75 - [STDERR_REDIRECT] 
2026-07-09 01:03:52,232 [ERROR] LogOutputStream:75 - [STDERR_REDIRECT] [Fatal Error] :1:1: Premature end of file.
2026-07-09 01:03:52,233 [ERROR] LogOutputStream:75 - [STDERR_REDIRECT] 
2026-07-09 01:03:52,306 [ERROR] LogOutputStream:75 - [STDERR_REDIRECT] [Fatal Error] :1:1: Premature end of file.
2026-07-09 01:03:52,307 [ERROR] LogOutputStream:75 - [STDERR_REDIRECT] 
2026-07-09 01:03:52,419 [ERROR] LogOutputStream:75 - [STDERR_REDIRECT] [Fatal Error] :1:1: Premature end of file.
2026-07-09 01:03:52,420 [ERROR] LogOutputStream:75 - [STDERR_REDIRECT] 
2026-07-09 01:03:52,473 [ERROR] LogOutputStream:75 - [STDERR_REDIRECT] [Fatal Error] :1:1: Premature end of file.
2026-07-09 01:03:52,473 [ERROR] LogOutputStream:75 - [STDERR_REDIRECT] 
2026-07-09 01:03:52,524 [ERROR] LogOutputStream:75 - [STDERR_REDIRECT] [Fatal Error] :1:1: Premature end of file.
2026-07-09 01:03:52,524 [ERROR] LogOutputStream:75 - [STDERR_REDIRECT] 
2026-07-09 01:03:52,574 [ERROR] LogOutputStream:75 - [STDERR_REDIRECT] [Fatal Error] :1:1: Premature end of file.
2026-07-09 01:03:52,574 [ERROR] LogOutputStream:75 - [STDERR_REDIRECT] 
2026-07-09 01:03:52,634 [ERROR] LogOutputStream:75 - [STDERR_REDIRECT] [Fatal Error] :1:1: Premature end of file.
2026-07-09 01:03:52,634 [ERROR] LogOutputStream:75 - [STDERR_REDIRECT] 
2026-07-09 01:03:52,683 [ERROR] LogOutputStream:75 - [STDERR_REDIRECT] [Fatal Error] :1:1: Premature end of file.
2026-07-09 01:03:52,684 [ERROR] LogOutputStream:75 - [STDERR_REDIRECT] 
2026-07-09 01:03:52,733 [ERROR] LogOutputStream:75 - [STDERR_REDIRECT] [Fatal Error] :1:1: Premature end of file.
2026-07-09 01:03:52,733 [ERROR] LogOutputStream:75 - [STDERR_REDIRECT] 
2026-07-09 01:03:52,790 [ERROR] LogOutputStream:75 - [STDERR_REDIRECT] [Fatal Error] :1:1: Premature end of file.
2026-07-09 01:03:52,790 [ERROR] LogOutputStream:75 - [STDERR_REDIRECT] 
2026-07-09 01:03:52,844 [ERROR] LogOutputStream:75 - [STDERR_REDIRECT] [Fatal Error] :1:1: Premature end of file.
2026-07-09 01:03:52,844 [ERROR] LogOutputStream:75 - [STDERR_REDIRECT] 
2026-07-09 01:03:52,903 [ERROR] LogOutputStream:75 - [STDERR_REDIRECT] [Fatal Error] :1:1: Premature end of file.
2026-07-09 01:03:52,903 [ERROR] LogOutputStream:75 - [STDERR_REDIRECT] 
2026-07-09 01:03:52,951 [ERROR] LogOutputStream:75 - [STDERR_REDIRECT] [Fatal Error] :1:1: Premature end of file.
2026-07-09 01:03:52,951 [ERROR] LogOutputStream:75 - [STDERR_REDIRECT] 
2026-07-09 01:03:52,994 [ERROR] LogOutputStream:75 - [STDERR_REDIRECT] [Fatal Error] :1:1: Premature end of file.
2026-07-09 01:03:52,994 [ERROR] LogOutputStream:75 - [STDERR_REDIRECT] 
2026-07-09 01:03:53,042 [ERROR] LogOutputStream:75 - [STDERR_REDIRECT] [Fatal Error] :1:1: Premature end of file.
2026-07-09 01:03:53,042 [ERROR] LogOutputStream:75 - [STDERR_REDIRECT] 
2026-07-09 01:03:53,085 [ERROR] LogOutputStream:75 - [STDERR_REDIRECT] [Fatal Error] :1:1: Premature end of file.
2026-07-09 01:03:53,085 [ERROR] LogOutputStream:75 - [STDERR_REDIRECT] 
2026-07-09 01:03:53,126 [ERROR] LogOutputStream:75 - [STDERR_REDIRECT] [Fatal Error] :1:1: Premature end of file.
2026-07-09 01:03:53,126 [ERROR] LogOutputStream:75 - [STDERR_REDIRECT] 
2026-07-09 01:03:53,183 [ERROR] LogOutputStream:75 - [STDERR_REDIRECT] [Fatal Error] :1:1: Premature end of file.
2026-07-09 01:03:53,183 [ERROR] LogOutputStream:75 - [STDERR_REDIRECT] 
2026-07-09 01:03:53,239 [ERROR] LogOutputStream:75 - [STDERR_REDIRECT] [Fatal Error] :1:1: Premature end of file.
2026-07-09 01:03:53,239 [ERROR] LogOutputStream:75 - [STDERR_REDIRECT] 
2026-07-09 01:03:53,299 [ERROR] LogOutputStream:75 - [STDERR_REDIRECT] [Fatal Error] :1:1: Premature end of file.
2026-07-09 01:03:53,299 [ERROR] LogOutputStream:75 - [STDERR_REDIRECT] 
2026-07-09 01:03:53,375 [ERROR] LogOutputStream:75 - [STDERR_REDIRECT] [Fatal Error] :1:1: Premature end of file.
2026-07-09 01:03:53,375 [ERROR] LogOutputStream:75 - [STDERR_REDIRECT] 
2026-07-09 01:03:53,435 [ERROR] LogOutputStream:75 - [STDERR_REDIRECT] [Fatal Error] :1:1: Premature end of file.
2026-07-09 01:03:53,435 [ERROR] LogOutputStream:75 - [STDERR_REDIRECT] 
2026-07-09 01:03:53,496 [ERROR] LogOutputStream:75 - [STDERR_REDIRECT] [Fatal Error] :1:1: Premature end of file.
2026-07-09 01:03:53,497 [ERROR] LogOutputStream:75 - [STDERR_REDIRECT] 
2026-07-09 01:03:53,556 [ERROR] LogOutputStream:75 - [STDERR_REDIRECT] [Fatal Error] :1:1: Premature end of file.
2026-07-09 01:03:53,557 [ERROR] LogOutputStream:75 - [STDERR_REDIRECT] 
2026-07-09 01:03:53,601 [ERROR] LogOutputStream:75 - [STDERR_REDIRECT] [Fatal Error] :1:1: Premature end of file.
2026-07-09 01:03:53,601 [ERROR] LogOutputStream:75 - [STDERR_REDIRECT] 
2026-07-09 01:03:53,654 [ERROR] LogOutputStream:75 - [STDERR_REDIRECT] [Fatal Error] :1:1: Premature end of file.
2026-07-09 01:03:53,654 [ERROR] LogOutputStream:75 - [STDERR_REDIRECT] 
2026-07-09 01:03:53,716 [ERROR] LogOutputStream:75 - [STDERR_REDIRECT] [Fatal Error] :1:1: Premature end of file.
2026-07-09 01:03:53,716 [ERROR] LogOutputStream:75 - [STDERR_REDIRECT] 
2026-07-09 01:03:53,770 [ERROR] LogOutputStream:75 - [STDERR_REDIRECT] [Fatal Error] :1:1: Premature end of file.
2026-07-09 01:03:53,771 [ERROR] LogOutputStream:75 - [STDERR_REDIRECT] 
2026-07-09 01:03:53,824 [ERROR] LogOutputStream:75 - [STDERR_REDIRECT] [Fatal Error] :1:1: Premature end of file.
2026-07-09 01:03:53,825 [ERROR] LogOutputStream:75 - [STDERR_REDIRECT] 
2026-07-09 01:03:53,886 [ERROR] LogOutputStream:75 - [STDERR_REDIRECT] [Fatal Error] :1:1: Premature end of file.
2026-07-09 01:03:53,887 [ERROR] LogOutputStream:75 - [STDERR_REDIRECT] 
2026-07-09 01:03:53,944 [ERROR] LogOutputStream:75 - [STDERR_REDIRECT] [Fatal Error] :1:1: Premature end of file.
2026-07-09 01:03:53,944 [ERROR] LogOutputStream:75 - [STDERR_REDIRECT] 
2026-07-09 01:03:54,004 [ERROR] LogOutputStream:75 - [STDERR_REDIRECT] [Fatal Error] :1:1: Premature end of file.
2026-07-09 01:03:54,005 [ERROR] LogOutputStream:75 - [STDERR_REDIRECT] 
2026-07-09 01:03:54,057 [ERROR] LogOutputStream:75 - [STDERR_REDIRECT] [Fatal Error] :1:1: Premature end of file.
2026-07-09 01:03:54,057 [ERROR] LogOutputStream:75 - [STDERR_REDIRECT] 
2026-07-09 01:03:54,268 [ERROR] LogOutputStream:75 - [STDERR_REDIRECT] [Fatal Error] :1:1: Premature end of file.
2026-07-09 01:03:54,268 [ERROR] LogOutputStream:75 - [STDERR_REDIRECT] 
2026-07-09 01:03:54,323 [ERROR] LogOutputStream:75 - [STDERR_REDIRECT] [Fatal Error] :1:1: Premature end of file.
2026-07-09 01:03:54,323 [ERROR] LogOutputStream:75 - [STDERR_REDIRECT] 
2026-07-09 01:03:54,385 [ERROR] LogOutputStream:75 - [STDERR_REDIRECT] [Fatal Error] :1:1: Premature end of file.
2026-07-09 01:03:54,385 [ERROR] LogOutputStream:75 - [STDERR_REDIRECT] 
2026-07-09 01:03:54,434 [ERROR] LogOutputStream:75 - [STDERR_REDIRECT] [Fatal Error] :1:1: Premature end of file.
2026-07-09 01:03:54,434 [ERROR] LogOutputStream:75 - [STDERR_REDIRECT] 
2026-07-09 01:03:54,483 [ERROR] LogOutputStream:75 - [STDERR_REDIRECT] [Fatal Error] :1:1: Premature end of file.
2026-07-09 01:03:54,484 [ERROR] LogOutputStream:75 - [STDERR_REDIRECT] 
2026-07-09 01:03:54,528 [ERROR] LogOutputStream:75 - [STDERR_REDIRECT] [Fatal Error] :1:1: Premature end of file.
2026-07-09 01:03:54,528 [ERROR] LogOutputStream:75 - [STDERR_REDIRECT] 
2026-07-09 01:03:54,577 [ERROR] LogOutputStream:75 - [STDERR_REDIRECT] [Fatal Error] :1:1: Premature end of file.
2026-07-09 01:03:54,577 [ERROR] LogOutputStream:75 - [STDERR_REDIRECT] 
2026-07-09 01:03:54,625 [ERROR] LogOutputStream:75 - [STDERR_REDIRECT] [Fatal Error] :1:1: Premature end of file.
2026-07-09 01:03:54,625 [ERROR] LogOutputStream:75 - [STDERR_REDIRECT] 
2026-07-09 01:03:54,674 [ERROR] LogOutputStream:75 - [STDERR_REDIRECT] [Fatal Error] :1:1: Premature end of file.
2026-07-09 01:03:54,675 [ERROR] LogOutputStream:75 - [STDERR_REDIRECT] 
2026-07-09 01:03:54,723 [ERROR] LogOutputStream:75 - [STDERR_REDIRECT] [Fatal Error] :1:1: Premature end of file.
2026-07-09 01:03:54,723 [ERROR] LogOutputStream:75 - [STDERR_REDIRECT] 
2026-07-09 01:03:54,791 [ERROR] LogOutputStream:75 - [STDERR_REDIRECT] [Fatal Error] :1:1: Premature end of file.
2026-07-09 01:03:54,791 [ERROR] LogOutputStream:75 - [STDERR_REDIRECT] 
2026-07-09 01:03:54,848 [ERROR] LogOutputStream:75 - [STDERR_REDIRECT] [Fatal Error] :1:1: Premature end of file.
2026-07-09 01:03:54,849 [ERROR] LogOutputStream:75 - [STDERR_REDIRECT] 
2026-07-09 01:03:54,904 [ERROR] LogOutputStream:75 - [STDERR_REDIRECT] [Fatal Error] :1:1: Premature end of file.
2026-07-09 01:03:54,904 [ERROR] LogOutputStream:75 - [STDERR_REDIRECT] 
2026-07-09 01:03:54,952 [ERROR] LogOutputStream:75 - [STDERR_REDIRECT] [Fatal Error] :1:1: Premature end of file.
2026-07-09 01:03:54,953 [ERROR] LogOutputStream:75 - [STDERR_REDIRECT] 
2026-07-09 01:03:55,001 [ERROR] LogOutputStream:75 - [STDERR_REDIRECT] [Fatal Error] :1:1: Premature end of file.
2026-07-09 01:03:55,002 [ERROR] LogOutputStream:75 - [STDERR_REDIRECT] 
2026-07-09 01:03:55,050 [ERROR] LogOutputStream:75 - [STDERR_REDIRECT] [Fatal Error] :1:1: Premature end of file.
2026-07-09 01:03:55,051 [ERROR] LogOutputStream:75 - [STDERR_REDIRECT] 
2026-07-09 01:03:55,099 [ERROR] LogOutputStream:75 - [STDERR_REDIRECT] [Fatal Error] :1:1: Premature end of file.
2026-07-09 01:03:55,099 [ERROR] LogOutputStream:75 - [STDERR_REDIRECT] 
2026-07-09 01:03:55,147 [ERROR] LogOutputStream:75 - [STDERR_REDIRECT] [Fatal Error] :1:1: Premature end of file.
2026-07-09 01:03:55,147 [ERROR] LogOutputStream:75 - [STDERR_REDIRECT] 
2026-07-09 01:03:55,193 [ERROR] LogOutputStream:75 - [STDERR_REDIRECT] [Fatal Error] :1:1: Premature end of file.
2026-07-09 01:03:55,194 [ERROR] LogOutputStream:75 - [STDERR_REDIRECT] 
2026-07-09 01:03:55,242 [ERROR] LogOutputStream:75 - [STDERR_REDIRECT] [Fatal Error] :1:1: Premature end of file.
2026-07-09 01:03:55,242 [ERROR] LogOutputStream:75 - [STDERR_REDIRECT] 
2026-07-09 01:03:55,299 [ERROR] LogOutputStream:75 - [STDERR_REDIRECT] [Fatal Error] :1:1: Premature end of file.
2026-07-09 01:03:55,300 [ERROR] LogOutputStream:75 - [STDERR_REDIRECT] 
2026-07-09 01:03:55,348 [ERROR] LogOutputStream:75 - [STDERR_REDIRECT] [Fatal Error] :1:1: Premature end of file.
2026-07-09 01:03:55,348 [ERROR] LogOutputStream:75 - [STDERR_REDIRECT] 
2026-07-09 01:03:55,397 [ERROR] LogOutputStream:75 - [STDERR_REDIRECT] [Fatal Error] :1:1: Premature end of file.
2026-07-09 01:03:55,398 [ERROR] LogOutputStream:75 - [STDERR_REDIRECT] 
2026-07-09 01:03:55,442 [ERROR] LogOutputStream:75 - [STDERR_REDIRECT] [Fatal Error] :1:1: Premature end of file.
2026-07-09 01:03:55,443 [ERROR] LogOutputStream:75 - [STDERR_REDIRECT] 
2026-07-09 01:03:55,487 [ERROR] LogOutputStream:75 - [STDERR_REDIRECT] [Fatal Error] :1:1: Premature end of file.
2026-07-09 01:03:55,487 [ERROR] LogOutputStream:75 - [STDERR_REDIRECT] 
2026-07-09 01:03:55,539 [ERROR] LogOutputStream:75 - [STDERR_REDIRECT] [Fatal Error] :1:1: Premature end of file.
2026-07-09 01:03:55,540 [ERROR] LogOutputStream:75 - [STDERR_REDIRECT] 
2026-07-09 01:03:55,583 [ERROR] LogOutputStream:75 - [STDERR_REDIRECT] [Fatal Error] :1:1: Premature end of file.
2026-07-09 01:03:55,583 [ERROR] LogOutputStream:75 - [STDERR_REDIRECT] 
2026-07-09 01:03:55,629 [ERROR] LogOutputStream:75 - [STDERR_REDIRECT] [Fatal Error] :1:1: Premature end of file.
2026-07-09 01:03:55,630 [ERROR] LogOutputStream:75 - [STDERR_REDIRECT] 
2026-07-09 01:03:55,685 [ERROR] LogOutputStream:75 - [STDERR_REDIRECT] [Fatal Error] :1:1: Premature end of file.
2026-07-09 01:03:55,687 [ERROR] LogOutputStream:75 - [STDERR_REDIRECT] 
2026-07-09 01:03:55,738 [ERROR] LogOutputStream:75 - [STDERR_REDIRECT] [Fatal Error] :1:1: Premature end of file.
2026-07-09 01:03:55,738 [ERROR] LogOutputStream:75 - [STDERR_REDIRECT] 
2026-07-09 01:03:55,784 [ERROR] LogOutputStream:75 - [STDERR_REDIRECT] [Fatal Error] :1:1: Premature end of file.
2026-07-09 01:03:55,784 [ERROR] LogOutputStream:75 - [STDERR_REDIRECT] 
2026-07-09 01:03:55,843 [ERROR] LogOutputStream:75 - [STDERR_REDIRECT] [Fatal Error] :1:1: Premature end of file.
2026-07-09 01:03:55,843 [ERROR] LogOutputStream:75 - [STDERR_REDIRECT] 
2026-07-09 01:03:55,890 [ERROR] LogOutputStream:75 - [STDERR_REDIRECT] [Fatal Error] :1:1: Premature end of file.
2026-07-09 01:03:55,890 [ERROR] LogOutputStream:75 - [STDERR_REDIRECT] 
2026-07-09 01:03:55,941 [ERROR] LogOutputStream:75 - [STDERR_REDIRECT] [Fatal Error] :1:1: Premature end of file.
2026-07-09 01:03:55,942 [ERROR] LogOutputStream:75 - [STDERR_REDIRECT] 
2026-07-09 01:03:55,986 [ERROR] LogOutputStream:75 - [STDERR_REDIRECT] [Fatal Error] :1:1: Premature end of file.
2026-07-09 01:03:55,986 [ERROR] LogOutputStream:75 - [STDERR_REDIRECT] 
2026-07-09 01:03:56,031 [ERROR] LogOutputStream:75 - [STDERR_REDIRECT] [Fatal Error] :1:1: Premature end of file.
2026-07-09 01:03:56,032 [ERROR] LogOutputStream:75 - [STDERR_REDIRECT] 
2026-07-09 01:03:56,077 [ERROR] LogOutputStream:75 - [STDERR_REDIRECT] [Fatal Error] :1:1: Premature end of file.
2026-07-09 01:03:56,077 [ERROR] LogOutputStream:75 - [STDERR_REDIRECT] 
2026-07-09 01:03:56,127 [ERROR] LogOutputStream:75 - [STDERR_REDIRECT] [Fatal Error] :1:1: Premature end of file.
2026-07-09 01:03:56,127 [ERROR] LogOutputStream:75 - [STDERR_REDIRECT] 
2026-07-09 01:03:56,173 [ERROR] LogOutputStream:75 - [STDERR_REDIRECT] [Fatal Error] :1:1: Premature end of file.
2026-07-09 01:03:56,173 [ERROR] LogOutputStream:75 - [STDERR_REDIRECT] 
2026-07-09 01:03:56,224 [ERROR] LogOutputStream:75 - [STDERR_REDIRECT] [Fatal Error] :1:1: Premature end of file.
2026-07-09 01:03:56,224 [ERROR] LogOutputStream:75 - [STDERR_REDIRECT] 
2026-07-09 01:03:56,270 [ERROR] LogOutputStream:75 - [STDERR_REDIRECT] [Fatal Error] :1:1: Premature end of file.
2026-07-09 01:03:56,270 [ERROR] LogOutputStream:75 - [STDERR_REDIRECT] 
2026-07-09 01:03:56,316 [ERROR] LogOutputStream:75 - [STDERR_REDIRECT] [Fatal Error] :1:1: Premature end of file.
2026-07-09 01:03:56,316 [ERROR] LogOutputStream:75 - [STDERR_REDIRECT] 
2026-07-09 01:03:56,362 [ERROR] LogOutputStream:75 - [STDERR_REDIRECT] [Fatal Error] :1:1: Premature end of file.
2026-07-09 01:03:56,362 [ERROR] LogOutputStream:75 - [STDERR_REDIRECT] 
2026-07-09 01:03:56,409 [ERROR] LogOutputStream:75 - [STDERR_REDIRECT] [Fatal Error] :1:1: Premature end of file.
2026-07-09 01:03:56,409 [ERROR] LogOutputStream:75 - [STDERR_REDIRECT] 
2026-07-09 01:03:56,457 [ERROR] LogOutputStream:75 - [STDERR_REDIRECT] [Fatal Error] :1:1: Premature end of file.
2026-07-09 01:03:56,458 [ERROR] LogOutputStream:75 - [STDERR_REDIRECT] 
2026-07-09 01:03:56,504 [ERROR] LogOutputStream:75 - [STDERR_REDIRECT] [Fatal Error] :1:1: Premature end of file.
2026-07-09 01:03:56,504 [ERROR] LogOutputStream:75 - [STDERR_REDIRECT] 
2026-07-09 01:03:56,551 [ERROR] LogOutputStream:75 - [STDERR_REDIRECT] [Fatal Error] :1:1: Premature end of file.
2026-07-09 01:03:56,551 [ERROR] LogOutputStream:75 - [STDERR_REDIRECT] 
2026-07-09 01:03:56,591 [ERROR] LogOutputStream:75 - [STDERR_REDIRECT] [Fatal Error] :1:1: Premature end of file.
2026-07-09 01:03:56,592 [ERROR] LogOutputStream:75 - [STDERR_REDIRECT] 
2026-07-09 01:03:57,018 [ERROR] LogOutputStream:75 - [STDERR_REDIRECT] [Fatal Error] :1:1: Premature end of file.
2026-07-09 01:03:57,018 [ERROR] LogOutputStream:75 - [STDERR_REDIRECT] 
2026-07-09 01:03:58,009 [ERROR] LogOutputStream:75 - [STDERR_REDIRECT] [Fatal Error] :1:1: Premature end of file.
2026-07-09 01:03:58,010 [ERROR] LogOutputStream:75 - [STDERR_REDIRECT] 
2026-07-09 01:03:59,012 [ERROR] LogOutputStream:75 - [STDERR_REDIRECT] [Fatal Error] :1:1: Premature end of file.
2026-07-09 01:03:59,013 [ERROR] LogOutputStream:75 - [STDERR_REDIRECT] 
2026-07-09 01:04:00,008 [ERROR] LogOutputStream:75 - [STDERR_REDIRECT] [Fatal Error] :1:1: Premature end of file.
2026-07-09 01:04:00,008 [ERROR] LogOutputStream:75 - [STDERR_REDIRECT] 
2026-07-09 01:04:01,019 [ERROR] LogOutputStream:75 - [STDERR_REDIRECT] [Fatal Error] :1:1: Premature end of file.
2026-07-09 01:04:01,020 [ERROR] LogOutputStream:75 - [STDERR_REDIRECT] 
2026-07-09 01:04:02,022 [ERROR] LogOutputStream:75 - [STDERR_REDIRECT] [Fatal Error] :1:1: Premature end of file.
2026-07-09 01:04:02,023 [ERROR] LogOutputStream:75 - [STDERR_REDIRECT] 
2026-07-09 01:04:03,007 [ERROR] LogOutputStream:75 - [STDERR_REDIRECT] [Fatal Error] :1:1: Premature end of file.
2026-07-09 01:04:03,007 [ERROR] LogOutputStream:75 - [STDERR_REDIRECT] 
2026-07-09 01:04:04,020 [ERROR] LogOutputStream:75 - [STDERR_REDIRECT] [Fatal Error] :1:1: Premature end of file.
2026-07-09 01:04:04,021 [ERROR] LogOutputStream:75 - [STDERR_REDIRECT] 
2026-07-09 01:04:05,016 [ERROR] LogOutputStream:75 - [STDERR_REDIRECT] [Fatal Error] :1:1: Premature end of file.
2026-07-09 01:04:05,016 [ERROR] LogOutputStream:75 - [STDERR_REDIRECT] 
2026-07-09 01:04:06,016 [ERROR] LogOutputStream:75 - [STDERR_REDIRECT] [Fatal Error] :1:1: Premature end of file.
2026-07-09 01:04:06,016 [ERROR] LogOutputStream:75 - [STDERR_REDIRECT] 
2026-07-09 01:04:07,004 [ERROR] LogOutputStream:75 - [STDERR_REDIRECT] [Fatal Error] :1:1: Premature end of file.
2026-07-09 01:04:07,005 [ERROR] LogOutputStream:75 - [STDERR_REDIRECT] 
2026-07-09 01:04:08,103 [ERROR] LogOutputStream:75 - [STDERR_REDIRECT] [Fatal Error] :1:1: Premature end of file.
2026-07-09 01:04:08,103 [ERROR] LogOutputStream:75 - [STDERR_REDIRECT] 
2026-07-09 01:04:09,015 [ERROR] LogOutputStream:75 - [STDERR_REDIRECT] [Fatal Error] :1:1: Premature end of file.
2026-07-09 01:04:09,015 [ERROR] LogOutputStream:75 - [STDERR_REDIRECT] 
2026-07-09 01:04:10,018 [ERROR] LogOutputStream:75 - [STDERR_REDIRECT] [Fatal Error] :1:1: Premature end of file.
2026-07-09 01:04:10,018 [ERROR] LogOutputStream:75 - [STDERR_REDIRECT] 
2026-07-09 01:04:11,012 [ERROR] LogOutputStream:75 - [STDERR_REDIRECT] [Fatal Error] :1:1: Premature end of file.
2026-07-09 01:04:11,012 [ERROR] LogOutputStream:75 - [STDERR_REDIRECT] 
2026-07-09 01:04:12,016 [ERROR] LogOutputStream:75 - [STDERR_REDIRECT] [Fatal Error] :1:1: Premature end of file.
2026-07-09 01:04:12,016 [ERROR] LogOutputStream:75 - [STDERR_REDIRECT] 
2026-07-09 01:04:13,004 [ERROR] LogOutputStream:75 - [STDERR_REDIRECT] [Fatal Error] :1:1: Premature end of file.
2026-07-09 01:04:13,004 [ERROR] LogOutputStream:75 - [STDERR_REDIRECT] 
2026-07-09 01:04:14,840 [ERROR] LogOutputStream:75 - [STDERR_REDIRECT] [Fatal Error] :1:1: Premature end of file.
2026-07-09 01:04:14,840 [ERROR] LogOutputStream:75 - [STDERR_REDIRECT] 
2026-07-09 01:04:15,004 [ERROR] LogOutputStream:75 - [STDERR_REDIRECT] [Fatal Error] :1:1: Premature end of file.
2026-07-09 01:04:15,004 [ERROR] LogOutputStream:75 - [STDERR_REDIRECT] 
2026-07-09 01:04:16,003 [ERROR] LogOutputStream:75 - [STDERR_REDIRECT] [Fatal Error] :1:1: Premature end of file.
2026-07-09 01:04:16,003 [ERROR] LogOutputStream:75 - [STDERR_REDIRECT] 
2026-07-09 01:04:17,004 [ERROR] LogOutputStream:75 - [STDERR_REDIRECT] [Fatal Error] :1:1: Premature end of file.
2026-07-09 01:04:17,005 [ERROR] LogOutputStream:75 - [STDERR_REDIRECT] 
2026-07-09 01:04:18,017 [ERROR] LogOutputStream:75 - [STDERR_REDIRECT] [Fatal Error] :1:1: Premature end of file.
2026-07-09 01:04:18,017 [ERROR] LogOutputStream:75 - [STDERR_REDIRECT] 
2026-07-09 01:04:19,029 [ERROR] LogOutputStream:75 - [STDERR_REDIRECT] [Fatal Error] :1:1: Premature end of file.
2026-07-09 01:04:19,029 [ERROR] LogOutputStream:75 - [STDERR_REDIRECT] 
2026-07-09 01:04:44,745 [ERROR] LogOutputStream:75 - [STDERR_REDIRECT] [Fatal Error] :1:1: Premature end of file.
2026-07-09 01:04:44,746 [ERROR] LogOutputStream:75 - [STDERR_REDIRECT] 
2026-07-09 01:04:44,910 [ERROR] LogOutputStream:75 - [STDERR_REDIRECT] [Fatal Error] :1:1: Premature end of file.
2026-07-09 01:04:44,913 [ERROR] LogOutputStream:75 - [STDERR_REDIRECT] 
2026-07-09 01:04:45,059 [ERROR] LogOutputStream:75 - [STDERR_REDIRECT] [Fatal Error] :1:1: Premature end of file.
2026-07-09 01:04:45,060 [ERROR] LogOutputStream:75 - [STDERR_REDIRECT] 
2026-07-09 01:04:45,152 [ERROR] LogOutputStream:75 - [STDERR_REDIRECT] [Fatal Error] :1:1: Premature end of file.
2026-07-09 01:04:45,153 [ERROR] LogOutputStream:75 - [STDERR_REDIRECT] 
2026-07-09 01:04:45,249 [ERROR] LogOutputStream:75 - [STDERR_REDIRECT] [Fatal Error] :1:1: Premature end of file.
2026-07-09 01:04:45,249 [ERROR] LogOutputStream:75 - [STDERR_REDIRECT] 
2026-07-09 01:04:45,309 [ERROR] LogOutputStream:75 - [STDERR_REDIRECT] [Fatal Error] :1:1: Premature end of file.
2026-07-09 01:04:45,309 [ERROR] LogOutputStream:75 - [STDERR_REDIRECT] 
2026-07-09 01:04:45,366 [ERROR] LogOutputStream:75 - [STDERR_REDIRECT] [Fatal Error] :1:1: Premature end of file.
2026-07-09 01:04:45,367 [ERROR] LogOutputStream:75 - [STDERR_REDIRECT] 
2026-07-09 01:04:45,414 [ERROR] LogOutputStream:75 - [STDERR_REDIRECT] [Fatal Error] :1:1: Premature end of file.
2026-07-09 01:04:45,415 [ERROR] LogOutputStream:75 - [STDERR_REDIRECT] 
2026-07-09 01:04:45,474 [ERROR] LogOutputStream:75 - [STDERR_REDIRECT] [Fatal Error] :1:1: Premature end of file.
2026-07-09 01:04:45,474 [ERROR] LogOutputStream:75 - [STDERR_REDIRECT] 
2026-07-09 01:04:45,533 [ERROR] LogOutputStream:75 - [STDERR_REDIRECT] [Fatal Error] :1:1: Premature end of file.
2026-07-09 01:04:45,533 [ERROR] LogOutputStream:75 - [STDERR_REDIRECT] 
2026-07-09 01:04:45,585 [ERROR] LogOutputStream:75 - [STDERR_REDIRECT] [Fatal Error] :1:1: Premature end of file.
2026-07-09 01:04:45,585 [ERROR] LogOutputStream:75 - [STDERR_REDIRECT] 
2026-07-09 01:04:45,653 [ERROR] LogOutputStream:75 - [STDERR_REDIRECT] [Fatal Error] :1:1: Premature end of file.
2026-07-09 01:04:45,653 [ERROR] LogOutputStream:75 - [STDERR_REDIRECT] 
2026-07-09 01:04:45,727 [ERROR] LogOutputStream:75 - [STDERR_REDIRECT] [Fatal Error] :1:1: Premature end of file.
2026-07-09 01:04:45,727 [ERROR] LogOutputStream:75 - [STDERR_REDIRECT] 
2026-07-09 01:04:45,853 [ERROR] LogOutputStream:75 - [STDERR_REDIRECT] [Fatal Error] :1:1: Premature end of file.
2026-07-09 01:04:45,854 [ERROR] LogOutputStream:75 - [STDERR_REDIRECT] 
2026-07-09 01:04:45,942 [ERROR] LogOutputStream:75 - [STDERR_REDIRECT] [Fatal Error] :1:1: Premature end of file.
2026-07-09 01:04:45,942 [ERROR] LogOutputStream:75 - [STDERR_REDIRECT] 
2026-07-09 01:04:46,006 [ERROR] LogOutputStream:75 - [STDERR_REDIRECT] [Fatal Error] :1:1: Premature end of file.
2026-07-09 01:04:46,006 [ERROR] LogOutputStream:75 - [STDERR_REDIRECT] 
2026-07-09 01:04:46,054 [ERROR] LogOutputStream:75 - [STDERR_REDIRECT] [Fatal Error] :1:1: Premature end of file.
2026-07-09 01:04:46,054 [ERROR] LogOutputStream:75 - [STDERR_REDIRECT] 
2026-07-09 01:04:46,104 [ERROR] LogOutputStream:75 - [STDERR_REDIRECT] [Fatal Error] :1:1: Premature end of file.
2026-07-09 01:04:46,104 [ERROR] LogOutputStream:75 - [STDERR_REDIRECT] 
2026-07-09 01:04:46,151 [ERROR] LogOutputStream:75 - [STDERR_REDIRECT] [Fatal Error] :1:1: Premature end of file.
2026-07-09 01:04:46,151 [ERROR] LogOutputStream:75 - [STDERR_REDIRECT] 
2026-07-09 01:04:46,208 [ERROR] LogOutputStream:75 - [STDERR_REDIRECT] [Fatal Error] :1:1: Premature end of file.
2026-07-09 01:04:46,208 [ERROR] LogOutputStream:75 - [STDERR_REDIRECT] 
2026-07-09 01:04:46,267 [ERROR] LogOutputStream:75 - [STDERR_REDIRECT] [Fatal Error] :1:1: Premature end of file.
2026-07-09 01:04:46,267 [ERROR] LogOutputStream:75 - [STDERR_REDIRECT] 
2026-07-09 01:04:46,319 [ERROR] LogOutputStream:75 - [STDERR_REDIRECT] [Fatal Error] :1:1: Premature end of file.
2026-07-09 01:04:46,320 [ERROR] LogOutputStream:75 - [STDERR_REDIRECT] 
2026-07-09 01:04:46,375 [ERROR] LogOutputStream:75 - [STDERR_REDIRECT] [Fatal Error] :1:1: Premature end of file.
2026-07-09 01:04:46,375 [ERROR] LogOutputStream:75 - [STDERR_REDIRECT] 
2026-07-09 01:04:46,425 [ERROR] LogOutputStream:75 - [STDERR_REDIRECT] [Fatal Error] :1:1: Premature end of file.
2026-07-09 01:04:46,426 [ERROR] LogOutputStream:75 - [STDERR_REDIRECT] 
2026-07-09 01:04:46,473 [ERROR] LogOutputStream:75 - [STDERR_REDIRECT] [Fatal Error] :1:1: Premature end of file.
2026-07-09 01:04:46,473 [ERROR] LogOutputStream:75 - [STDERR_REDIRECT] 
2026-07-09 01:04:46,552 [ERROR] LogOutputStream:75 - [STDERR_REDIRECT] [Fatal Error] :1:1: Premature end of file.
2026-07-09 01:04:46,553 [ERROR] LogOutputStream:75 - [STDERR_REDIRECT] 
2026-07-09 01:04:46,614 [ERROR] LogOutputStream:75 - [STDERR_REDIRECT] [Fatal Error] :1:1: Premature end of file.
2026-07-09 01:04:46,614 [ERROR] LogOutputStream:75 - [STDERR_REDIRECT] 
2026-07-09 01:04:47,032 [ERROR] LogOutputStream:75 - [STDERR_REDIRECT] [Fatal Error] :1:1: Premature end of file.
2026-07-09 01:04:47,033 [ERROR] LogOutputStream:75 - [STDERR_REDIRECT] 
2026-07-09 01:04:48,013 [ERROR] LogOutputStream:75 - [STDERR_REDIRECT] [Fatal Error] :1:1: Premature end of file.
2026-07-09 01:04:48,014 [ERROR] LogOutputStream:75 - [STDERR_REDIRECT] 
2026-07-09 01:04:49,022 [ERROR] LogOutputStream:75 - [STDERR_REDIRECT] [Fatal Error] :1:1: Premature end of file.
2026-07-09 01:04:49,023 [ERROR] LogOutputStream:75 - [STDERR_REDIRECT] 
2026-07-09 01:04:50,017 [ERROR] LogOutputStream:75 - [STDERR_REDIRECT] [Fatal Error] :1:1: Premature end of file.
2026-07-09 01:04:50,018 [ERROR] LogOutputStream:75 - [STDERR_REDIRECT] 
2026-07-09 01:04:51,012 [ERROR] LogOutputStream:75 - [STDERR_REDIRECT] [Fatal Error] :1:1: Premature end of file.
2026-07-09 01:04:51,012 [ERROR] LogOutputStream:75 - [STDERR_REDIRECT] 
2026-07-09 01:04:52,020 [ERROR] LogOutputStream:75 - [STDERR_REDIRECT] [Fatal Error] :1:1: Premature end of file.
2026-07-09 01:04:52,020 [ERROR] LogOutputStream:75 - [STDERR_REDIRECT] 
2026-07-09 01:04:53,015 [ERROR] LogOutputStream:75 - [STDERR_REDIRECT] [Fatal Error] :1:1: Premature end of file.
2026-07-09 01:04:53,015 [ERROR] LogOutputStream:75 - [STDERR_REDIRECT] 
2026-07-09 01:04:54,008 [ERROR] LogOutputStream:75 - [STDERR_REDIRECT] [Fatal Error] :1:1: Premature end of file.
2026-07-09 01:04:54,008 [ERROR] LogOutputStream:75 - [STDERR_REDIRECT] 
2026-07-09 01:04:55,008 [ERROR] LogOutputStream:75 - [STDERR_REDIRECT] [Fatal Error] :1:1: Premature end of file.
2026-07-09 01:04:55,008 [ERROR] LogOutputStream:75 - [STDERR_REDIRECT] 
2026-07-09 01:04:56,027 [ERROR] LogOutputStream:75 - [STDERR_REDIRECT] [Fatal Error] :1:1: Premature end of file.
2026-07-09 01:04:56,028 [ERROR] LogOutputStream:75 - [STDERR_REDIRECT] 
2026-07-09 01:04:57,011 [ERROR] LogOutputStream:75 - [STDERR_REDIRECT] [Fatal Error] :1:1: Premature end of file.
2026-07-09 01:04:57,011 [ERROR] LogOutputStream:75 - [STDERR_REDIRECT] 
2026-07-09 01:04:58,014 [ERROR] LogOutputStream:75 - [STDERR_REDIRECT] [Fatal Error] :1:1: Premature end of file.
2026-07-09 01:04:58,014 [ERROR] LogOutputStream:75 - [STDERR_REDIRECT] 
2026-07-09 01:04:59,009 [ERROR] LogOutputStream:75 - [STDERR_REDIRECT] [Fatal Error] :1:1: Premature end of file.
2026-07-09 01:04:59,010 [ERROR] LogOutputStream:75 - [STDERR_REDIRECT] 
2026-07-09 01:05:00,014 [ERROR] LogOutputStream:75 - [STDERR_REDIRECT] [Fatal Error] :1:1: Premature end of file.
2026-07-09 01:05:00,014 [ERROR] LogOutputStream:75 - [STDERR_REDIRECT] 
2026-07-09 01:05:01,015 [ERROR] LogOutputStream:75 - [STDERR_REDIRECT] [Fatal Error] :1:1: Premature end of file.
2026-07-09 01:05:01,015 [ERROR] LogOutputStream:75 - [STDERR_REDIRECT] 
2026-07-09 01:05:02,019 [ERROR] LogOutputStream:75 - [STDERR_REDIRECT] [Fatal Error] :1:1: Premature end of file.
2026-07-09 01:05:02,019 [ERROR] LogOutputStream:75 - [STDERR_REDIRECT] 
2026-07-09 01:05:03,014 [ERROR] LogOutputStream:75 - [STDERR_REDIRECT] [Fatal Error] :1:1: Premature end of file.
2026-07-09 01:05:03,014 [ERROR] LogOutputStream:75 - [STDERR_REDIRECT] 
2026-07-09 01:05:04,012 [ERROR] LogOutputStream:75 - [STDERR_REDIRECT] [Fatal Error] :1:1: Premature end of file.
2026-07-09 01:05:04,013 [ERROR] LogOutputStream:75 - [STDERR_REDIRECT] 
2026-07-09 01:05:05,010 [ERROR] LogOutputStream:75 - [STDERR_REDIRECT] [Fatal Error] :1:1: Premature end of file.
2026-07-09 01:05:05,010 [ERROR] LogOutputStream:75 - [STDERR_REDIRECT] 
2026-07-09 01:05:06,009 [ERROR] LogOutputStream:75 - [STDERR_REDIRECT] [Fatal Error] :1:1: Premature end of file.
2026-07-09 01:05:06,010 [ERROR] LogOutputStream:75 - [STDERR_REDIRECT] 
2026-07-09 01:05:07,192 [ERROR] LogOutputStream:75 - [STDERR_REDIRECT] [Fatal Error] :1:1: Premature end of file.
2026-07-09 01:05:07,192 [ERROR] LogOutputStream:75 - [STDERR_REDIRECT] 
2026-07-09 01:05:08,007 [ERROR] LogOutputStream:75 - [STDERR_REDIRECT] [Fatal Error] :1:1: Premature end of file.
2026-07-09 01:05:08,007 [ERROR] LogOutputStream:75 - [STDERR_REDIRECT] 
2026-07-09 01:05:09,012 [ERROR] LogOutputStream:75 - [STDERR_REDIRECT] [Fatal Error] :1:1: Premature end of file.
2026-07-09 01:05:09,013 [ERROR] LogOutputStream:75 - [STDERR_REDIRECT] 
2026-07-09 01:05:10,018 [ERROR] LogOutputStream:75 - [STDERR_REDIRECT] [Fatal Error] :1:1: Premature end of file.
2026-07-09 01:05:10,018 [ERROR] LogOutputStream:75 - [STDERR_REDIRECT] 
2026-07-09 01:05:11,014 [ERROR] LogOutputStream:75 - [STDERR_REDIRECT] [Fatal Error] :1:1: Premature end of file.
2026-07-09 01:05:11,015 [ERROR] LogOutputStream:75 - [STDERR_REDIRECT] 
2026-07-09 01:05:33,490 [ERROR] LogOutputStream:75 - [STDERR_REDIRECT] [Fatal Error] :1:1: Premature end of file.
2026-07-09 01:05:33,490 [ERROR] LogOutputStream:75 - [STDERR_REDIRECT] 
2026-07-09 01:05:33,609 [ERROR] LogOutputStream:75 - [STDERR_REDIRECT] [Fatal Error] :1:1: Premature end of file.
2026-07-09 01:05:33,609 [ERROR] LogOutputStream:75 - [STDERR_REDIRECT] 
2026-07-09 01:05:33,694 [ERROR] LogOutputStream:75 - [STDERR_REDIRECT] [Fatal Error] :1:1: Premature end of file.
2026-07-09 01:05:33,695 [ERROR] LogOutputStream:75 - [STDERR_REDIRECT] 
2026-07-09 01:05:33,761 [ERROR] LogOutputStream:75 - [STDERR_REDIRECT] [Fatal Error] :1:1: Premature end of file.
2026-07-09 01:05:33,761 [ERROR] LogOutputStream:75 - [STDERR_REDIRECT] 
2026-07-09 01:05:33,839 [ERROR] LogOutputStream:75 - [STDERR_REDIRECT] [Fatal Error] :1:1: Premature end of file.
2026-07-09 01:05:33,840 [ERROR] LogOutputStream:75 - [STDERR_REDIRECT] 
2026-07-09 01:05:33,911 [ERROR] LogOutputStream:75 - [STDERR_REDIRECT] [Fatal Error] :1:1: Premature end of file.
2026-07-09 01:05:33,911 [ERROR] LogOutputStream:75 - [STDERR_REDIRECT] 
2026-07-09 01:05:33,962 [ERROR] LogOutputStream:75 - [STDERR_REDIRECT] [Fatal Error] :1:1: Premature end of file.
2026-07-09 01:05:33,963 [ERROR] LogOutputStream:75 - [STDERR_REDIRECT] 
2026-07-09 01:05:34,023 [ERROR] LogOutputStream:75 - [STDERR_REDIRECT] [Fatal Error] :1:1: Premature end of file.
2026-07-09 01:05:34,023 [ERROR] LogOutputStream:75 - [STDERR_REDIRECT] 
2026-07-09 01:05:34,075 [ERROR] LogOutputStream:75 - [STDERR_REDIRECT] [Fatal Error] :1:1: Premature end of file.
2026-07-09 01:05:34,075 [ERROR] LogOutputStream:75 - [STDERR_REDIRECT] 
2026-07-09 01:05:34,140 [ERROR] LogOutputStream:75 - [STDERR_REDIRECT] [Fatal Error] :1:1: Premature end of file.
2026-07-09 01:05:34,140 [ERROR] LogOutputStream:75 - [STDERR_REDIRECT] 
2026-07-09 01:05:34,188 [ERROR] LogOutputStream:75 - [STDERR_REDIRECT] [Fatal Error] :1:1: Premature end of file.
2026-07-09 01:05:34,189 [ERROR] LogOutputStream:75 - [STDERR_REDIRECT] 
2026-07-09 01:05:34,235 [ERROR] LogOutputStream:75 - [STDERR_REDIRECT] [Fatal Error] :1:1: Premature end of file.
2026-07-09 01:05:34,235 [ERROR] LogOutputStream:75 - [STDERR_REDIRECT] 
2026-07-09 01:05:34,293 [ERROR] LogOutputStream:75 - [STDERR_REDIRECT] [Fatal Error] :1:1: Premature end of file.
2026-07-09 01:05:34,293 [ERROR] LogOutputStream:75 - [STDERR_REDIRECT] 
2026-07-09 01:05:34,334 [ERROR] LogOutputStream:75 - [STDERR_REDIRECT] [Fatal Error] :1:1: Premature end of file.
2026-07-09 01:05:34,334 [ERROR] LogOutputStream:75 - [STDERR_REDIRECT] 
2026-07-09 01:05:34,390 [ERROR] LogOutputStream:75 - [STDERR_REDIRECT] [Fatal Error] :1:1: Premature end of file.
2026-07-09 01:05:34,391 [ERROR] LogOutputStream:75 - [STDERR_REDIRECT] 
2026-07-09 01:05:34,440 [ERROR] LogOutputStream:75 - [STDERR_REDIRECT] [Fatal Error] :1:1: Premature end of file.
2026-07-09 01:05:34,440 [ERROR] LogOutputStream:75 - [STDERR_REDIRECT] 
2026-07-09 01:05:34,522 [ERROR] LogOutputStream:75 - [STDERR_REDIRECT] [Fatal Error] :1:1: Premature end of file.
2026-07-09 01:05:34,523 [ERROR] LogOutputStream:75 - [STDERR_REDIRECT] 
2026-07-09 01:05:34,597 [ERROR] LogOutputStream:75 - [STDERR_REDIRECT] [Fatal Error] :1:1: Premature end of file.
2026-07-09 01:05:34,597 [ERROR] LogOutputStream:75 - [STDERR_REDIRECT] 
2026-07-09 01:05:34,660 [ERROR] LogOutputStream:75 - [STDERR_REDIRECT] [Fatal Error] :1:1: Premature end of file.
2026-07-09 01:05:34,660 [ERROR] LogOutputStream:75 - [STDERR_REDIRECT] 
2026-07-09 01:05:34,715 [ERROR] LogOutputStream:75 - [STDERR_REDIRECT] [Fatal Error] :1:1: Premature end of file.
2026-07-09 01:05:34,715 [ERROR] LogOutputStream:75 - [STDERR_REDIRECT] 
2026-07-09 01:05:34,774 [ERROR] LogOutputStream:75 - [STDERR_REDIRECT] [Fatal Error] :1:1: Premature end of file.
2026-07-09 01:05:34,774 [ERROR] LogOutputStream:75 - [STDERR_REDIRECT] 
2026-07-09 01:05:34,822 [ERROR] LogOutputStream:75 - [STDERR_REDIRECT] [Fatal Error] :1:1: Premature end of file.
2026-07-09 01:05:34,822 [ERROR] LogOutputStream:75 - [STDERR_REDIRECT] 
2026-07-09 01:05:34,876 [ERROR] LogOutputStream:75 - [STDERR_REDIRECT] [Fatal Error] :1:1: Premature end of file.
2026-07-09 01:05:34,876 [ERROR] LogOutputStream:75 - [STDERR_REDIRECT] 
2026-07-09 01:05:34,998 [ERROR] LogOutputStream:75 - [STDERR_REDIRECT] [Fatal Error] :1:1: Premature end of file.
2026-07-09 01:05:34,998 [ERROR] LogOutputStream:75 - [STDERR_REDIRECT] 
2026-07-09 01:05:36,013 [ERROR] LogOutputStream:75 - [STDERR_REDIRECT] [Fatal Error] :1:1: Premature end of file.
2026-07-09 01:05:36,013 [ERROR] LogOutputStream:75 - [STDERR_REDIRECT] 
2026-07-09 01:05:37,010 [ERROR] LogOutputStream:75 - [STDERR_REDIRECT] [Fatal Error] :1:1: Premature end of file.
2026-07-09 01:05:37,011 [ERROR] LogOutputStream:75 - [STDERR_REDIRECT] 
2026-07-09 01:05:38,004 [ERROR] LogOutputStream:75 - [STDERR_REDIRECT] [Fatal Error] :1:1: Premature end of file.
2026-07-09 01:05:38,005 [ERROR] LogOutputStream:75 - [STDERR_REDIRECT] 
2026-07-09 01:05:39,014 [ERROR] LogOutputStream:75 - [STDERR_REDIRECT] [Fatal Error] :1:1: Premature end of file.
2026-07-09 01:05:39,014 [ERROR] LogOutputStream:75 - [STDERR_REDIRECT] 
2026-07-09 01:05:40,024 [ERROR] LogOutputStream:75 - [STDERR_REDIRECT] [Fatal Error] :1:1: Premature end of file.
2026-07-09 01:05:40,025 [ERROR] LogOutputStream:75 - [STDERR_REDIRECT] 
2026-07-09 01:05:41,021 [ERROR] LogOutputStream:75 - [STDERR_REDIRECT] [Fatal Error] :1:1: Premature end of file.
2026-07-09 01:05:41,021 [ERROR] LogOutputStream:75 - [STDERR_REDIRECT] 
2026-07-09 01:05:42,010 [ERROR] LogOutputStream:75 - [STDERR_REDIRECT] [Fatal Error] :1:1: Premature end of file.
2026-07-09 01:05:42,010 [ERROR] LogOutputStream:75 - [STDERR_REDIRECT] 
2026-07-09 01:05:43,015 [ERROR] LogOutputStream:75 - [STDERR_REDIRECT] [Fatal Error] :1:1: Premature end of file.
2026-07-09 01:05:43,015 [ERROR] LogOutputStream:75 - [STDERR_REDIRECT] 
2026-07-09 01:05:44,014 [ERROR] LogOutputStream:75 - [STDERR_REDIRECT] [Fatal Error] :1:1: Premature end of file.
2026-07-09 01:05:44,014 [ERROR] LogOutputStream:75 - [STDERR_REDIRECT] 
2026-07-09 01:05:45,011 [ERROR] LogOutputStream:75 - [STDERR_REDIRECT] [Fatal Error] :1:1: Premature end of file.
2026-07-09 01:05:45,011 [ERROR] LogOutputStream:75 - [STDERR_REDIRECT] 
2026-07-09 01:05:46,004 [ERROR] LogOutputStream:75 - [STDERR_REDIRECT] [Fatal Error] :1:1: Premature end of file.
2026-07-09 01:05:46,004 [ERROR] LogOutputStream:75 - [STDERR_REDIRECT] 
2026-07-09 01:05:47,015 [ERROR] LogOutputStream:75 - [STDERR_REDIRECT] [Fatal Error] :1:1: Premature end of file.
2026-07-09 01:05:47,015 [ERROR] LogOutputStream:75 - [STDERR_REDIRECT] 
2026-07-09 01:05:48,019 [ERROR] LogOutputStream:75 - [STDERR_REDIRECT] [Fatal Error] :1:1: Premature end of file.
2026-07-09 01:05:48,019 [ERROR] LogOutputStream:75 - [STDERR_REDIRECT] 
2026-07-09 01:05:49,003 [ERROR] LogOutputStream:75 - [STDERR_REDIRECT] [Fatal Error] :1:1: Premature end of file.
2026-07-09 01:05:49,003 [ERROR] LogOutputStream:75 - [STDERR_REDIRECT] 
2026-07-09 01:05:50,022 [ERROR] LogOutputStream:75 - [STDERR_REDIRECT] [Fatal Error] :1:1: Premature end of file.
2026-07-09 01:05:50,022 [ERROR] LogOutputStream:75 - [STDERR_REDIRECT] 
2026-07-09 01:05:51,007 [ERROR] LogOutputStream:75 - [STDERR_REDIRECT] [Fatal Error] :1:1: Premature end of file.
2026-07-09 01:05:51,008 [ERROR] LogOutputStream:75 - [STDERR_REDIRECT] 
2026-07-09 01:05:52,020 [ERROR] LogOutputStream:75 - [STDERR_REDIRECT] [Fatal Error] :1:1: Premature end of file.
2026-07-09 01:05:52,020 [ERROR] LogOutputStream:75 - [STDERR_REDIRECT] 
2026-07-09 01:05:53,013 [ERROR] LogOutputStream:75 - [STDERR_REDIRECT] [Fatal Error] :1:1: Premature end of file.
2026-07-09 01:05:53,013 [ERROR] LogOutputStream:75 - [STDERR_REDIRECT] 
2026-07-09 01:05:54,017 [ERROR] LogOutputStream:75 - [STDERR_REDIRECT] [Fatal Error] :1:1: Premature end of file.
2026-07-09 01:05:54,017 [ERROR] LogOutputStream:75 - [STDERR_REDIRECT] 
2026-07-09 01:05:55,012 [ERROR] LogOutputStream:75 - [STDERR_REDIRECT] [Fatal Error] :1:1: Premature end of file.
2026-07-09 01:05:55,012 [ERROR] LogOutputStream:75 - [STDERR_REDIRECT] 
2026-07-09 01:05:56,358 [ERROR] LogOutputStream:75 - [STDERR_REDIRECT] [Fatal Error] :1:1: Premature end of file.
2026-07-09 01:05:56,358 [ERROR] LogOutputStream:75 - [STDERR_REDIRECT] 
2026-07-09 01:05:57,014 [ERROR] LogOutputStream:75 - [STDERR_REDIRECT] [Fatal Error] :1:1: Premature end of file.
2026-07-09 01:05:57,014 [ERROR] LogOutputStream:75 - [STDERR_REDIRECT] 
2026-07-09 01:05:58,014 [ERROR] LogOutputStream:75 - [STDERR_REDIRECT] [Fatal Error] :1:1: Premature end of file.
2026-07-09 01:05:58,015 [ERROR] LogOutputStream:75 - [STDERR_REDIRECT] 
2026-07-09 01:05:59,019 [ERROR] LogOutputStream:75 - [STDERR_REDIRECT] [Fatal Error] :1:1: Premature end of file.
2026-07-09 01:05:59,019 [ERROR] LogOutputStream:75 - [STDERR_REDIRECT] 
2026-07-09 01:06:00,009 [ERROR] LogOutputStream:75 - [STDERR_REDIRECT] [Fatal Error] :1:1: Premature end of file.
2026-07-09 01:06:00,009 [ERROR] LogOutputStream:75 - [STDERR_REDIRECT] 
2026-07-09 01:07:47,922 [ERROR] LogOutputStream:75 - [STDERR_REDIRECT] [Fatal Error] :1:1: Premature end of file.
2026-07-09 01:07:47,922 [ERROR] LogOutputStream:75 - [STDERR_REDIRECT] 
2026-07-09 01:07:48,224 [ERROR] LogOutputStream:75 - [STDERR_REDIRECT] [Fatal Error] :1:1: Premature end of file.
2026-07-09 01:07:48,224 [ERROR] LogOutputStream:75 - [STDERR_REDIRECT] 
2026-07-09 01:07:48,436 [ERROR] LogOutputStream:75 - [STDERR_REDIRECT] [Fatal Error] :1:1: Premature end of file.
2026-07-09 01:07:48,436 [ERROR] LogOutputStream:75 - [STDERR_REDIRECT] 
2026-07-09 01:07:48,642 [ERROR] LogOutputStream:75 - [STDERR_REDIRECT] [Fatal Error] :1:1: Premature end of file.
2026-07-09 01:07:48,642 [ERROR] LogOutputStream:75 - [STDERR_REDIRECT] 
2026-07-09 01:07:48,781 [ERROR] LogOutputStream:75 - [STDERR_REDIRECT] [Fatal Error] :1:1: Premature end of file.
2026-07-09 01:07:48,781 [ERROR] LogOutputStream:75 - [STDERR_REDIRECT] 
2026-07-09 01:07:48,897 [ERROR] LogOutputStream:75 - [STDERR_REDIRECT] [Fatal Error] :1:1: Premature end of file.
2026-07-09 01:07:48,897 [ERROR] LogOutputStream:75 - [STDERR_REDIRECT] 
2026-07-09 01:07:48,961 [ERROR] LogOutputStream:75 - [STDERR_REDIRECT] [Fatal Error] :1:1: Premature end of file.
2026-07-09 01:07:48,961 [ERROR] LogOutputStream:75 - [STDERR_REDIRECT] 
2026-07-09 01:07:49,030 [ERROR] LogOutputStream:75 - [STDERR_REDIRECT] [Fatal Error] :1:1: Premature end of file.
2026-07-09 01:07:49,031 [ERROR] LogOutputStream:75 - [STDERR_REDIRECT] 
2026-07-09 01:07:49,119 [ERROR] LogOutputStream:75 - [STDERR_REDIRECT] [Fatal Error] :1:1: Premature end of file.
2026-07-09 01:07:49,120 [ERROR] LogOutputStream:75 - [STDERR_REDIRECT] 
2026-07-09 01:07:49,228 [ERROR] LogOutputStream:75 - [STDERR_REDIRECT] [Fatal Error] :1:1: Premature end of file.
2026-07-09 01:07:49,228 [ERROR] LogOutputStream:75 - [STDERR_REDIRECT] 
2026-07-09 01:07:49,304 [ERROR] LogOutputStream:75 - [STDERR_REDIRECT] [Fatal Error] :1:1: Premature end of file.
2026-07-09 01:07:49,305 [ERROR] LogOutputStream:75 - [STDERR_REDIRECT] 
2026-07-09 01:07:49,423 [ERROR] LogOutputStream:75 - [STDERR_REDIRECT] [Fatal Error] :1:1: Premature end of file.
2026-07-09 01:07:49,423 [ERROR] LogOutputStream:75 - [STDERR_REDIRECT] 
2026-07-09 01:07:49,504 [ERROR] LogOutputStream:75 - [STDERR_REDIRECT] [Fatal Error] :1:1: Premature end of file.
2026-07-09 01:07:49,504 [ERROR] LogOutputStream:75 - [STDERR_REDIRECT] 
2026-07-09 01:07:49,596 [ERROR] LogOutputStream:75 - [STDERR_REDIRECT] [Fatal Error] :1:1: Premature end of file.
2026-07-09 01:07:49,597 [ERROR] LogOutputStream:75 - [STDERR_REDIRECT] 
2026-07-09 01:07:49,697 [ERROR] LogOutputStream:75 - [STDERR_REDIRECT] [Fatal Error] :1:1: Premature end of file.
2026-07-09 01:07:49,697 [ERROR] LogOutputStream:75 - [STDERR_REDIRECT] 
2026-07-09 01:07:49,815 [ERROR] LogOutputStream:75 - [STDERR_REDIRECT] [Fatal Error] :1:1: Premature end of file.
2026-07-09 01:07:49,816 [ERROR] LogOutputStream:75 - [STDERR_REDIRECT] 
2026-07-09 01:07:49,890 [ERROR] LogOutputStream:75 - [STDERR_REDIRECT] [Fatal Error] :1:1: Premature end of file.
2026-07-09 01:07:49,890 [ERROR] LogOutputStream:75 - [STDERR_REDIRECT] 
2026-07-09 01:07:49,923 [INFO] WebApp:194 - Connection lost
2026-07-09 01:07:49,997 [ERROR] LogOutputStream:75 - [STDERR_REDIRECT] [Fatal Error] :1:1: Premature end of file.
2026-07-09 01:07:49,997 [ERROR] LogOutputStream:75 - [STDERR_REDIRECT] 
2026-07-09 01:07:50,078 [ERROR] LogOutputStream:75 - [STDERR_REDIRECT] [Fatal Error] :1:1: Premature end of file.
2026-07-09 01:07:50,078 [ERROR] LogOutputStream:75 - [STDERR_REDIRECT] 
2026-07-09 01:07:50,170 [ERROR] LogOutputStream:75 - [STDERR_REDIRECT] [Fatal Error] :1:1: Premature end of file.
2026-07-09 01:07:50,170 [ERROR] LogOutputStream:75 - [STDERR_REDIRECT] 
2026-07-09 01:07:50,462 [ERROR] LogOutputStream:75 - [STDERR_REDIRECT] [Fatal Error] :1:1: Premature end of file.
2026-07-09 01:07:50,462 [ERROR] LogOutputStream:75 - [STDERR_REDIRECT] 
2026-07-09 01:07:50,703 [ERROR] LogOutputStream:75 - [STDERR_REDIRECT] [Fatal Error] :1:1: Premature end of file.
2026-07-09 01:07:50,704 [ERROR] LogOutputStream:75 - [STDERR_REDIRECT] 
2026-07-09 01:07:50,866 [ERROR] LogOutputStream:75 - [STDERR_REDIRECT] [Fatal Error] :1:1: Premature end of file.
2026-07-09 01:07:50,868 [ERROR] LogOutputStream:75 - [STDERR_REDIRECT] 
2026-07-09 01:07:51,145 [ERROR] LogOutputStream:75 - [STDERR_REDIRECT] [Fatal Error] :1:1: Premature end of file.
2026-07-09 01:07:51,146 [ERROR] LogOutputStream:75 - [STDERR_REDIRECT] 
2026-07-09 01:07:51,356 [ERROR] LogOutputStream:75 - [STDERR_REDIRECT] [Fatal Error] :1:1: Premature end of file.
2026-07-09 01:07:51,356 [ERROR] LogOutputStream:75 - [STDERR_REDIRECT] 
2026-07-09 01:07:51,538 [ERROR] LogOutputStream:75 - [STDERR_REDIRECT] [Fatal Error] :1:1: Premature end of file.
2026-07-09 01:07:51,539 [ERROR] LogOutputStream:75 - [STDERR_REDIRECT] 
2026-07-09 01:07:51,701 [ERROR] LogOutputStream:75 - [STDERR_REDIRECT] [Fatal Error] :1:1: Premature end of file.
2026-07-09 01:07:51,702 [ERROR] LogOutputStream:75 - [STDERR_REDIRECT] 
2026-07-09 01:07:51,894 [ERROR] LogOutputStream:75 - [STDERR_REDIRECT] [Fatal Error] :1:1: Premature end of file.
2026-07-09 01:07:51,895 [ERROR] LogOutputStream:75 - [STDERR_REDIRECT] 
2026-07-09 01:07:52,104 [ERROR] LogOutputStream:75 - [STDERR_REDIRECT] [Fatal Error] :1:1: Premature end of file.
2026-07-09 01:07:52,104 [ERROR] LogOutputStream:75 - [STDERR_REDIRECT] 
2026-07-09 01:07:52,424 [ERROR] LogOutputStream:75 - [STDERR_REDIRECT] [Fatal Error] :1:1: Premature end of file.
2026-07-09 01:07:52,424 [ERROR] LogOutputStream:75 - [STDERR_REDIRECT] 
2026-07-09 01:07:52,559 [ERROR] LogOutputStream:75 - [STDERR_REDIRECT] [Fatal Error] :1:1: Premature end of file.
2026-07-09 01:07:52,559 [ERROR] LogOutputStream:75 - [STDERR_REDIRECT] 
2026-07-09 01:07:52,847 [ERROR] LogOutputStream:75 - [STDERR_REDIRECT] [Fatal Error] :1:1: Premature end of file.
2026-07-09 01:07:52,847 [ERROR] LogOutputStream:75 - [STDERR_REDIRECT] 
2026-07-09 01:07:53,079 [ERROR] LogOutputStream:75 - [STDERR_REDIRECT] [Fatal Error] :1:1: Premature end of file.
2026-07-09 01:07:53,079 [ERROR] LogOutputStream:75 - [STDERR_REDIRECT] 
2026-07-09 01:07:53,245 [ERROR] LogOutputStream:75 - [STDERR_REDIRECT] [Fatal Error] :1:1: Premature end of file.
2026-07-09 01:07:53,245 [ERROR] LogOutputStream:75 - [STDERR_REDIRECT] 
2026-07-09 01:07:53,509 [ERROR] LogOutputStream:75 - [STDERR_REDIRECT] [Fatal Error] :1:1: Premature end of file.
2026-07-09 01:07:53,509 [ERROR] LogOutputStream:75 - [STDERR_REDIRECT] 
2026-07-09 01:07:53,807 [ERROR] LogOutputStream:75 - [STDERR_REDIRECT] [Fatal Error] :1:1: Premature end of file.
2026-07-09 01:07:53,807 [ERROR] LogOutputStream:75 - [STDERR_REDIRECT] 
2026-07-09 01:07:53,957 [ERROR] LogOutputStream:75 - [STDERR_REDIRECT] [Fatal Error] :1:1: Premature end of file.
2026-07-09 01:07:53,957 [ERROR] LogOutputStream:75 - [STDERR_REDIRECT] 
2026-07-09 01:07:54,121 [ERROR] LogOutputStream:75 - [STDERR_REDIRECT] [Fatal Error] :1:1: Premature end of file.
2026-07-09 01:07:54,121 [ERROR] LogOutputStream:75 - [STDERR_REDIRECT] 
2026-07-09 01:07:54,257 [ERROR] LogOutputStream:75 - [STDERR_REDIRECT] [Fatal Error] :1:1: Premature end of file.
2026-07-09 01:07:54,257 [ERROR] LogOutputStream:75 - [STDERR_REDIRECT] 
2026-07-09 01:07:54,347 [ERROR] LogOutputStream:75 - [STDERR_REDIRECT] [Fatal Error] :1:1: Premature end of file.
2026-07-09 01:07:54,348 [ERROR] LogOutputStream:75 - [STDERR_REDIRECT] 
2026-07-09 01:07:54,447 [ERROR] LogOutputStream:75 - [STDERR_REDIRECT] [Fatal Error] :1:1: Premature end of file.
2026-07-09 01:07:54,447 [ERROR] LogOutputStream:75 - [STDERR_REDIRECT] 
2026-07-09 01:07:54,546 [ERROR] LogOutputStream:75 - [STDERR_REDIRECT] [Fatal Error] :1:1: Premature end of file.
2026-07-09 01:07:54,546 [ERROR] LogOutputStream:75 - [STDERR_REDIRECT] 
2026-07-09 01:07:54,660 [ERROR] LogOutputStream:75 - [STDERR_REDIRECT] [Fatal Error] :1:1: Premature end of file.
2026-07-09 01:07:54,660 [ERROR] LogOutputStream:75 - [STDERR_REDIRECT] 
2026-07-09 01:07:54,762 [ERROR] LogOutputStream:75 - [STDERR_REDIRECT] [Fatal Error] :1:1: Premature end of file.
2026-07-09 01:07:54,762 [ERROR] LogOutputStream:75 - [STDERR_REDIRECT] 
2026-07-09 01:07:54,896 [ERROR] LogOutputStream:75 - [STDERR_REDIRECT] [Fatal Error] :1:1: Premature end of file.
2026-07-09 01:07:54,896 [ERROR] LogOutputStream:75 - [STDERR_REDIRECT] 
2026-07-09 01:07:55,024 [ERROR] LogOutputStream:75 - [STDERR_REDIRECT] [Fatal Error] :1:1: Premature end of file.
2026-07-09 01:07:55,024 [ERROR] LogOutputStream:75 - [STDERR_REDIRECT] 
2026-07-09 01:07:55,111 [ERROR] LogOutputStream:75 - [STDERR_REDIRECT] [Fatal Error] :1:1: Premature end of file.
2026-07-09 01:07:55,111 [ERROR] LogOutputStream:75 - [STDERR_REDIRECT] 
2026-07-09 01:07:55,190 [ERROR] LogOutputStream:75 - [STDERR_REDIRECT] [Fatal Error] :1:1: Premature end of file.
2026-07-09 01:07:55,190 [ERROR] LogOutputStream:75 - [STDERR_REDIRECT] 
2026-07-09 01:07:55,496 [ERROR] LogOutputStream:75 - [STDERR_REDIRECT] [Fatal Error] :1:1: Premature end of file.
2026-07-09 01:07:55,496 [ERROR] LogOutputStream:75 - [STDERR_REDIRECT] 
2026-07-09 01:07:55,665 [ERROR] LogOutputStream:75 - [STDERR_REDIRECT] [Fatal Error] :1:1: Premature end of file.
2026-07-09 01:07:55,665 [ERROR] LogOutputStream:75 - [STDERR_REDIRECT] 
2026-07-09 01:07:55,834 [ERROR] LogOutputStream:75 - [STDERR_REDIRECT] [Fatal Error] :1:1: Premature end of file.
2026-07-09 01:07:55,834 [ERROR] LogOutputStream:75 - [STDERR_REDIRECT] 
2026-07-09 01:07:56,012 [ERROR] LogOutputStream:75 - [STDERR_REDIRECT] [Fatal Error] :1:1: Premature end of file.
2026-07-09 01:07:56,012 [ERROR] LogOutputStream:75 - [STDERR_REDIRECT] 
2026-07-09 01:07:56,142 [ERROR] LogOutputStream:75 - [STDERR_REDIRECT] [Fatal Error] :1:1: Premature end of file.
2026-07-09 01:07:56,142 [ERROR] LogOutputStream:75 - [STDERR_REDIRECT] 
2026-07-09 01:07:56,224 [ERROR] LogOutputStream:75 - [STDERR_REDIRECT] [Fatal Error] :1:1: Premature end of file.
2026-07-09 01:07:56,225 [ERROR] LogOutputStream:75 - [STDERR_REDIRECT] 
2026-07-09 01:07:56,302 [ERROR] LogOutputStream:75 - [STDERR_REDIRECT] [Fatal Error] :1:1: Premature end of file.
2026-07-09 01:07:56,302 [ERROR] LogOutputStream:75 - [STDERR_REDIRECT] 
2026-07-09 01:07:56,370 [ERROR] LogOutputStream:75 - [STDERR_REDIRECT] [Fatal Error] :1:1: Premature end of file.
2026-07-09 01:07:56,370 [ERROR] LogOutputStream:75 - [STDERR_REDIRECT] 
2026-07-09 01:07:56,457 [ERROR] LogOutputStream:75 - [STDERR_REDIRECT] [Fatal Error] :1:1: Premature end of file.
2026-07-09 01:07:56,458 [ERROR] LogOutputStream:75 - [STDERR_REDIRECT] 
2026-07-09 01:07:56,544 [ERROR] LogOutputStream:75 - [STDERR_REDIRECT] [Fatal Error] :1:1: Premature end of file.
2026-07-09 01:07:56,544 [ERROR] LogOutputStream:75 - [STDERR_REDIRECT] 
2026-07-09 01:07:56,624 [ERROR] LogOutputStream:75 - [STDERR_REDIRECT] [Fatal Error] :1:1: Premature end of file.
2026-07-09 01:07:56,624 [ERROR] LogOutputStream:75 - [STDERR_REDIRECT] 
2026-07-09 01:07:56,703 [ERROR] LogOutputStream:75 - [STDERR_REDIRECT] [Fatal Error] :1:1: Premature end of file.
2026-07-09 01:07:56,703 [ERROR] LogOutputStream:75 - [STDERR_REDIRECT] 
2026-07-09 01:07:56,813 [ERROR] LogOutputStream:75 - [STDERR_REDIRECT] [Fatal Error] :1:1: Premature end of file.
2026-07-09 01:07:56,813 [ERROR] LogOutputStream:75 - [STDERR_REDIRECT] 
2026-07-09 01:07:57,004 [ERROR] LogOutputStream:75 - [STDERR_REDIRECT] [Fatal Error] :1:1: Premature end of file.
2026-07-09 01:07:57,005 [ERROR] LogOutputStream:75 - [STDERR_REDIRECT] 
2026-07-09 01:07:57,088 [ERROR] LogOutputStream:75 - [STDERR_REDIRECT] [Fatal Error] :1:1: Premature end of file.
2026-07-09 01:07:57,088 [ERROR] LogOutputStream:75 - [STDERR_REDIRECT] 
2026-07-09 01:07:57,209 [ERROR] LogOutputStream:75 - [STDERR_REDIRECT] [Fatal Error] :1:1: Premature end of file.
2026-07-09 01:07:57,210 [ERROR] LogOutputStream:75 - [STDERR_REDIRECT] 
2026-07-09 01:07:57,287 [INFO] WebApp:191 - Connection restablished
2026-07-09 01:07:57,363 [ERROR] LogOutputStream:75 - [STDERR_REDIRECT] [Fatal Error] :1:1: Premature end of file.
2026-07-09 01:07:57,363 [ERROR] LogOutputStream:75 - [STDERR_REDIRECT] 
2026-07-09 01:07:57,429 [ERROR] LogOutputStream:75 - [STDERR_REDIRECT] [Fatal Error] :1:1: Premature end of file.
2026-07-09 01:07:57,429 [ERROR] LogOutputStream:75 - [STDERR_REDIRECT] 
2026-07-09 01:07:57,511 [ERROR] LogOutputStream:75 - [STDERR_REDIRECT] [Fatal Error] :1:1: Premature end of file.
2026-07-09 01:07:57,512 [ERROR] LogOutputStream:75 - [STDERR_REDIRECT] 
2026-07-09 01:07:57,643 [ERROR] LogOutputStream:75 - [STDERR_REDIRECT] [Fatal Error] :1:1: Premature end of file.
2026-07-09 01:07:57,644 [ERROR] LogOutputStream:75 - [STDERR_REDIRECT] 
2026-07-09 01:07:57,878 [ERROR] LogOutputStream:75 - [STDERR_REDIRECT] [Fatal Error] :1:1: Premature end of file.
2026-07-09 01:07:57,878 [ERROR] LogOutputStream:75 - [STDERR_REDIRECT] 
2026-07-09 01:07:58,221 [ERROR] LogOutputStream:75 - [STDERR_REDIRECT] [Fatal Error] :1:1: Premature end of file.
2026-07-09 01:07:58,222 [ERROR] LogOutputStream:75 - [STDERR_REDIRECT] 
2026-07-09 01:07:58,403 [ERROR] LogOutputStream:75 - [STDERR_REDIRECT] [Fatal Error] :1:1: Premature end of file.
2026-07-09 01:07:58,403 [ERROR] LogOutputStream:75 - [STDERR_REDIRECT] 
2026-07-09 01:07:58,574 [ERROR] LogOutputStream:75 - [STDERR_REDIRECT] [Fatal Error] :1:1: Premature end of file.
2026-07-09 01:07:58,574 [ERROR] LogOutputStream:75 - [STDERR_REDIRECT] 
2026-07-09 01:07:58,745 [ERROR] LogOutputStream:75 - [STDERR_REDIRECT] [Fatal Error] :1:1: Premature end of file.
2026-07-09 01:07:58,746 [ERROR] LogOutputStream:75 - [STDERR_REDIRECT] 
2026-07-09 01:07:58,940 [ERROR] LogOutputStream:75 - [STDERR_REDIRECT] [Fatal Error] :1:1: Premature end of file.
2026-07-09 01:07:58,941 [ERROR] LogOutputStream:75 - [STDERR_REDIRECT] 
2026-07-09 01:07:59,045 [ERROR] LogOutputStream:75 - [STDERR_REDIRECT] [Fatal Error] :1:1: Premature end of file.
2026-07-09 01:07:59,045 [ERROR] LogOutputStream:75 - [STDERR_REDIRECT] 
2026-07-09 01:07:59,139 [ERROR] LogOutputStream:75 - [STDERR_REDIRECT] [Fatal Error] :1:1: Premature end of file.
2026-07-09 01:07:59,139 [ERROR] LogOutputStream:75 - [STDERR_REDIRECT] 
2026-07-09 01:07:59,252 [ERROR] LogOutputStream:75 - [STDERR_REDIRECT] [Fatal Error] :1:1: Premature end of file.
2026-07-09 01:07:59,253 [ERROR] LogOutputStream:75 - [STDERR_REDIRECT] 
2026-07-09 01:07:59,318 [ERROR] LogOutputStream:75 - [STDERR_REDIRECT] [Fatal Error] :1:1: Premature end of file.
2026-07-09 01:07:59,319 [ERROR] LogOutputStream:75 - [STDERR_REDIRECT] 
2026-07-09 01:07:59,387 [ERROR] LogOutputStream:75 - [STDERR_REDIRECT] [Fatal Error] :1:1: Premature end of file.
2026-07-09 01:07:59,387 [ERROR] LogOutputStream:75 - [STDERR_REDIRECT] 
2026-07-09 01:07:59,446 [ERROR] LogOutputStream:75 - [STDERR_REDIRECT] [Fatal Error] :1:1: Premature end of file.
2026-07-09 01:07:59,446 [ERROR] LogOutputStream:75 - [STDERR_REDIRECT] 
2026-07-09 01:07:59,535 [ERROR] LogOutputStream:75 - [STDERR_REDIRECT] [Fatal Error] :1:1: Premature end of file.
2026-07-09 01:07:59,537 [ERROR] LogOutputStream:75 - [STDERR_REDIRECT] 
2026-07-09 01:08:00,002 [ERROR] LogOutputStream:75 - [STDERR_REDIRECT] [Fatal Error] :1:1: Premature end of file.
2026-07-09 01:08:00,003 [ERROR] LogOutputStream:75 - [STDERR_REDIRECT] 
2026-07-09 01:08:00,357 [ERROR] LogOutputStream:75 - [STDERR_REDIRECT] [Fatal Error] :1:1: Premature end of file.
2026-07-09 01:08:00,357 [ERROR] LogOutputStream:75 - [STDERR_REDIRECT] 
2026-07-09 01:08:00,798 [ERROR] LogOutputStream:75 - [STDERR_REDIRECT] [Fatal Error] :1:1: Premature end of file.
2026-07-09 01:08:00,798 [ERROR] LogOutputStream:75 - [STDERR_REDIRECT] 
2026-07-09 01:08:01,333 [ERROR] LogOutputStream:75 - [STDERR_REDIRECT] [Fatal Error] :1:1: Premature end of file.
2026-07-09 01:08:01,335 [ERROR] LogOutputStream:75 - [STDERR_REDIRECT] 
2026-07-09 01:08:01,559 [ERROR] LogOutputStream:75 - [STDERR_REDIRECT] [Fatal Error] :1:1: Premature end of file.
2026-07-09 01:08:01,560 [ERROR] LogOutputStream:75 - [STDERR_REDIRECT] 
2026-07-09 01:08:01,807 [ERROR] LogOutputStream:75 - [STDERR_REDIRECT] [Fatal Error] :1:1: Premature end of file.
2026-07-09 01:08:01,807 [ERROR] LogOutputStream:75 - [STDERR_REDIRECT] 
2026-07-09 01:08:02,023 [ERROR] LogOutputStream:75 - [STDERR_REDIRECT] [Fatal Error] :1:1: Premature end of file.
2026-07-09 01:08:02,023 [ERROR] LogOutputStream:75 - [STDERR_REDIRECT] 
2026-07-09 01:08:02,320 [ERROR] LogOutputStream:75 - [STDERR_REDIRECT] [Fatal Error] :1:1: Premature end of file.
2026-07-09 01:08:02,321 [ERROR] LogOutputStream:75 - [STDERR_REDIRECT] 
2026-07-09 01:08:02,488 [ERROR] LogOutputStream:75 - [STDERR_REDIRECT] [Fatal Error] :1:1: Premature end of file.
2026-07-09 01:08:02,488 [ERROR] LogOutputStream:75 - [STDERR_REDIRECT] 
2026-07-09 01:08:02,845 [ERROR] LogOutputStream:75 - [STDERR_REDIRECT] [Fatal Error] :1:1: Premature end of file.
2026-07-09 01:08:02,846 [ERROR] LogOutputStream:75 - [STDERR_REDIRECT] 
2026-07-09 01:08:03,039 [ERROR] LogOutputStream:75 - [STDERR_REDIRECT] [Fatal Error] :1:1: Premature end of file.
2026-07-09 01:08:03,040 [ERROR] LogOutputStream:75 - [STDERR_REDIRECT] 
2026-07-09 01:08:03,195 [ERROR] LogOutputStream:75 - [STDERR_REDIRECT] [Fatal Error] :1:1: Premature end of file.
2026-07-09 01:08:03,196 [ERROR] LogOutputStream:75 - [STDERR_REDIRECT] 
2026-07-09 01:08:03,307 [ERROR] LogOutputStream:75 - [STDERR_REDIRECT] [Fatal Error] :1:1: Premature end of file.
2026-07-09 01:08:03,308 [ERROR] LogOutputStream:75 - [STDERR_REDIRECT] 
2026-07-09 01:08:03,422 [ERROR] LogOutputStream:75 - [STDERR_REDIRECT] [Fatal Error] :1:1: Premature end of file.
2026-07-09 01:08:03,423 [ERROR] LogOutputStream:75 - [STDERR_REDIRECT] 
2026-07-09 01:08:03,544 [ERROR] LogOutputStream:75 - [STDERR_REDIRECT] [Fatal Error] :1:1: Premature end of file.
2026-07-09 01:08:03,544 [ERROR] LogOutputStream:75 - [STDERR_REDIRECT] 
2026-07-09 01:08:03,658 [ERROR] LogOutputStream:75 - [STDERR_REDIRECT] [Fatal Error] :1:1: Premature end of file.
2026-07-09 01:08:03,658 [ERROR] LogOutputStream:75 - [STDERR_REDIRECT] 
2026-07-09 01:08:03,795 [ERROR] LogOutputStream:75 - [STDERR_REDIRECT] [Fatal Error] :1:1: Premature end of file.
2026-07-09 01:08:03,795 [ERROR] LogOutputStream:75 - [STDERR_REDIRECT] 
2026-07-09 01:08:03,995 [ERROR] LogOutputStream:75 - [STDERR_REDIRECT] [Fatal Error] :1:1: Premature end of file.
2026-07-09 01:08:03,995 [ERROR] LogOutputStream:75 - [STDERR_REDIRECT] 
2026-07-09 01:08:04,155 [ERROR] LogOutputStream:75 - [STDERR_REDIRECT] [Fatal Error] :1:1: Premature end of file.
2026-07-09 01:08:04,155 [ERROR] LogOutputStream:75 - [STDERR_REDIRECT] 
2026-07-09 01:08:04,290 [ERROR] LogOutputStream:75 - [STDERR_REDIRECT] [Fatal Error] :1:1: Premature end of file.
2026-07-09 01:08:04,290 [ERROR] LogOutputStream:75 - [STDERR_REDIRECT] 
2026-07-09 01:08:04,385 [ERROR] LogOutputStream:75 - [STDERR_REDIRECT] [Fatal Error] :1:1: Premature end of file.
2026-07-09 01:08:04,385 [ERROR] LogOutputStream:75 - [STDERR_REDIRECT] 
2026-07-09 01:08:04,461 [ERROR] LogOutputStream:75 - [STDERR_REDIRECT] [Fatal Error] :1:1: Premature end of file.
2026-07-09 01:08:04,461 [ERROR] LogOutputStream:75 - [STDERR_REDIRECT] 
2026-07-09 01:08:04,572 [ERROR] LogOutputStream:75 - [STDERR_REDIRECT] [Fatal Error] :1:1: Premature end of file.
2026-07-09 01:08:04,572 [ERROR] LogOutputStream:75 - [STDERR_REDIRECT] 
2026-07-09 01:08:04,655 [ERROR] LogOutputStream:75 - [STDERR_REDIRECT] [Fatal Error] :1:1: Premature end of file.
2026-07-09 01:08:04,655 [ERROR] LogOutputStream:75 - [STDERR_REDIRECT] 
2026-07-09 01:08:04,745 [ERROR] LogOutputStream:75 - [STDERR_REDIRECT] [Fatal Error] :1:1: Premature end of file.
2026-07-09 01:08:04,745 [ERROR] LogOutputStream:75 - [STDERR_REDIRECT] 
2026-07-09 01:08:04,825 [ERROR] LogOutputStream:75 - [STDERR_REDIRECT] [Fatal Error] :1:1: Premature end of file.
2026-07-09 01:08:04,825 [ERROR] LogOutputStream:75 - [STDERR_REDIRECT] 
2026-07-09 01:08:04,889 [ERROR] LogOutputStream:75 - [STDERR_REDIRECT] [Fatal Error] :1:1: Premature end of file.
2026-07-09 01:08:04,889 [ERROR] LogOutputStream:75 - [STDERR_REDIRECT] 
2026-07-09 01:08:04,972 [ERROR] LogOutputStream:75 - [STDERR_REDIRECT] [Fatal Error] :1:1: Premature end of file.
2026-07-09 01:08:04,972 [ERROR] LogOutputStream:75 - [STDERR_REDIRECT] 
2026-07-09 01:08:05,052 [ERROR] LogOutputStream:75 - [STDERR_REDIRECT] [Fatal Error] :1:1: Premature end of file.
2026-07-09 01:08:05,053 [ERROR] LogOutputStream:75 - [STDERR_REDIRECT] 
2026-07-09 01:08:05,145 [ERROR] LogOutputStream:75 - [STDERR_REDIRECT] [Fatal Error] :1:1: Premature end of file.
2026-07-09 01:08:05,145 [ERROR] LogOutputStream:75 - [STDERR_REDIRECT] 
2026-07-09 01:08:05,227 [ERROR] LogOutputStream:75 - [STDERR_REDIRECT] [Fatal Error] :1:1: Premature end of file.
2026-07-09 01:08:05,228 [ERROR] LogOutputStream:75 - [STDERR_REDIRECT] 
2026-07-09 01:08:05,317 [ERROR] LogOutputStream:75 - [STDERR_REDIRECT] [Fatal Error] :1:1: Premature end of file.
2026-07-09 01:08:05,318 [ERROR] LogOutputStream:75 - [STDERR_REDIRECT] 
2026-07-09 01:08:05,416 [ERROR] LogOutputStream:75 - [STDERR_REDIRECT] [Fatal Error] :1:1: Premature end of file.
2026-07-09 01:08:05,417 [ERROR] LogOutputStream:75 - [STDERR_REDIRECT] 
2026-07-09 01:08:05,567 [ERROR] LogOutputStream:75 - [STDERR_REDIRECT] [Fatal Error] :1:1: Premature end of file.
2026-07-09 01:08:05,567 [ERROR] LogOutputStream:75 - [STDERR_REDIRECT] 
2026-07-09 01:08:05,670 [ERROR] LogOutputStream:75 - [STDERR_REDIRECT] [Fatal Error] :1:1: Premature end of file.
2026-07-09 01:08:05,671 [ERROR] LogOutputStream:75 - [STDERR_REDIRECT] 
2026-07-09 01:08:05,756 [ERROR] LogOutputStream:75 - [STDERR_REDIRECT] [Fatal Error] :1:1: Premature end of file.
2026-07-09 01:08:05,757 [ERROR] LogOutputStream:75 - [STDERR_REDIRECT] 
2026-07-09 01:08:05,845 [ERROR] LogOutputStream:75 - [STDERR_REDIRECT] [Fatal Error] :1:1: Premature end of file.
2026-07-09 01:08:05,845 [ERROR] LogOutputStream:75 - [STDERR_REDIRECT] 
2026-07-09 01:08:05,904 [ERROR] LogOutputStream:75 - [STDERR_REDIRECT] [Fatal Error] :1:1: Premature end of file.
2026-07-09 01:08:05,904 [ERROR] LogOutputStream:75 - [STDERR_REDIRECT] 
2026-07-09 01:08:05,994 [ERROR] LogOutputStream:75 - [STDERR_REDIRECT] [Fatal Error] :1:1: Premature end of file.
2026-07-09 01:08:05,994 [ERROR] LogOutputStream:75 - [STDERR_REDIRECT] 
2026-07-09 01:08:06,056 [ERROR] LogOutputStream:75 - [STDERR_REDIRECT] [Fatal Error] :1:1: Premature end of file.
2026-07-09 01:08:06,057 [ERROR] LogOutputStream:75 - [STDERR_REDIRECT] 
2026-07-09 01:08:06,112 [ERROR] LogOutputStream:75 - [STDERR_REDIRECT] [Fatal Error] :1:1: Premature end of file.
2026-07-09 01:08:06,112 [ERROR] LogOutputStream:75 - [STDERR_REDIRECT] 
2026-07-09 01:08:06,189 [ERROR] LogOutputStream:75 - [STDERR_REDIRECT] [Fatal Error] :1:1: Premature end of file.
2026-07-09 01:08:06,189 [ERROR] LogOutputStream:75 - [STDERR_REDIRECT] 
2026-07-09 01:08:06,257 [ERROR] LogOutputStream:75 - [STDERR_REDIRECT] [Fatal Error] :1:1: Premature end of file.
2026-07-09 01:08:06,257 [ERROR] LogOutputStream:75 - [STDERR_REDIRECT] 
2026-07-09 01:08:06,334 [ERROR] LogOutputStream:75 - [STDERR_REDIRECT] [Fatal Error] :1:1: Premature end of file.
2026-07-09 01:08:06,334 [ERROR] LogOutputStream:75 - [STDERR_REDIRECT] 
2026-07-09 01:08:06,436 [ERROR] LogOutputStream:75 - [STDERR_REDIRECT] [Fatal Error] :1:1: Premature end of file.
2026-07-09 01:08:06,436 [ERROR] LogOutputStream:75 - [STDERR_REDIRECT] 
2026-07-09 01:08:07,003 [ERROR] LogOutputStream:75 - [STDERR_REDIRECT] [Fatal Error] :1:1: Premature end of file.
2026-07-09 01:08:07,003 [ERROR] LogOutputStream:75 - [STDERR_REDIRECT] 
2026-07-09 01:08:08,020 [ERROR] LogOutputStream:75 - [STDERR_REDIRECT] [Fatal Error] :1:1: Premature end of file.
2026-07-09 01:08:08,020 [ERROR] LogOutputStream:75 - [STDERR_REDIRECT] 
2026-07-09 01:08:09,035 [ERROR] LogOutputStream:75 - [STDERR_REDIRECT] [Fatal Error] :1:1: Premature end of file.
2026-07-09 01:08:09,036 [ERROR] LogOutputStream:75 - [STDERR_REDIRECT] 
2026-07-09 01:08:10,014 [ERROR] LogOutputStream:75 - [STDERR_REDIRECT] [Fatal Error] :1:1: Premature end of file.
2026-07-09 01:08:10,015 [ERROR] LogOutputStream:75 - [STDERR_REDIRECT] 
2026-07-09 01:08:11,005 [ERROR] LogOutputStream:75 - [STDERR_REDIRECT] [Fatal Error] :1:1: Premature end of file.
2026-07-09 01:08:11,005 [ERROR] LogOutputStream:75 - [STDERR_REDIRECT] 
2026-07-09 01:08:12,014 [ERROR] LogOutputStream:75 - [STDERR_REDIRECT] [Fatal Error] :1:1: Premature end of file.
2026-07-09 01:08:12,014 [ERROR] LogOutputStream:75 - [STDERR_REDIRECT] 
2026-07-09 01:08:13,021 [ERROR] LogOutputStream:75 - [STDERR_REDIRECT] [Fatal Error] :1:1: Premature end of file.
2026-07-09 01:08:13,021 [ERROR] LogOutputStream:75 - [STDERR_REDIRECT] 
2026-07-09 01:08:14,020 [ERROR] LogOutputStream:75 - [STDERR_REDIRECT] [Fatal Error] :1:1: Premature end of file.
2026-07-09 01:08:14,021 [ERROR] LogOutputStream:75 - [STDERR_REDIRECT] 
2026-07-09 01:08:15,009 [ERROR] LogOutputStream:75 - [STDERR_REDIRECT] [Fatal Error] :1:1: Premature end of file.
2026-07-09 01:08:15,009 [ERROR] LogOutputStream:75 - [STDERR_REDIRECT] 
2026-07-09 01:08:16,004 [ERROR] LogOutputStream:75 - [STDERR_REDIRECT] [Fatal Error] :1:1: Premature end of file.
2026-07-09 01:08:16,004 [ERROR] LogOutputStream:75 - [STDERR_REDIRECT] 
2026-07-09 01:08:17,001 [ERROR] LogOutputStream:75 - [STDERR_REDIRECT] [Fatal Error] :1:1: Premature end of file.
2026-07-09 01:08:17,001 [ERROR] LogOutputStream:75 - [STDERR_REDIRECT] 
2026-07-09 01:08:17,999 [ERROR] LogOutputStream:75 - [STDERR_REDIRECT] [Fatal Error] :1:1: Premature end of file.
2026-07-09 01:08:18,000 [ERROR] LogOutputStream:75 - [STDERR_REDIRECT] 
2026-07-09 01:08:19,002 [ERROR] LogOutputStream:75 - [STDERR_REDIRECT] [Fatal Error] :1:1: Premature end of file.
2026-07-09 01:08:19,002 [ERROR] LogOutputStream:75 - [STDERR_REDIRECT] 
2026-07-09 01:08:20,000 [ERROR] LogOutputStream:75 - [STDERR_REDIRECT] [Fatal Error] :1:1: Premature end of file.
2026-07-09 01:08:20,000 [ERROR] LogOutputStream:75 - [STDERR_REDIRECT] 
2026-07-09 01:08:21,001 [ERROR] LogOutputStream:75 - [STDERR_REDIRECT] [Fatal Error] :1:1: Premature end of file.
2026-07-09 01:08:21,001 [ERROR] LogOutputStream:75 - [STDERR_REDIRECT] 
2026-07-09 01:08:21,993 [ERROR] LogOutputStream:75 - [STDERR_REDIRECT] [Fatal Error] :1:1: Premature end of file.
2026-07-09 01:08:21,994 [ERROR] LogOutputStream:75 - [STDERR_REDIRECT] 
2026-07-09 01:08:22,995 [ERROR] LogOutputStream:75 - [STDERR_REDIRECT] [Fatal Error] :1:1: Premature end of file.
2026-07-09 01:08:22,995 [ERROR] LogOutputStream:75 - [STDERR_REDIRECT] 
2026-07-09 01:08:24,001 [ERROR] LogOutputStream:75 - [STDERR_REDIRECT] [Fatal Error] :1:1: Premature end of file.
2026-07-09 01:08:24,001 [ERROR] LogOutputStream:75 - [STDERR_REDIRECT] 
2026-07-09 01:08:24,995 [ERROR] LogOutputStream:75 - [STDERR_REDIRECT] [Fatal Error] :1:1: Premature end of file.
2026-07-09 01:08:24,995 [ERROR] LogOutputStream:75 - [STDERR_REDIRECT] 
2026-07-09 01:08:25,999 [ERROR] LogOutputStream:75 - [STDERR_REDIRECT] [Fatal Error] :1:1: Premature end of file.
2026-07-09 01:08:25,999 [ERROR] LogOutputStream:75 - [STDERR_REDIRECT] 
2026-07-09 01:08:27,013 [ERROR] LogOutputStream:75 - [STDERR_REDIRECT] [Fatal Error] :1:1: Premature end of file.
2026-07-09 01:08:27,013 [ERROR] LogOutputStream:75 - [STDERR_REDIRECT] 
2026-07-09 01:08:28,162 [ERROR] LogOutputStream:75 - [STDERR_REDIRECT] [Fatal Error] :1:1: Premature end of file.
2026-07-09 01:08:28,162 [ERROR] LogOutputStream:75 - [STDERR_REDIRECT] 
2026-07-09 01:08:28,993 [ERROR] LogOutputStream:75 - [STDERR_REDIRECT] [Fatal Error] :1:1: Premature end of file.
2026-07-09 01:08:28,993 [ERROR] LogOutputStream:75 - [STDERR_REDIRECT] 
2026-07-09 01:08:29,996 [ERROR] LogOutputStream:75 - [STDERR_REDIRECT] [Fatal Error] :1:1: Premature end of file.
2026-07-09 01:08:29,996 [ERROR] LogOutputStream:75 - [STDERR_REDIRECT] 
2026-07-09 01:08:30,995 [ERROR] LogOutputStream:75 - [STDERR_REDIRECT] [Fatal Error] :1:1: Premature end of file.
2026-07-09 01:08:30,995 [ERROR] LogOutputStream:75 - [STDERR_REDIRECT] 
2026-07-09 01:08:31,997 [ERROR] LogOutputStream:75 - [STDERR_REDIRECT] [Fatal Error] :1:1: Premature end of file.
2026-07-09 01:08:31,997 [ERROR] LogOutputStream:75 - [STDERR_REDIRECT] 
2026-07-09 01:08:32,999 [ERROR] LogOutputStream:75 - [STDERR_REDIRECT] [Fatal Error] :1:1: Premature end of file.
2026-07-09 01:08:32,999 [ERROR] LogOutputStream:75 - [STDERR_REDIRECT] 
2026-07-09 01:08:33,996 [ERROR] LogOutputStream:75 - [STDERR_REDIRECT] [Fatal Error] :1:1: Premature end of file.
2026-07-09 01:08:33,996 [ERROR] LogOutputStream:75 - [STDERR_REDIRECT] 
2026-07-09 01:08:35,002 [ERROR] LogOutputStream:75 - [STDERR_REDIRECT] [Fatal Error] :1:1: Premature end of file.
2026-07-09 01:08:35,002 [ERROR] LogOutputStream:75 - [STDERR_REDIRECT] 
2026-07-09 01:08:35,995 [ERROR] LogOutputStream:75 - [STDERR_REDIRECT] [Fatal Error] :1:1: Premature end of file.
2026-07-09 01:08:35,995 [ERROR] LogOutputStream:75 - [STDERR_REDIRECT] 
2026-07-09 01:08:36,995 [ERROR] LogOutputStream:75 - [STDERR_REDIRECT] [Fatal Error] :1:1: Premature end of file.
2026-07-09 01:08:36,995 [ERROR] LogOutputStream:75 - [STDERR_REDIRECT] 
2026-07-09 01:08:38,014 [ERROR] LogOutputStream:75 - [STDERR_REDIRECT] [Fatal Error] :1:1: Premature end of file.
2026-07-09 01:08:38,014 [ERROR] LogOutputStream:75 - [STDERR_REDIRECT] 
2026-07-09 01:08:38,996 [ERROR] LogOutputStream:75 - [STDERR_REDIRECT] [Fatal Error] :1:1: Premature end of file.
2026-07-09 01:08:38,996 [ERROR] LogOutputStream:75 - [STDERR_REDIRECT] 
2026-07-09 01:08:40,017 [ERROR] LogOutputStream:75 - [STDERR_REDIRECT] [Fatal Error] :1:1: Premature end of file.
2026-07-09 01:08:40,017 [ERROR] LogOutputStream:75 - [STDERR_REDIRECT] 
2026-07-09 01:08:41,017 [ERROR] LogOutputStream:75 - [STDERR_REDIRECT] [Fatal Error] :1:1: Premature end of file.
2026-07-09 01:08:41,017 [ERROR] LogOutputStream:75 - [STDERR_REDIRECT] 
2026-07-09 01:08:41,999 [ERROR] LogOutputStream:75 - [STDERR_REDIRECT] [Fatal Error] :1:1: Premature end of file.
2026-07-09 01:08:41,999 [ERROR] LogOutputStream:75 - [STDERR_REDIRECT] 
2026-07-09 01:08:43,000 [ERROR] LogOutputStream:75 - [STDERR_REDIRECT] [Fatal Error] :1:1: Premature end of file.
2026-07-09 01:08:43,000 [ERROR] LogOutputStream:75 - [STDERR_REDIRECT] 
2026-07-09 01:08:43,995 [ERROR] LogOutputStream:75 - [STDERR_REDIRECT] [Fatal Error] :1:1: Premature end of file.
2026-07-09 01:08:43,995 [ERROR] LogOutputStream:75 - [STDERR_REDIRECT] 
2026-07-09 01:08:44,995 [ERROR] LogOutputStream:75 - [STDERR_REDIRECT] [Fatal Error] :1:1: Premature end of file.
2026-07-09 01:08:44,995 [ERROR] LogOutputStream:75 - [STDERR_REDIRECT] 
2026-07-09 01:08:45,994 [ERROR] LogOutputStream:75 - [STDERR_REDIRECT] [Fatal Error] :1:1: Premature end of file.
2026-07-09 01:08:45,994 [ERROR] LogOutputStream:75 - [STDERR_REDIRECT] 
2026-07-09 01:08:46,994 [ERROR] LogOutputStream:75 - [STDERR_REDIRECT] [Fatal Error] :1:1: Premature end of file.
2026-07-09 01:08:46,995 [ERROR] LogOutputStream:75 - [STDERR_REDIRECT] 
2026-07-09 01:08:47,991 [ERROR] LogOutputStream:75 - [STDERR_REDIRECT] [Fatal Error] :1:1: Premature end of file.
2026-07-09 01:08:47,991 [ERROR] LogOutputStream:75 - [STDERR_REDIRECT] 
2026-07-09 01:08:48,997 [ERROR] LogOutputStream:75 - [STDERR_REDIRECT] [Fatal Error] :1:1: Premature end of file.
2026-07-09 01:08:48,997 [ERROR] LogOutputStream:75 - [STDERR_REDIRECT] 
2026-07-09 01:08:50,002 [ERROR] LogOutputStream:75 - [STDERR_REDIRECT] [Fatal Error] :1:1: Premature end of file.
2026-07-09 01:08:50,002 [ERROR] LogOutputStream:75 - [STDERR_REDIRECT] 
2026-07-09 01:08:51,017 [ERROR] LogOutputStream:75 - [STDERR_REDIRECT] [Fatal Error] :1:1: Premature end of file.
2026-07-09 01:08:51,017 [ERROR] LogOutputStream:75 - [STDERR_REDIRECT] 
2026-07-09 01:08:51,993 [ERROR] LogOutputStream:75 - [STDERR_REDIRECT] [Fatal Error] :1:1: Premature end of file.
2026-07-09 01:08:51,993 [ERROR] LogOutputStream:75 - [STDERR_REDIRECT] 
2026-07-09 01:08:53,000 [ERROR] LogOutputStream:75 - [STDERR_REDIRECT] [Fatal Error] :1:1: Premature end of file.
2026-07-09 01:08:53,000 [ERROR] LogOutputStream:75 - [STDERR_REDIRECT] 
2026-07-09 01:08:53,993 [ERROR] LogOutputStream:75 - [STDERR_REDIRECT] [Fatal Error] :1:1: Premature end of file.
2026-07-09 01:08:53,993 [ERROR] LogOutputStream:75 - [STDERR_REDIRECT] 
2026-07-09 01:08:55,017 [ERROR] LogOutputStream:75 - [STDERR_REDIRECT] [Fatal Error] :1:1: Premature end of file.
2026-07-09 01:08:55,017 [ERROR] LogOutputStream:75 - [STDERR_REDIRECT] 
2026-07-09 01:08:56,071 [ERROR] LogOutputStream:75 - [STDERR_REDIRECT] [Fatal Error] :1:1: Premature end of file.
2026-07-09 01:08:56,071 [ERROR] LogOutputStream:75 - [STDERR_REDIRECT] 
2026-07-09 01:08:56,999 [ERROR] LogOutputStream:75 - [STDERR_REDIRECT] [Fatal Error] :1:1: Premature end of file.
2026-07-09 01:08:56,999 [ERROR] LogOutputStream:75 - [STDERR_REDIRECT] 
2026-07-09 01:08:58,004 [ERROR] LogOutputStream:75 - [STDERR_REDIRECT] [Fatal Error] :1:1: Premature end of file.
2026-07-09 01:08:58,004 [ERROR] LogOutputStream:75 - [STDERR_REDIRECT] 
2026-07-09 01:08:59,002 [ERROR] LogOutputStream:75 - [STDERR_REDIRECT] [Fatal Error] :1:1: Premature end of file.
2026-07-09 01:08:59,002 [ERROR] LogOutputStream:75 - [STDERR_REDIRECT] 
2026-07-09 01:08:59,995 [ERROR] LogOutputStream:75 - [STDERR_REDIRECT] [Fatal Error] :1:1: Premature end of file.
2026-07-09 01:08:59,996 [ERROR] LogOutputStream:75 - [STDERR_REDIRECT] 
2026-07-09 01:09:01,019 [ERROR] LogOutputStream:75 - [STDERR_REDIRECT] [Fatal Error] :1:1: Premature end of file.
2026-07-09 01:09:01,019 [ERROR] LogOutputStream:75 - [STDERR_REDIRECT] 
2026-07-09 01:09:02,014 [ERROR] LogOutputStream:75 - [STDERR_REDIRECT] [Fatal Error] :1:1: Premature end of file.
2026-07-09 01:09:02,014 [ERROR] LogOutputStream:75 - [STDERR_REDIRECT] 
2026-07-09 01:09:02,996 [ERROR] LogOutputStream:75 - [STDERR_REDIRECT] [Fatal Error] :1:1: Premature end of file.
2026-07-09 01:09:02,996 [ERROR] LogOutputStream:75 - [STDERR_REDIRECT] 
2026-07-09 01:09:04,006 [ERROR] LogOutputStream:75 - [STDERR_REDIRECT] [Fatal Error] :1:1: Premature end of file.
2026-07-09 01:09:04,006 [ERROR] LogOutputStream:75 - [STDERR_REDIRECT] 
2026-07-09 01:09:04,997 [ERROR] LogOutputStream:75 - [STDERR_REDIRECT] [Fatal Error] :1:1: Premature end of file.
2026-07-09 01:09:04,998 [ERROR] LogOutputStream:75 - [STDERR_REDIRECT] 
2026-07-09 01:09:05,997 [ERROR] LogOutputStream:75 - [STDERR_REDIRECT] [Fatal Error] :1:1: Premature end of file.
2026-07-09 01:09:05,997 [ERROR] LogOutputStream:75 - [STDERR_REDIRECT] 
2026-07-09 01:09:06,995 [ERROR] LogOutputStream:75 - [STDERR_REDIRECT] [Fatal Error] :1:1: Premature end of file.
2026-07-09 01:09:06,995 [ERROR] LogOutputStream:75 - [STDERR_REDIRECT] 
2026-07-09 01:09:07,994 [ERROR] LogOutputStream:75 - [STDERR_REDIRECT] [Fatal Error] :1:1: Premature end of file.
2026-07-09 01:09:07,994 [ERROR] LogOutputStream:75 - [STDERR_REDIRECT] 
2026-07-09 01:09:08,994 [ERROR] LogOutputStream:75 - [STDERR_REDIRECT] [Fatal Error] :1:1: Premature end of file.
2026-07-09 01:09:08,994 [ERROR] LogOutputStream:75 - [STDERR_REDIRECT] 
2026-07-09 01:09:09,994 [ERROR] LogOutputStream:75 - [STDERR_REDIRECT] [Fatal Error] :1:1: Premature end of file.
2026-07-09 01:09:09,994 [ERROR] LogOutputStream:75 - [STDERR_REDIRECT] 
2026-07-09 01:09:10,999 [ERROR] LogOutputStream:75 - [STDERR_REDIRECT] [Fatal Error] :1:1: Premature end of file.
2026-07-09 01:09:10,999 [ERROR] LogOutputStream:75 - [STDERR_REDIRECT] 
2026-07-09 01:09:11,994 [ERROR] LogOutputStream:75 - [STDERR_REDIRECT] [Fatal Error] :1:1: Premature end of file.
2026-07-09 01:09:11,994 [ERROR] LogOutputStream:75 - [STDERR_REDIRECT] 
2026-07-09 01:09:12,992 [ERROR] LogOutputStream:75 - [STDERR_REDIRECT] [Fatal Error] :1:1: Premature end of file.
2026-07-09 01:09:12,992 [ERROR] LogOutputStream:75 - [STDERR_REDIRECT] 
2026-07-09 01:09:13,999 [ERROR] LogOutputStream:75 - [STDERR_REDIRECT] [Fatal Error] :1:1: Premature end of file.
2026-07-09 01:09:13,999 [ERROR] LogOutputStream:75 - [STDERR_REDIRECT] 
2026-07-09 01:09:14,992 [ERROR] LogOutputStream:75 - [STDERR_REDIRECT] [Fatal Error] :1:1: Premature end of file.
2026-07-09 01:09:14,992 [ERROR] LogOutputStream:75 - [STDERR_REDIRECT] 
2026-07-09 01:09:15,995 [ERROR] LogOutputStream:75 - [STDERR_REDIRECT] [Fatal Error] :1:1: Premature end of file.
2026-07-09 01:09:15,996 [ERROR] LogOutputStream:75 - [STDERR_REDIRECT] 
2026-07-09 01:09:17,597 [ERROR] LogOutputStream:75 - [STDERR_REDIRECT] [Fatal Error] :1:1: Premature end of file.
2026-07-09 01:09:17,598 [ERROR] LogOutputStream:75 - [STDERR_REDIRECT] 
2026-07-09 01:50:01,678 [ERROR] LogOutputStream:75 - [STDERR_REDIRECT] [Fatal Error] :1:1: Premature end of file.
2026-07-09 01:50:01,678 [ERROR] LogOutputStream:75 - [STDERR_REDIRECT] 
2026-07-09 01:50:01,700 [INFO] WebApp:194 - Connection lost
2026-07-09 01:50:02,132 [ERROR] LogOutputStream:75 - [STDERR_REDIRECT] [Fatal Error] :1:1: Premature end of file.
2026-07-09 01:50:02,132 [ERROR] LogOutputStream:75 - [STDERR_REDIRECT] 
2026-07-09 01:50:02,359 [ERROR] LogOutputStream:75 - [STDERR_REDIRECT] [Fatal Error] :1:1: Premature end of file.
2026-07-09 01:50:02,359 [ERROR] LogOutputStream:75 - [STDERR_REDIRECT] 
2026-07-09 01:50:02,493 [ERROR] LogOutputStream:75 - [STDERR_REDIRECT] [Fatal Error] :1:1: Premature end of file.
2026-07-09 01:50:02,493 [ERROR] LogOutputStream:75 - [STDERR_REDIRECT] 
2026-07-09 01:50:02,638 [ERROR] LogOutputStream:75 - [STDERR_REDIRECT] [Fatal Error] :1:1: Premature end of file.
2026-07-09 01:50:02,638 [ERROR] LogOutputStream:75 - [STDERR_REDIRECT] 
2026-07-09 01:50:02,841 [ERROR] LogOutputStream:75 - [STDERR_REDIRECT] [Fatal Error] :1:1: Premature end of file.
2026-07-09 01:50:02,841 [ERROR] LogOutputStream:75 - [STDERR_REDIRECT] 
2026-07-09 01:50:03,069 [ERROR] LogOutputStream:75 - [STDERR_REDIRECT] [Fatal Error] :1:1: Premature end of file.
2026-07-09 01:50:03,070 [ERROR] LogOutputStream:75 - [STDERR_REDIRECT] 
2026-07-09 01:50:03,212 [ERROR] LogOutputStream:75 - [STDERR_REDIRECT] [Fatal Error] :1:1: Premature end of file.
2026-07-09 01:50:03,213 [ERROR] LogOutputStream:75 - [STDERR_REDIRECT] 
2026-07-09 01:50:03,589 [ERROR] LogOutputStream:75 - [STDERR_REDIRECT] [Fatal Error] :1:1: Premature end of file.
2026-07-09 01:50:03,589 [ERROR] LogOutputStream:75 - [STDERR_REDIRECT] 
2026-07-09 01:50:03,807 [ERROR] LogOutputStream:75 - [STDERR_REDIRECT] [Fatal Error] :1:1: Premature end of file.
2026-07-09 01:50:03,807 [ERROR] LogOutputStream:75 - [STDERR_REDIRECT] 
2026-07-09 01:50:03,965 [ERROR] LogOutputStream:75 - [STDERR_REDIRECT] [Fatal Error] :1:1: Premature end of file.
2026-07-09 01:50:03,965 [ERROR] LogOutputStream:75 - [STDERR_REDIRECT] 
2026-07-09 01:50:04,142 [ERROR] LogOutputStream:75 - [STDERR_REDIRECT] [Fatal Error] :1:1: Premature end of file.
2026-07-09 01:50:04,142 [ERROR] LogOutputStream:75 - [STDERR_REDIRECT] 
2026-07-09 01:50:04,325 [ERROR] LogOutputStream:75 - [STDERR_REDIRECT] [Fatal Error] :1:1: Premature end of file.
2026-07-09 01:50:04,325 [ERROR] LogOutputStream:75 - [STDERR_REDIRECT] 
2026-07-09 01:50:04,506 [ERROR] LogOutputStream:75 - [STDERR_REDIRECT] [Fatal Error] :1:1: Premature end of file.
2026-07-09 01:50:04,507 [ERROR] LogOutputStream:75 - [STDERR_REDIRECT] 
2026-07-09 01:50:04,841 [ERROR] LogOutputStream:75 - [STDERR_REDIRECT] [Fatal Error] :1:1: Premature end of file.
2026-07-09 01:50:04,841 [ERROR] LogOutputStream:75 - [STDERR_REDIRECT] 
2026-07-09 01:50:04,964 [ERROR] LogOutputStream:75 - [STDERR_REDIRECT] [Fatal Error] :1:1: Premature end of file.
2026-07-09 01:50:04,964 [ERROR] LogOutputStream:75 - [STDERR_REDIRECT] 
2026-07-09 01:50:05,183 [ERROR] LogOutputStream:75 - [STDERR_REDIRECT] [Fatal Error] :1:1: Premature end of file.
2026-07-09 01:50:05,183 [ERROR] LogOutputStream:75 - [STDERR_REDIRECT] 
2026-07-09 01:50:05,491 [ERROR] LogOutputStream:75 - [STDERR_REDIRECT] [Fatal Error] :1:1: Premature end of file.
2026-07-09 01:50:05,491 [ERROR] LogOutputStream:75 - [STDERR_REDIRECT] 
2026-07-09 01:50:08,044 [ERROR] LogOutputStream:75 - [STDERR_REDIRECT] [Fatal Error] :1:1: Premature end of file.
2026-07-09 01:50:08,044 [ERROR] LogOutputStream:75 - [STDERR_REDIRECT] 
2026-07-09 01:50:08,421 [INFO] WebApp:191 - Connection restablished
2026-07-09 01:50:08,511 [INFO] WebApp:194 - Connection lost
2026-07-09 01:50:09,056 [INFO] WebApp:191 - Connection restablished
2026-07-09 01:50:11,388 [ERROR] LogOutputStream:75 - [STDERR_REDIRECT] [Fatal Error] :1:1: Premature end of file.
2026-07-09 01:50:11,388 [ERROR] LogOutputStream:75 - [STDERR_REDIRECT] 
2026-07-09 01:50:11,975 [INFO] WebApp:194 - Connection lost
2026-07-09 01:50:14,243 [INFO] WebApp:191 - Connection restablished
2026-07-09 01:50:19,167 [ERROR] LogOutputStream:75 - [STDERR_REDIRECT] [Fatal Error] :1:1: Premature end of file.
2026-07-09 01:50:19,167 [ERROR] LogOutputStream:75 - [STDERR_REDIRECT] 
2026-07-09 01:50:25,945 [ERROR] LogOutputStream:75 - [STDERR_REDIRECT] [Fatal Error] :1:1: Premature end of file.
2026-07-09 01:50:25,946 [ERROR] LogOutputStream:75 - [STDERR_REDIRECT] 
2026-07-09 01:50:34,932 [ERROR] LogOutputStream:75 - [STDERR_REDIRECT] [Fatal Error] :1:1: Premature end of file.
2026-07-09 01:50:34,932 [ERROR] LogOutputStream:75 - [STDERR_REDIRECT] 
2026-07-09 01:50:46,860 [ERROR] LogOutputStream:75 - [STDERR_REDIRECT] [Fatal Error] :1:1: Premature end of file.
2026-07-09 01:50:46,860 [ERROR] LogOutputStream:75 - [STDERR_REDIRECT] 
2026-07-09 01:50:49,035 [ERROR] LogOutputStream:75 - [STDERR_REDIRECT] [Fatal Error] :1:1: Premature end of file.
2026-07-09 01:50:49,035 [ERROR] LogOutputStream:75 - [STDERR_REDIRECT] 
2026-07-09 01:50:50,532 [ERROR] LogOutputStream:75 - [STDERR_REDIRECT] [Fatal Error] :1:1: Premature end of file.
2026-07-09 01:50:50,532 [ERROR] LogOutputStream:75 - [STDERR_REDIRECT] 
2026-07-09 01:50:51,177 [ERROR] LogOutputStream:75 - [STDERR_REDIRECT] [Fatal Error] :1:1: Premature end of file.
2026-07-09 01:50:51,177 [ERROR] LogOutputStream:75 - [STDERR_REDIRECT] 
2026-07-09 01:50:51,880 [ERROR] LogOutputStream:75 - [STDERR_REDIRECT] [Fatal Error] :1:1: Premature end of file.
2026-07-09 01:50:51,880 [ERROR] LogOutputStream:75 - [STDERR_REDIRECT] 
2026-07-09 01:50:52,717 [ERROR] LogOutputStream:75 - [STDERR_REDIRECT] [Fatal Error] :1:1: Premature end of file.
2026-07-09 01:50:52,717 [ERROR] LogOutputStream:75 - [STDERR_REDIRECT] 
2026-07-09 01:50:53,419 [ERROR] LogOutputStream:75 - [STDERR_REDIRECT] [Fatal Error] :1:1: Premature end of file.
2026-07-09 01:50:53,420 [ERROR] LogOutputStream:75 - [STDERR_REDIRECT] 
2026-07-09 01:50:54,447 [ERROR] LogOutputStream:75 - [STDERR_REDIRECT] [Fatal Error] :1:1: Premature end of file.
2026-07-09 01:50:54,447 [ERROR] LogOutputStream:75 - [STDERR_REDIRECT] 
2026-07-09 01:50:54,845 [ERROR] LogOutputStream:75 - [STDERR_REDIRECT] [Fatal Error] :1:1: Premature end of file.
2026-07-09 01:50:54,845 [ERROR] LogOutputStream:75 - [STDERR_REDIRECT] 
2026-07-09 01:50:55,298 [ERROR] LogOutputStream:75 - [STDERR_REDIRECT] [Fatal Error] :1:1: Premature end of file.
2026-07-09 01:50:55,298 [ERROR] LogOutputStream:75 - [STDERR_REDIRECT] 
2026-07-09 01:50:55,838 [ERROR] LogOutputStream:75 - [STDERR_REDIRECT] [Fatal Error] :1:1: Premature end of file.
2026-07-09 01:50:55,839 [ERROR] LogOutputStream:75 - [STDERR_REDIRECT] 
2026-07-09 01:50:55,941 [ERROR] LogOutputStream:75 - [STDERR_REDIRECT] Exception in thread "Serial Ports Filter" java.lang.NullPointerException: Cannot invoke "org.eclipse.core.resources.ResourcesPlugin.getLog()" because the return value of "org.eclipse.core.resources.ResourcesPlugin.getPlugin()" is null
2026-07-09 01:50:55,943 [ERROR] LogOutputStream:75 - [STDERR_REDIRECT] 	at com.st.stm32cube.common.logger.MCULoggerPlugin.log(MCULoggerPlugin.java:84)
2026-07-09 01:50:55,959 [ERROR] LogOutputStream:75 - [STDERR_REDIRECT] 	at com.st.stm32cube.common.logger.MCULoggerPlugin.logException(MCULoggerPlugin.java:116)
2026-07-09 01:50:55,980 [ERROR] LogOutputStream:75 - [STDERR_REDIRECT] 	at com.st.stm32cube.ide.mpu.remote.serial.internal.SerialPortProviderWindows.run(SerialPortProviderWindows.java:156)
2026-07-09 01:50:55,991 [ERROR] LogOutputStream:75 - [STDERR_REDIRECT] 	at java.base/java.util.TimerThread.mainLoop(Timer.java:566)
2026-07-09 01:50:56,010 [ERROR] LogOutputStream:75 - [STDERR_REDIRECT] 	at java.base/java.util.TimerThread.run(Timer.java:516)
2026-07-09 01:50:59,390 [ERROR] LogOutputStream:75 - [STDERR_REDIRECT] 
